authority,month,coverage_status,exact_rows,exact_new_rows,exact_renewal_rows,exact_restaurant_rows,retrospective_rows,retrospective_restaurant_rows,basis
愛媛県,2021-12,partial_retrospective,0,0,0,0,379,251,"2026-08-31 all-facilities snapshot can retrospectively identify surviving/listed records, but is not a complete monthly event archive"
愛媛県,2022-01,partial_retrospective,0,0,0,0,79,48,"2026-08-31 all-facilities snapshot can retrospectively identify surviving/listed records, but is not a complete monthly event archive"
愛媛県,2022-02,partial_retrospective,0,0,0,0,115,80,"2026-08-31 all-facilities snapshot can retrospectively identify surviving/listed records, but is not a complete monthly event archive"
愛媛県,2022-03,partial_retrospective,0,0,0,0,341,207,"2026-08-31 all-facilities snapshot can retrospectively identify surviving/listed records, but is not a complete monthly event archive"
愛媛県,2022-04,partial_retrospective,0,0,0,0,77,49,"2026-08-31 all-facilities snapshot can retrospectively identify surviving/listed records, but is not a complete monthly event archive"
愛媛県,2022-05,partial_retrospective,0,0,0,0,113,82,"2026-08-31 all-facilities snapshot can retrospectively identify surviving/listed records, but is not a complete monthly event archive"
愛媛県,2022-06,partial_retrospective,0,0,0,0,376,224,"2026-08-31 all-facilities snapshot can retrospectively identify surviving/listed records, but is not a complete monthly event archive"
愛媛県,2022-07,partial_retrospective,0,0,0,0,77,54,"2026-08-31 all-facilities snapshot can retrospectively identify surviving/listed records, but is not a complete monthly event archive"
愛媛県,2022-08,partial_retrospective,0,0,0,0,159,122,"2026-08-31 all-facilities snapshot can retrospectively identify surviving/listed records, but is not a complete monthly event archive"
愛媛県,2022-09,partial_retrospective,0,0,0,0,290,189,"2026-08-31 all-facilities snapshot can retrospectively identify surviving/listed records, but is not a complete monthly event archive"
愛媛県,2022-10,partial_retrospective,0,0,0,0,103,73,"2026-08-31 all-facilities snapshot can retrospectively identify surviving/listed records, but is not a complete monthly event archive"
愛媛県,2022-11,partial_retrospective,0,0,0,0,115,85,"2026-08-31 all-facilities snapshot can retrospectively identify surviving/listed records, but is not a complete monthly event archive"
愛媛県,2022-12,partial_retrospective,0,0,0,0,410,259,"2026-08-31 all-facilities snapshot can retrospectively identify surviving/listed records, but is not a complete monthly event archive"
愛媛県,2023-01,partial_retrospective,0,0,0,0,96,68,"2026-08-31 all-facilities snapshot can retrospectively identify surviving/listed records, but is not a complete monthly event archive"
愛媛県,2023-02,partial_retrospective,0,0,0,0,95,69,"2026-08-31 all-facilities snapshot can retrospectively identify surviving/listed records, but is not a complete monthly event archive"
愛媛県,2023-03,partial_retrospective,0,0,0,0,402,248,"2026-08-31 all-facilities snapshot can retrospectively identify surviving/listed records, but is not a complete monthly event archive"
愛媛県,2023-04,partial_retrospective,0,0,0,0,109,89,"2026-08-31 all-facilities snapshot can retrospectively identify surviving/listed records, but is not a complete monthly event archive"
愛媛県,2023-05,partial_retrospective,0,0,0,0,117,86,"2026-08-31 all-facilities snapshot can retrospectively identify surviving/listed records, but is not a complete monthly event archive"
愛媛県,2023-06,partial_retrospective,0,0,0,0,416,266,"2026-08-31 all-facilities snapshot can retrospectively identify surviving/listed records, but is not a complete monthly event archive"
愛媛県,2023-07,partial_retrospective,0,0,0,0,88,64,"2026-08-31 all-facilities snapshot can retrospectively identify surviving/listed records, but is not a complete monthly event archive"
愛媛県,2023-08,partial_retrospective,0,0,0,0,95,62,"2026-08-31 all-facilities snapshot can retrospectively identify surviving/listed records, but is not a complete monthly event archive"
愛媛県,2023-09,partial_retrospective,0,0,0,0,341,220,"2026-08-31 all-facilities snapshot can retrospectively identify surviving/listed records, but is not a complete monthly event archive"
愛媛県,2023-10,partial_retrospective,0,0,0,0,83,61,"2026-08-31 all-facilities snapshot can retrospectively identify surviving/listed records, but is not a complete monthly event archive"
愛媛県,2023-11,partial_retrospective,0,0,0,0,134,71,"2026-08-31 all-facilities snapshot can retrospectively identify surviving/listed records, but is not a complete monthly event archive"
愛媛県,2023-12,partial_retrospective,0,0,0,0,363,215,"2026-08-31 all-facilities snapshot can retrospectively identify surviving/listed records, but is not a complete monthly event archive"
愛媛県,2024-01,partial_retrospective,0,0,0,0,77,50,"2026-08-31 all-facilities snapshot can retrospectively identify surviving/listed records, but is not a complete monthly event archive"
愛媛県,2024-02,partial_retrospective,0,0,0,0,94,65,"2026-08-31 all-facilities snapshot can retrospectively identify surviving/listed records, but is not a complete monthly event archive"
愛媛県,2024-03,partial_retrospective,0,0,0,0,380,229,"2026-08-31 all-facilities snapshot can retrospectively identify surviving/listed records, but is not a complete monthly event archive"
愛媛県,2024-04,partial_retrospective,0,0,0,0,127,77,"2026-08-31 all-facilities snapshot can retrospectively identify surviving/listed records, but is not a complete monthly event archive"
愛媛県,2024-05,partial_retrospective,0,0,0,0,175,87,"2026-08-31 all-facilities snapshot can retrospectively identify surviving/listed records, but is not a complete monthly event archive"
愛媛県,2024-06,partial_retrospective,0,0,0,0,356,238,"2026-08-31 all-facilities snapshot can retrospectively identify surviving/listed records, but is not a complete monthly event archive"
愛媛県,2024-07,partial_retrospective,0,0,0,0,80,57,"2026-08-31 all-facilities snapshot can retrospectively identify surviving/listed records, but is not a complete monthly event archive"
愛媛県,2024-08,partial_retrospective,0,0,0,0,128,82,"2026-08-31 all-facilities snapshot can retrospectively identify surviving/listed records, but is not a complete monthly event archive"
愛媛県,2024-09,partial_retrospective,0,0,0,0,328,226,"2026-08-31 all-facilities snapshot can retrospectively identify surviving/listed records, but is not a complete monthly event archive"
愛媛県,2024-10,partial_retrospective,0,0,0,0,66,48,"2026-08-31 all-facilities snapshot can retrospectively identify surviving/listed records, but is not a complete monthly event archive"
愛媛県,2024-11,partial_retrospective,0,0,0,0,107,76,"2026-08-31 all-facilities snapshot can retrospectively identify surviving/listed records, but is not a complete monthly event archive"
愛媛県,2024-12,partial_retrospective,0,0,0,0,275,194,"2026-08-31 all-facilities snapshot can retrospectively identify surviving/listed records, but is not a complete monthly event archive"
愛媛県,2025-01,partial_retrospective,0,0,0,0,48,33,"2026-08-31 all-facilities snapshot can retrospectively identify surviving/listed records, but is not a complete monthly event archive"
愛媛県,2025-02,partial_retrospective,0,0,0,0,88,67,"2026-08-31 all-facilities snapshot can retrospectively identify surviving/listed records, but is not a complete monthly event archive"
愛媛県,2025-03,partial_retrospective,0,0,0,0,331,226,"2026-08-31 all-facilities snapshot can retrospectively identify surviving/listed records, but is not a complete monthly event archive"
愛媛県,2025-04,partial_retrospective,0,0,0,0,71,56,"2026-08-31 all-facilities snapshot can retrospectively identify surviving/listed records, but is not a complete monthly event archive"
愛媛県,2025-05,partial_retrospective,0,0,0,0,111,79,"2026-08-31 all-facilities snapshot can retrospectively identify surviving/listed records, but is not a complete monthly event archive"
愛媛県,2025-06,partial_retrospective,0,0,0,0,310,204,"2026-08-31 all-facilities snapshot can retrospectively identify surviving/listed records, but is not a complete monthly event archive"
愛媛県,2025-07,partial_retrospective,0,0,0,0,65,46,"2026-08-31 all-facilities snapshot can retrospectively identify surviving/listed records, but is not a complete monthly event archive"
愛媛県,2025-08,partial_retrospective,0,0,0,0,84,60,"2026-08-31 all-facilities snapshot can retrospectively identify surviving/listed records, but is not a complete monthly event archive"
愛媛県,2025-09,partial_retrospective,0,0,0,0,274,175,"2026-08-31 all-facilities snapshot can retrospectively identify surviving/listed records, but is not a complete monthly event archive"
愛媛県,2025-10,partial_retrospective,0,0,0,0,69,52,"2026-08-31 all-facilities snapshot can retrospectively identify surviving/listed records, but is not a complete monthly event archive"
愛媛県,2025-11,partial_retrospective,0,0,0,0,88,53,"2026-08-31 all-facilities snapshot can retrospectively identify surviving/listed records, but is not a complete monthly event archive"
愛媛県,2025-12,partial_retrospective,0,0,0,0,367,235,"2026-08-31 all-facilities snapshot can retrospectively identify surviving/listed records, but is not a complete monthly event archive"
愛媛県,2026-01,partial_retrospective,0,0,0,0,55,41,"2026-08-31 all-facilities snapshot can retrospectively identify surviving/listed records, but is not a complete monthly event archive"
愛媛県,2026-02,partial_retrospective,0,0,0,0,113,66,"2026-08-31 all-facilities snapshot can retrospectively identify surviving/listed records, but is not a complete monthly event archive"
愛媛県,2026-03,partial_retrospective,0,0,0,0,344,225,"2026-08-31 all-facilities snapshot can retrospectively identify surviving/listed records, but is not a complete monthly event archive"
愛媛県,2026-04,partial_retrospective,0,0,0,0,77,59,"2026-08-31 all-facilities snapshot can retrospectively identify surviving/listed records, but is not a complete monthly event archive"
愛媛県,2026-05,partial_retrospective,0,0,0,0,67,50,"2026-08-31 all-facilities snapshot can retrospectively identify surviving/listed records, but is not a complete monthly event archive"
愛媛県,2026-06,partial_retrospective,0,0,0,0,173,118,"2026-08-31 all-facilities snapshot can retrospectively identify surviving/listed records, but is not a complete monthly event archive"
愛媛県,2026-07,partial_retrospective,0,0,0,0,82,57,"2026-08-31 all-facilities snapshot can retrospectively identify surviving/listed records, but is not a complete monthly event archive"
愛媛県,2026-08,complete_exact_monthly,57,57,0,41,57,41,published monthly/new-or-renewal source recovered and parsed
松山市,2021-12,partial_retrospective,0,0,0,0,186,138,"2026-03-31 all-facilities snapshot can retrospectively identify surviving/listed records, but is not a complete monthly event archive"
松山市,2022-01,partial_retrospective,0,0,0,0,48,39,"2026-03-31 all-facilities snapshot can retrospectively identify surviving/listed records, but is not a complete monthly event archive"
松山市,2022-02,partial_retrospective,0,0,0,0,120,95,"2026-03-31 all-facilities snapshot can retrospectively identify surviving/listed records, but is not a complete monthly event archive"
松山市,2022-03,partial_retrospective,0,0,0,0,154,120,"2026-03-31 all-facilities snapshot can retrospectively identify surviving/listed records, but is not a complete monthly event archive"
松山市,2022-04,partial_retrospective,0,0,0,0,70,49,"2026-03-31 all-facilities snapshot can retrospectively identify surviving/listed records, but is not a complete monthly event archive"
松山市,2022-05,partial_retrospective,0,0,0,0,132,107,"2026-03-31 all-facilities snapshot can retrospectively identify surviving/listed records, but is not a complete monthly event archive"
松山市,2022-06,partial_retrospective,0,0,0,0,159,118,"2026-03-31 all-facilities snapshot can retrospectively identify surviving/listed records, but is not a complete monthly event archive"
松山市,2022-07,partial_retrospective,0,0,0,0,80,59,"2026-03-31 all-facilities snapshot can retrospectively identify surviving/listed records, but is not a complete monthly event archive"
松山市,2022-08,partial_retrospective,0,0,0,0,129,99,"2026-03-31 all-facilities snapshot can retrospectively identify surviving/listed records, but is not a complete monthly event archive"
松山市,2022-09,partial_retrospective,0,0,0,0,144,113,"2026-03-31 all-facilities snapshot can retrospectively identify surviving/listed records, but is not a complete monthly event archive"
松山市,2022-10,partial_retrospective,0,0,0,0,64,57,"2026-03-31 all-facilities snapshot can retrospectively identify surviving/listed records, but is not a complete monthly event archive"
松山市,2022-11,partial_retrospective,0,0,0,0,177,132,"2026-03-31 all-facilities snapshot can retrospectively identify surviving/listed records, but is not a complete monthly event archive"
松山市,2022-12,partial_retrospective,0,0,0,0,181,131,"2026-03-31 all-facilities snapshot can retrospectively identify surviving/listed records, but is not a complete monthly event archive"
松山市,2023-01,partial_retrospective,0,0,0,0,66,51,"2026-03-31 all-facilities snapshot can retrospectively identify surviving/listed records, but is not a complete monthly event archive"
松山市,2023-02,partial_retrospective,0,0,0,0,115,88,"2026-03-31 all-facilities snapshot can retrospectively identify surviving/listed records, but is not a complete monthly event archive"
松山市,2023-03,partial_retrospective,0,0,0,0,151,127,"2026-03-31 all-facilities snapshot can retrospectively identify surviving/listed records, but is not a complete monthly event archive"
松山市,2023-04,partial_retrospective,0,0,0,0,82,61,"2026-03-31 all-facilities snapshot can retrospectively identify surviving/listed records, but is not a complete monthly event archive"
松山市,2023-05,partial_retrospective,0,0,0,0,111,89,"2026-03-31 all-facilities snapshot can retrospectively identify surviving/listed records, but is not a complete monthly event archive"
松山市,2023-06,partial_retrospective,0,0,0,0,188,143,"2026-03-31 all-facilities snapshot can retrospectively identify surviving/listed records, but is not a complete monthly event archive"
松山市,2023-07,partial_retrospective,0,0,0,0,65,50,"2026-03-31 all-facilities snapshot can retrospectively identify surviving/listed records, but is not a complete monthly event archive"
松山市,2023-08,partial_retrospective,0,0,0,0,130,105,"2026-03-31 all-facilities snapshot can retrospectively identify surviving/listed records, but is not a complete monthly event archive"
松山市,2023-09,partial_retrospective,0,0,0,0,134,119,"2026-03-31 all-facilities snapshot can retrospectively identify surviving/listed records, but is not a complete monthly event archive"
松山市,2023-10,partial_retrospective,0,0,0,0,87,75,"2026-03-31 all-facilities snapshot can retrospectively identify surviving/listed records, but is not a complete monthly event archive"
松山市,2023-11,partial_retrospective,0,0,0,0,164,133,"2026-03-31 all-facilities snapshot can retrospectively identify surviving/listed records, but is not a complete monthly event archive"
松山市,2023-12,partial_retrospective,0,0,0,0,109,92,"2026-03-31 all-facilities snapshot can retrospectively identify surviving/listed records, but is not a complete monthly event archive"
松山市,2024-01,partial_retrospective,0,0,0,0,51,38,"2026-03-31 all-facilities snapshot can retrospectively identify surviving/listed records, but is not a complete monthly event archive"
松山市,2024-02,partial_retrospective,0,0,0,0,163,124,"2026-03-31 all-facilities snapshot can retrospectively identify surviving/listed records, but is not a complete monthly event archive"
松山市,2024-03,partial_retrospective,0,0,0,0,162,125,"2026-03-31 all-facilities snapshot can retrospectively identify surviving/listed records, but is not a complete monthly event archive"
松山市,2024-04,partial_retrospective,0,0,0,0,63,49,"2026-03-31 all-facilities snapshot can retrospectively identify surviving/listed records, but is not a complete monthly event archive"
松山市,2024-05,partial_retrospective,0,0,0,0,158,119,"2026-03-31 all-facilities snapshot can retrospectively identify surviving/listed records, but is not a complete monthly event archive"
松山市,2024-06,partial_retrospective,0,0,0,0,151,111,"2026-03-31 all-facilities snapshot can retrospectively identify surviving/listed records, but is not a complete monthly event archive"
松山市,2024-07,partial_retrospective,0,0,0,0,80,64,"2026-03-31 all-facilities snapshot can retrospectively identify surviving/listed records, but is not a complete monthly event archive"
松山市,2024-08,partial_retrospective,0,0,0,0,145,106,"2026-03-31 all-facilities snapshot can retrospectively identify surviving/listed records, but is not a complete monthly event archive"
松山市,2024-09,partial_retrospective,0,0,0,0,171,130,"2026-03-31 all-facilities snapshot can retrospectively identify surviving/listed records, but is not a complete monthly event archive"
松山市,2024-10,partial_retrospective,0,0,0,0,66,55,"2026-03-31 all-facilities snapshot can retrospectively identify surviving/listed records, but is not a complete monthly event archive"
松山市,2024-11,partial_retrospective,0,0,0,0,144,113,"2026-03-31 all-facilities snapshot can retrospectively identify surviving/listed records, but is not a complete monthly event archive"
松山市,2024-12,partial_retrospective,0,0,0,0,133,112,"2026-03-31 all-facilities snapshot can retrospectively identify surviving/listed records, but is not a complete monthly event archive"
松山市,2025-01,partial_retrospective,0,0,0,0,55,48,"2026-03-31 all-facilities snapshot can retrospectively identify surviving/listed records, but is not a complete monthly event archive"
松山市,2025-02,partial_retrospective,0,0,0,0,153,122,"2026-03-31 all-facilities snapshot can retrospectively identify surviving/listed records, but is not a complete monthly event archive"
松山市,2025-03,partial_retrospective,0,0,0,0,129,108,"2026-03-31 all-facilities snapshot can retrospectively identify surviving/listed records, but is not a complete monthly event archive"
松山市,2025-04,partial_retrospective,0,0,0,0,84,74,"2026-03-31 all-facilities snapshot can retrospectively identify surviving/listed records, but is not a complete monthly event archive"
松山市,2025-05,partial_retrospective,0,0,0,0,181,150,"2026-03-31 all-facilities snapshot can retrospectively identify surviving/listed records, but is not a complete monthly event archive"
松山市,2025-06,partial_retrospective,0,0,0,0,133,111,"2026-03-31 all-facilities snapshot can retrospectively identify surviving/listed records, but is not a complete monthly event archive"
松山市,2025-07,partial_retrospective,0,0,0,0,66,52,"2026-03-31 all-facilities snapshot can retrospectively identify surviving/listed records, but is not a complete monthly event archive"
松山市,2025-08,complete_exact_monthly,154,154,0,126,146,120,published monthly/new-or-renewal source recovered and parsed
松山市,2025-09,complete_exact_monthly,120,120,0,98,109,89,published monthly/new-or-renewal source recovered and parsed
松山市,2025-10,complete_exact_monthly,64,64,0,58,61,55,published monthly/new-or-renewal source recovered and parsed
松山市,2025-11,complete_exact_monthly,116,116,0,87,113,84,published monthly/new-or-renewal source recovered and parsed
松山市,2025-12,complete_exact_monthly,154,154,0,131,150,127,published monthly/new-or-renewal source recovered and parsed
松山市,2026-01,complete_exact_monthly,54,54,0,45,52,43,published monthly/new-or-renewal source recovered and parsed
松山市,2026-02,complete_exact_monthly,183,183,0,158,180,156,published monthly/new-or-renewal source recovered and parsed
松山市,2026-03,complete_exact_monthly,186,186,0,152,184,150,published monthly/new-or-renewal source recovered and parsed
松山市,2026-04,complete_exact_monthly,86,82,4,64,0,0,published monthly/new-or-renewal source recovered and parsed
松山市,2026-05,complete_exact_monthly,174,78,96,150,0,0,published monthly/new-or-renewal source recovered and parsed
松山市,2026-06,complete_exact_monthly,191,70,121,156,0,0,published monthly/new-or-renewal source recovered and parsed
松山市,2026-07,complete_exact_monthly,127,89,38,108,0,0,published monthly/new-or-renewal source recovered and parsed
松山市,2026-08,unavailable,0,0,0,0,0,0,no exact monthly source recovered and no later all-facilities snapshot covering this month
