source_authority,source_snapshot_date,permit_number,permit_date,permit_expiry_date,business_type,facility_name,facility_address,record_scope,source_url,source_sha256
,,東今生第260121063号,2026-08-03,2031-09-30,① 飲食店営業,,,new,https://www.pref.ehime.jp/opendata-catalog/dataset/2344/resource/29480/%E6%96%B0%E8%A6%8F%E5%96%B6%E6%A5%AD%E8%A8%B1%E5%8F%AF%E6%96%BD%E8%A8%AD(R8.8%E6%9C%88)%E3%83%BB%E5%85%A8%E5%96%B6%E6%A5%AD%E8%A8%B1%E5%8F%AF%E6%96%BD%E8%A8%AD(R8.8.31%E7%8F%BE%E5%9C%A8)%20.xlsx,25a87cae539181514c03f62ec6dcbff14cc683358a8b0cd9cb26b803479ceee1
,,中局生第260121029号,2026-08-03,2031-09-30,① 飲食店営業,久万高原醸造所,上浮穴郡久万高原町,new,https://www.pref.ehime.jp/opendata-catalog/dataset/2344/resource/29480/%E6%96%B0%E8%A6%8F%E5%96%B6%E6%A5%AD%E8%A8%B1%E5%8F%AF%E6%96%BD%E8%A8%AD(R8.8%E6%9C%88)%E3%83%BB%E5%85%A8%E5%96%B6%E6%A5%AD%E8%A8%B1%E5%8F%AF%E6%96%BD%E8%A8%AD(R8.8.31%E7%8F%BE%E5%9C%A8)%20.xlsx,25a87cae539181514c03f62ec6dcbff14cc683358a8b0cd9cb26b803479ceee1
,,東生第260121091号,2026-08-03,2031-09-30,① 飲食店営業,鶏焼肉もみじ,新居浜市,new,https://www.pref.ehime.jp/opendata-catalog/dataset/2344/resource/29480/%E6%96%B0%E8%A6%8F%E5%96%B6%E6%A5%AD%E8%A8%B1%E5%8F%AF%E6%96%BD%E8%A8%AD(R8.8%E6%9C%88)%E3%83%BB%E5%85%A8%E5%96%B6%E6%A5%AD%E8%A8%B1%E5%8F%AF%E6%96%BD%E8%A8%AD(R8.8.31%E7%8F%BE%E5%9C%A8)%20.xlsx,25a87cae539181514c03f62ec6dcbff14cc683358a8b0cd9cb26b803479ceee1
,,東生第260121081号,2026-08-04,2031-09-30,① 飲食店営業,ローソン新居浜松原町店,新居浜市,new,https://www.pref.ehime.jp/opendata-catalog/dataset/2344/resource/29480/%E6%96%B0%E8%A6%8F%E5%96%B6%E6%A5%AD%E8%A8%B1%E5%8F%AF%E6%96%BD%E8%A8%AD(R8.8%E6%9C%88)%E3%83%BB%E5%85%A8%E5%96%B6%E6%A5%AD%E8%A8%B1%E5%8F%AF%E6%96%BD%E8%A8%AD(R8.8.31%E7%8F%BE%E5%9C%A8)%20.xlsx,25a87cae539181514c03f62ec6dcbff14cc683358a8b0cd9cb26b803479ceee1
,,中局生第260121034号,2026-08-04,2031-09-30,① 飲食店営業,村一番食堂,伊予郡松前町,new,https://www.pref.ehime.jp/opendata-catalog/dataset/2344/resource/29480/%E6%96%B0%E8%A6%8F%E5%96%B6%E6%A5%AD%E8%A8%B1%E5%8F%AF%E6%96%BD%E8%A8%AD(R8.8%E6%9C%88)%E3%83%BB%E5%85%A8%E5%96%B6%E6%A5%AD%E8%A8%B1%E5%8F%AF%E6%96%BD%E8%A8%AD(R8.8.31%E7%8F%BE%E5%9C%A8)%20.xlsx,25a87cae539181514c03f62ec6dcbff14cc683358a8b0cd9cb26b803479ceee1
,,八保第260121041号,2026-08-04,2031-09-30,① 飲食店営業,民宿まるやま本館,西宇和郡伊方町,new,https://www.pref.ehime.jp/opendata-catalog/dataset/2344/resource/29480/%E6%96%B0%E8%A6%8F%E5%96%B6%E6%A5%AD%E8%A8%B1%E5%8F%AF%E6%96%BD%E8%A8%AD(R8.8%E6%9C%88)%E3%83%BB%E5%85%A8%E5%96%B6%E6%A5%AD%E8%A8%B1%E5%8F%AF%E6%96%BD%E8%A8%AD(R8.8.31%E7%8F%BE%E5%9C%A8)%20.xlsx,25a87cae539181514c03f62ec6dcbff14cc683358a8b0cd9cb26b803479ceee1
,,八保第262501004号,2026-08-04,2031-09-30,㉕ そうざい製造業,民宿まるやま本館,西宇和郡伊方町,new,https://www.pref.ehime.jp/opendata-catalog/dataset/2344/resource/29480/%E6%96%B0%E8%A6%8F%E5%96%B6%E6%A5%AD%E8%A8%B1%E5%8F%AF%E6%96%BD%E8%A8%AD(R8.8%E6%9C%88)%E3%83%BB%E5%85%A8%E5%96%B6%E6%A5%AD%E8%A8%B1%E5%8F%AF%E6%96%BD%E8%A8%AD(R8.8.31%E7%8F%BE%E5%9C%A8)%20.xlsx,25a87cae539181514c03f62ec6dcbff14cc683358a8b0cd9cb26b803479ceee1
,,東今生第260111011号,2026-08-05,2031-09-30,① 飲食店営業,Ａｘｅｌ  Ｃａｆｅ  Ⅲ,今治市,new,https://www.pref.ehime.jp/opendata-catalog/dataset/2344/resource/29480/%E6%96%B0%E8%A6%8F%E5%96%B6%E6%A5%AD%E8%A8%B1%E5%8F%AF%E6%96%BD%E8%A8%AD(R8.8%E6%9C%88)%E3%83%BB%E5%85%A8%E5%96%B6%E6%A5%AD%E8%A8%B1%E5%8F%AF%E6%96%BD%E8%A8%AD(R8.8.31%E7%8F%BE%E5%9C%A8)%20.xlsx,25a87cae539181514c03f62ec6dcbff14cc683358a8b0cd9cb26b803479ceee1
,,八保第260121043号,2026-08-05,2031-09-30,① 飲食店営業,,,new,https://www.pref.ehime.jp/opendata-catalog/dataset/2344/resource/29480/%E6%96%B0%E8%A6%8F%E5%96%B6%E6%A5%AD%E8%A8%B1%E5%8F%AF%E6%96%BD%E8%A8%AD(R8.8%E6%9C%88)%E3%83%BB%E5%85%A8%E5%96%B6%E6%A5%AD%E8%A8%B1%E5%8F%AF%E6%96%BD%E8%A8%AD(R8.8.31%E7%8F%BE%E5%9C%A8)%20.xlsx,25a87cae539181514c03f62ec6dcbff14cc683358a8b0cd9cb26b803479ceee1
,,東生第262501073号,2026-08-06,2031-09-30,㉕ そうざい製造業,karari,新居浜市,new,https://www.pref.ehime.jp/opendata-catalog/dataset/2344/resource/29480/%E6%96%B0%E8%A6%8F%E5%96%B6%E6%A5%AD%E8%A8%B1%E5%8F%AF%E6%96%BD%E8%A8%AD(R8.8%E6%9C%88)%E3%83%BB%E5%85%A8%E5%96%B6%E6%A5%AD%E8%A8%B1%E5%8F%AF%E6%96%BD%E8%A8%AD(R8.8.31%E7%8F%BE%E5%9C%A8)%20.xlsx,25a87cae539181514c03f62ec6dcbff14cc683358a8b0cd9cb26b803479ceee1
,,東生第260121090号,2026-08-07,2031-09-30,① 飲食店営業,hinata　branch,新居浜市,new,https://www.pref.ehime.jp/opendata-catalog/dataset/2344/resource/29480/%E6%96%B0%E8%A6%8F%E5%96%B6%E6%A5%AD%E8%A8%B1%E5%8F%AF%E6%96%BD%E8%A8%AD(R8.8%E6%9C%88)%E3%83%BB%E5%85%A8%E5%96%B6%E6%A5%AD%E8%A8%B1%E5%8F%AF%E6%96%BD%E8%A8%AD(R8.8.31%E7%8F%BE%E5%9C%A8)%20.xlsx,25a87cae539181514c03f62ec6dcbff14cc683358a8b0cd9cb26b803479ceee1
,,中局生第261101012号,2026-08-07,2031-09-30,⑪ 菓子製造業,マルセロベーカリー,伊予市,new,https://www.pref.ehime.jp/opendata-catalog/dataset/2344/resource/29480/%E6%96%B0%E8%A6%8F%E5%96%B6%E6%A5%AD%E8%A8%B1%E5%8F%AF%E6%96%BD%E8%A8%AD(R8.8%E6%9C%88)%E3%83%BB%E5%85%A8%E5%96%B6%E6%A5%AD%E8%A8%B1%E5%8F%AF%E6%96%BD%E8%A8%AD(R8.8.31%E7%8F%BE%E5%9C%A8)%20.xlsx,25a87cae539181514c03f62ec6dcbff14cc683358a8b0cd9cb26b803479ceee1
,,八保第260121044号,2026-08-07,2031-09-30,① 飲食店営業,食味園,大洲市,new,https://www.pref.ehime.jp/opendata-catalog/dataset/2344/resource/29480/%E6%96%B0%E8%A6%8F%E5%96%B6%E6%A5%AD%E8%A8%B1%E5%8F%AF%E6%96%BD%E8%A8%AD(R8.8%E6%9C%88)%E3%83%BB%E5%85%A8%E5%96%B6%E6%A5%AD%E8%A8%B1%E5%8F%AF%E6%96%BD%E8%A8%AD(R8.8.31%E7%8F%BE%E5%9C%A8)%20.xlsx,25a87cae539181514c03f62ec6dcbff14cc683358a8b0cd9cb26b803479ceee1
,,中局生第262501004号,2026-08-10,2031-09-30,㉕ そうざい製造業,志乃や,伊予市,new,https://www.pref.ehime.jp/opendata-catalog/dataset/2344/resource/29480/%E6%96%B0%E8%A6%8F%E5%96%B6%E6%A5%AD%E8%A8%B1%E5%8F%AF%E6%96%BD%E8%A8%AD(R8.8%E6%9C%88)%E3%83%BB%E5%85%A8%E5%96%B6%E6%A5%AD%E8%A8%B1%E5%8F%AF%E6%96%BD%E8%A8%AD(R8.8.31%E7%8F%BE%E5%9C%A8)%20.xlsx,25a87cae539181514c03f62ec6dcbff14cc683358a8b0cd9cb26b803479ceee1
,,中局生第262501005号,2026-08-10,2031-09-30,㉕ そうざい製造業,ふじた食堂,伊予市,new,https://www.pref.ehime.jp/opendata-catalog/dataset/2344/resource/29480/%E6%96%B0%E8%A6%8F%E5%96%B6%E6%A5%AD%E8%A8%B1%E5%8F%AF%E6%96%BD%E8%A8%AD(R8.8%E6%9C%88)%E3%83%BB%E5%85%A8%E5%96%B6%E6%A5%AD%E8%A8%B1%E5%8F%AF%E6%96%BD%E8%A8%AD(R8.8.31%E7%8F%BE%E5%9C%A8)%20.xlsx,25a87cae539181514c03f62ec6dcbff14cc683358a8b0cd9cb26b803479ceee1
,,東生第260121067号,2026-08-10,2031-09-30,① 飲食店営業,縁,新居浜市,new,https://www.pref.ehime.jp/opendata-catalog/dataset/2344/resource/29480/%E6%96%B0%E8%A6%8F%E5%96%B6%E6%A5%AD%E8%A8%B1%E5%8F%AF%E6%96%BD%E8%A8%AD(R8.8%E6%9C%88)%E3%83%BB%E5%85%A8%E5%96%B6%E6%A5%AD%E8%A8%B1%E5%8F%AF%E6%96%BD%E8%A8%AD(R8.8.31%E7%8F%BE%E5%9C%A8)%20.xlsx,25a87cae539181514c03f62ec6dcbff14cc683358a8b0cd9cb26b803479ceee1
,,東生第260111094号,2026-08-10,2031-09-30,① 飲食店営業,cafe one d one.,西条市,new,https://www.pref.ehime.jp/opendata-catalog/dataset/2344/resource/29480/%E6%96%B0%E8%A6%8F%E5%96%B6%E6%A5%AD%E8%A8%B1%E5%8F%AF%E6%96%BD%E8%A8%AD(R8.8%E6%9C%88)%E3%83%BB%E5%85%A8%E5%96%B6%E6%A5%AD%E8%A8%B1%E5%8F%AF%E6%96%BD%E8%A8%AD(R8.8.31%E7%8F%BE%E5%9C%A8)%20.xlsx,25a87cae539181514c03f62ec6dcbff14cc683358a8b0cd9cb26b803479ceee1
,,八保第260401001号,2026-08-10,2031-09-30,④ 魚介類販売業,有限会社村中商店,八幡浜市,new,https://www.pref.ehime.jp/opendata-catalog/dataset/2344/resource/29480/%E6%96%B0%E8%A6%8F%E5%96%B6%E6%A5%AD%E8%A8%B1%E5%8F%AF%E6%96%BD%E8%A8%AD(R8.8%E6%9C%88)%E3%83%BB%E5%85%A8%E5%96%B6%E6%A5%AD%E8%A8%B1%E5%8F%AF%E6%96%BD%E8%A8%AD(R8.8.31%E7%8F%BE%E5%9C%A8)%20.xlsx,25a87cae539181514c03f62ec6dcbff14cc683358a8b0cd9cb26b803479ceee1
,,中局生第260121035号,2026-08-12,2031-09-30,① 飲食店営業,たびのはじまり,伊予郡砥部町,new,https://www.pref.ehime.jp/opendata-catalog/dataset/2344/resource/29480/%E6%96%B0%E8%A6%8F%E5%96%B6%E6%A5%AD%E8%A8%B1%E5%8F%AF%E6%96%BD%E8%A8%AD(R8.8%E6%9C%88)%E3%83%BB%E5%85%A8%E5%96%B6%E6%A5%AD%E8%A8%B1%E5%8F%AF%E6%96%BD%E8%A8%AD(R8.8.31%E7%8F%BE%E5%9C%A8)%20.xlsx,25a87cae539181514c03f62ec6dcbff14cc683358a8b0cd9cb26b803479ceee1
,,八保第262501005号,2026-08-12,2031-09-30,㉕ そうざい製造業,木戸岡鮮魚店,大洲市,new,https://www.pref.ehime.jp/opendata-catalog/dataset/2344/resource/29480/%E6%96%B0%E8%A6%8F%E5%96%B6%E6%A5%AD%E8%A8%B1%E5%8F%AF%E6%96%BD%E8%A8%AD(R8.8%E6%9C%88)%E3%83%BB%E5%85%A8%E5%96%B6%E6%A5%AD%E8%A8%B1%E5%8F%AF%E6%96%BD%E8%A8%AD(R8.8.31%E7%8F%BE%E5%9C%A8)%20.xlsx,25a87cae539181514c03f62ec6dcbff14cc683358a8b0cd9cb26b803479ceee1
,,東生第260121092号,2026-08-12,2031-09-30,① 飲食店営業,PRIMA,西条市,new,https://www.pref.ehime.jp/opendata-catalog/dataset/2344/resource/29480/%E6%96%B0%E8%A6%8F%E5%96%B6%E6%A5%AD%E8%A8%B1%E5%8F%AF%E6%96%BD%E8%A8%AD(R8.8%E6%9C%88)%E3%83%BB%E5%85%A8%E5%96%B6%E6%A5%AD%E8%A8%B1%E5%8F%AF%E6%96%BD%E8%A8%AD(R8.8.31%E7%8F%BE%E5%9C%A8)%20.xlsx,25a87cae539181514c03f62ec6dcbff14cc683358a8b0cd9cb26b803479ceee1
,,東生第260121095号,2026-08-12,2031-09-30,① 飲食店営業,上杉景虎,新居浜市,new,https://www.pref.ehime.jp/opendata-catalog/dataset/2344/resource/29480/%E6%96%B0%E8%A6%8F%E5%96%B6%E6%A5%AD%E8%A8%B1%E5%8F%AF%E6%96%BD%E8%A8%AD(R8.8%E6%9C%88)%E3%83%BB%E5%85%A8%E5%96%B6%E6%A5%AD%E8%A8%B1%E5%8F%AF%E6%96%BD%E8%A8%AD(R8.8.31%E7%8F%BE%E5%9C%A8)%20.xlsx,25a87cae539181514c03f62ec6dcbff14cc683358a8b0cd9cb26b803479ceee1
,,中局生第260121031号,2026-08-13,2031-09-30,① 飲食店営業,認知症カフェ　ひととき,伊予郡松前町,new,https://www.pref.ehime.jp/opendata-catalog/dataset/2344/resource/29480/%E6%96%B0%E8%A6%8F%E5%96%B6%E6%A5%AD%E8%A8%B1%E5%8F%AF%E6%96%BD%E8%A8%AD(R8.8%E6%9C%88)%E3%83%BB%E5%85%A8%E5%96%B6%E6%A5%AD%E8%A8%B1%E5%8F%AF%E6%96%BD%E8%A8%AD(R8.8.31%E7%8F%BE%E5%9C%A8)%20.xlsx,25a87cae539181514c03f62ec6dcbff14cc683358a8b0cd9cb26b803479ceee1
,,八保第260111009号,2026-08-14,2031-09-30,① 飲食店営業,,,new,https://www.pref.ehime.jp/opendata-catalog/dataset/2344/resource/29480/%E6%96%B0%E8%A6%8F%E5%96%B6%E6%A5%AD%E8%A8%B1%E5%8F%AF%E6%96%BD%E8%A8%AD(R8.8%E6%9C%88)%E3%83%BB%E5%85%A8%E5%96%B6%E6%A5%AD%E8%A8%B1%E5%8F%AF%E6%96%BD%E8%A8%AD(R8.8.31%E7%8F%BE%E5%9C%A8)%20.xlsx,25a87cae539181514c03f62ec6dcbff14cc683358a8b0cd9cb26b803479ceee1
,,東生第260121085号,2026-08-17,2031-09-30,① 飲食店営業,,,new,https://www.pref.ehime.jp/opendata-catalog/dataset/2344/resource/29480/%E6%96%B0%E8%A6%8F%E5%96%B6%E6%A5%AD%E8%A8%B1%E5%8F%AF%E6%96%BD%E8%A8%AD(R8.8%E6%9C%88)%E3%83%BB%E5%85%A8%E5%96%B6%E6%A5%AD%E8%A8%B1%E5%8F%AF%E6%96%BD%E8%A8%AD(R8.8.31%E7%8F%BE%E5%9C%A8)%20.xlsx,25a87cae539181514c03f62ec6dcbff14cc683358a8b0cd9cb26b803479ceee1
,,南局生第261101053号,2026-08-17,2031-09-30,⑪ 菓子製造業,ＳＯＬＡ合同会社,宇和島市,new,https://www.pref.ehime.jp/opendata-catalog/dataset/2344/resource/29480/%E6%96%B0%E8%A6%8F%E5%96%B6%E6%A5%AD%E8%A8%B1%E5%8F%AF%E6%96%BD%E8%A8%AD(R8.8%E6%9C%88)%E3%83%BB%E5%85%A8%E5%96%B6%E6%A5%AD%E8%A8%B1%E5%8F%AF%E6%96%BD%E8%A8%AD(R8.8.31%E7%8F%BE%E5%9C%A8)%20.xlsx,25a87cae539181514c03f62ec6dcbff14cc683358a8b0cd9cb26b803479ceee1
,,中局生第262501006号,2026-08-17,2031-09-30,㉕ そうざい製造業,日吉,伊予市,new,https://www.pref.ehime.jp/opendata-catalog/dataset/2344/resource/29480/%E6%96%B0%E8%A6%8F%E5%96%B6%E6%A5%AD%E8%A8%B1%E5%8F%AF%E6%96%BD%E8%A8%AD(R8.8%E6%9C%88)%E3%83%BB%E5%85%A8%E5%96%B6%E6%A5%AD%E8%A8%B1%E5%8F%AF%E6%96%BD%E8%A8%AD(R8.8.31%E7%8F%BE%E5%9C%A8)%20.xlsx,25a87cae539181514c03f62ec6dcbff14cc683358a8b0cd9cb26b803479ceee1
,,東今生第260121064号,2026-08-17,2031-09-30,① 飲食店営業,DINING KITCHEN 麦わら,今治市,new,https://www.pref.ehime.jp/opendata-catalog/dataset/2344/resource/29480/%E6%96%B0%E8%A6%8F%E5%96%B6%E6%A5%AD%E8%A8%B1%E5%8F%AF%E6%96%BD%E8%A8%AD(R8.8%E6%9C%88)%E3%83%BB%E5%85%A8%E5%96%B6%E6%A5%AD%E8%A8%B1%E5%8F%AF%E6%96%BD%E8%A8%AD(R8.8.31%E7%8F%BE%E5%9C%A8)%20.xlsx,25a87cae539181514c03f62ec6dcbff14cc683358a8b0cd9cb26b803479ceee1
,,東今生第262501007号,2026-08-17,2031-09-30,㉕ そうざい製造業,DINING KITCHEN 麦わら,今治市,new,https://www.pref.ehime.jp/opendata-catalog/dataset/2344/resource/29480/%E6%96%B0%E8%A6%8F%E5%96%B6%E6%A5%AD%E8%A8%B1%E5%8F%AF%E6%96%BD%E8%A8%AD(R8.8%E6%9C%88)%E3%83%BB%E5%85%A8%E5%96%B6%E6%A5%AD%E8%A8%B1%E5%8F%AF%E6%96%BD%E8%A8%AD(R8.8.31%E7%8F%BE%E5%9C%A8)%20.xlsx,25a87cae539181514c03f62ec6dcbff14cc683358a8b0cd9cb26b803479ceee1
,,東今生第260121065号,2026-08-17,2031-09-30,① 飲食店営業,DINING KITCHEN 麦わら,今治市,new,https://www.pref.ehime.jp/opendata-catalog/dataset/2344/resource/29480/%E6%96%B0%E8%A6%8F%E5%96%B6%E6%A5%AD%E8%A8%B1%E5%8F%AF%E6%96%BD%E8%A8%AD(R8.8%E6%9C%88)%E3%83%BB%E5%85%A8%E5%96%B6%E6%A5%AD%E8%A8%B1%E5%8F%AF%E6%96%BD%E8%A8%AD(R8.8.31%E7%8F%BE%E5%9C%A8)%20.xlsx,25a87cae539181514c03f62ec6dcbff14cc683358a8b0cd9cb26b803479ceee1
,,東生第260121097号,2026-08-17,2031-09-30,① 飲食店営業,海月,新居浜市,new,https://www.pref.ehime.jp/opendata-catalog/dataset/2344/resource/29480/%E6%96%B0%E8%A6%8F%E5%96%B6%E6%A5%AD%E8%A8%B1%E5%8F%AF%E6%96%BD%E8%A8%AD(R8.8%E6%9C%88)%E3%83%BB%E5%85%A8%E5%96%B6%E6%A5%AD%E8%A8%B1%E5%8F%AF%E6%96%BD%E8%A8%AD(R8.8.31%E7%8F%BE%E5%9C%A8)%20.xlsx,25a87cae539181514c03f62ec6dcbff14cc683358a8b0cd9cb26b803479ceee1
,,東四保第260111012号,2026-08-18,2031-09-30,① 飲食店営業,島田商事,四国中央市,new,https://www.pref.ehime.jp/opendata-catalog/dataset/2344/resource/29480/%E6%96%B0%E8%A6%8F%E5%96%B6%E6%A5%AD%E8%A8%B1%E5%8F%AF%E6%96%BD%E8%A8%AD(R8.8%E6%9C%88)%E3%83%BB%E5%85%A8%E5%96%B6%E6%A5%AD%E8%A8%B1%E5%8F%AF%E6%96%BD%E8%A8%AD(R8.8.31%E7%8F%BE%E5%9C%A8)%20.xlsx,25a87cae539181514c03f62ec6dcbff14cc683358a8b0cd9cb26b803479ceee1
,,南局生第260301049号,2026-08-19,2031-09-30,③ 食肉販売業,株式会社フェザンフィレール,北宇和郡鬼北町,new,https://www.pref.ehime.jp/opendata-catalog/dataset/2344/resource/29480/%E6%96%B0%E8%A6%8F%E5%96%B6%E6%A5%AD%E8%A8%B1%E5%8F%AF%E6%96%BD%E8%A8%AD(R8.8%E6%9C%88)%E3%83%BB%E5%85%A8%E5%96%B6%E6%A5%AD%E8%A8%B1%E5%8F%AF%E6%96%BD%E8%A8%AD(R8.8.31%E7%8F%BE%E5%9C%A8)%20.xlsx,25a87cae539181514c03f62ec6dcbff14cc683358a8b0cd9cb26b803479ceee1
,,八保第260121045号,2026-08-21,2031-09-30,① 飲食店営業,,,new,https://www.pref.ehime.jp/opendata-catalog/dataset/2344/resource/29480/%E6%96%B0%E8%A6%8F%E5%96%B6%E6%A5%AD%E8%A8%B1%E5%8F%AF%E6%96%BD%E8%A8%AD(R8.8%E6%9C%88)%E3%83%BB%E5%85%A8%E5%96%B6%E6%A5%AD%E8%A8%B1%E5%8F%AF%E6%96%BD%E8%A8%AD(R8.8.31%E7%8F%BE%E5%9C%A8)%20.xlsx,25a87cae539181514c03f62ec6dcbff14cc683358a8b0cd9cb26b803479ceee1
,,八保第260111010号,2026-08-21,2031-09-30,① 飲食店営業,,,new,https://www.pref.ehime.jp/opendata-catalog/dataset/2344/resource/29480/%E6%96%B0%E8%A6%8F%E5%96%B6%E6%A5%AD%E8%A8%B1%E5%8F%AF%E6%96%BD%E8%A8%AD(R8.8%E6%9C%88)%E3%83%BB%E5%85%A8%E5%96%B6%E6%A5%AD%E8%A8%B1%E5%8F%AF%E6%96%BD%E8%A8%AD(R8.8.31%E7%8F%BE%E5%9C%A8)%20.xlsx,25a87cae539181514c03f62ec6dcbff14cc683358a8b0cd9cb26b803479ceee1
,,八保第262901001号,2026-08-21,2031-09-30,㉙ 漬物製造業,,,new,https://www.pref.ehime.jp/opendata-catalog/dataset/2344/resource/29480/%E6%96%B0%E8%A6%8F%E5%96%B6%E6%A5%AD%E8%A8%B1%E5%8F%AF%E6%96%BD%E8%A8%AD(R8.8%E6%9C%88)%E3%83%BB%E5%85%A8%E5%96%B6%E6%A5%AD%E8%A8%B1%E5%8F%AF%E6%96%BD%E8%A8%AD(R8.8.31%E7%8F%BE%E5%9C%A8)%20.xlsx,25a87cae539181514c03f62ec6dcbff14cc683358a8b0cd9cb26b803479ceee1
,,東四保第260121019号,2026-08-21,2031-09-30,① 飲食店営業,おやつとおかずＭＯＧ,四国中央市,new,https://www.pref.ehime.jp/opendata-catalog/dataset/2344/resource/29480/%E6%96%B0%E8%A6%8F%E5%96%B6%E6%A5%AD%E8%A8%B1%E5%8F%AF%E6%96%BD%E8%A8%AD(R8.8%E6%9C%88)%E3%83%BB%E5%85%A8%E5%96%B6%E6%A5%AD%E8%A8%B1%E5%8F%AF%E6%96%BD%E8%A8%AD(R8.8.31%E7%8F%BE%E5%9C%A8)%20.xlsx,25a87cae539181514c03f62ec6dcbff14cc683358a8b0cd9cb26b803479ceee1
,,東生第262501093号,2026-08-24,2031-09-30,㉕ そうざい製造業,お弁当屋　Bon,西条市,new,https://www.pref.ehime.jp/opendata-catalog/dataset/2344/resource/29480/%E6%96%B0%E8%A6%8F%E5%96%B6%E6%A5%AD%E8%A8%B1%E5%8F%AF%E6%96%BD%E8%A8%AD(R8.8%E6%9C%88)%E3%83%BB%E5%85%A8%E5%96%B6%E6%A5%AD%E8%A8%B1%E5%8F%AF%E6%96%BD%E8%A8%AD(R8.8.31%E7%8F%BE%E5%9C%A8)%20.xlsx,25a87cae539181514c03f62ec6dcbff14cc683358a8b0cd9cb26b803479ceee1
,,東生第260121099号,2026-08-24,2031-09-30,① 飲食店営業,トレジャーラウンジ,新居浜市,new,https://www.pref.ehime.jp/opendata-catalog/dataset/2344/resource/29480/%E6%96%B0%E8%A6%8F%E5%96%B6%E6%A5%AD%E8%A8%B1%E5%8F%AF%E6%96%BD%E8%A8%AD(R8.8%E6%9C%88)%E3%83%BB%E5%85%A8%E5%96%B6%E6%A5%AD%E8%A8%B1%E5%8F%AF%E6%96%BD%E8%A8%AD(R8.8.31%E7%8F%BE%E5%9C%A8)%20.xlsx,25a87cae539181514c03f62ec6dcbff14cc683358a8b0cd9cb26b803479ceee1
,,東四保第260121020号,2026-08-24,2031-09-30,① 飲食店営業,カフェキッチンＤａｄ＆Ｍｏｍ,四国中央市,new,https://www.pref.ehime.jp/opendata-catalog/dataset/2344/resource/29480/%E6%96%B0%E8%A6%8F%E5%96%B6%E6%A5%AD%E8%A8%B1%E5%8F%AF%E6%96%BD%E8%A8%AD(R8.8%E6%9C%88)%E3%83%BB%E5%85%A8%E5%96%B6%E6%A5%AD%E8%A8%B1%E5%8F%AF%E6%96%BD%E8%A8%AD(R8.8.31%E7%8F%BE%E5%9C%A8)%20.xlsx,25a87cae539181514c03f62ec6dcbff14cc683358a8b0cd9cb26b803479ceee1
,,東今生第261101004号,2026-08-25,2031-09-30,⑪ 菓子製造業,株式会社愛媛海産,今治市,new,https://www.pref.ehime.jp/opendata-catalog/dataset/2344/resource/29480/%E6%96%B0%E8%A6%8F%E5%96%B6%E6%A5%AD%E8%A8%B1%E5%8F%AF%E6%96%BD%E8%A8%AD(R8.8%E6%9C%88)%E3%83%BB%E5%85%A8%E5%96%B6%E6%A5%AD%E8%A8%B1%E5%8F%AF%E6%96%BD%E8%A8%AD(R8.8.31%E7%8F%BE%E5%9C%A8)%20.xlsx,25a87cae539181514c03f62ec6dcbff14cc683358a8b0cd9cb26b803479ceee1
,,中局生第260121038号,2026-08-25,2031-09-30,① 飲食店営業,ふたみ屋,伊予市,new,https://www.pref.ehime.jp/opendata-catalog/dataset/2344/resource/29480/%E6%96%B0%E8%A6%8F%E5%96%B6%E6%A5%AD%E8%A8%B1%E5%8F%AF%E6%96%BD%E8%A8%AD(R8.8%E6%9C%88)%E3%83%BB%E5%85%A8%E5%96%B6%E6%A5%AD%E8%A8%B1%E5%8F%AF%E6%96%BD%E8%A8%AD(R8.8.31%E7%8F%BE%E5%9C%A8)%20.xlsx,25a87cae539181514c03f62ec6dcbff14cc683358a8b0cd9cb26b803479ceee1
,,八保第260121046号,2026-08-25,2031-09-30,① 飲食店営業,ひなた食堂,八幡浜市,new,https://www.pref.ehime.jp/opendata-catalog/dataset/2344/resource/29480/%E6%96%B0%E8%A6%8F%E5%96%B6%E6%A5%AD%E8%A8%B1%E5%8F%AF%E6%96%BD%E8%A8%AD(R8.8%E6%9C%88)%E3%83%BB%E5%85%A8%E5%96%B6%E6%A5%AD%E8%A8%B1%E5%8F%AF%E6%96%BD%E8%A8%AD(R8.8.31%E7%8F%BE%E5%9C%A8)%20.xlsx,25a87cae539181514c03f62ec6dcbff14cc683358a8b0cd9cb26b803479ceee1
,,東生第260121100号,2026-08-26,2031-09-30,① 飲食店営業,ファミリーマート西条大町店,西条市,new,https://www.pref.ehime.jp/opendata-catalog/dataset/2344/resource/29480/%E6%96%B0%E8%A6%8F%E5%96%B6%E6%A5%AD%E8%A8%B1%E5%8F%AF%E6%96%BD%E8%A8%AD(R8.8%E6%9C%88)%E3%83%BB%E5%85%A8%E5%96%B6%E6%A5%AD%E8%A8%B1%E5%8F%AF%E6%96%BD%E8%A8%AD(R8.8.31%E7%8F%BE%E5%9C%A8)%20.xlsx,25a87cae539181514c03f62ec6dcbff14cc683358a8b0cd9cb26b803479ceee1
,,東四保第260121018号,2026-08-27,2031-09-30,① 飲食店営業,土居のいもたき運営委員会,四国中央市,new,https://www.pref.ehime.jp/opendata-catalog/dataset/2344/resource/29480/%E6%96%B0%E8%A6%8F%E5%96%B6%E6%A5%AD%E8%A8%B1%E5%8F%AF%E6%96%BD%E8%A8%AD(R8.8%E6%9C%88)%E3%83%BB%E5%85%A8%E5%96%B6%E6%A5%AD%E8%A8%B1%E5%8F%AF%E6%96%BD%E8%A8%AD(R8.8.31%E7%8F%BE%E5%9C%A8)%20.xlsx,25a87cae539181514c03f62ec6dcbff14cc683358a8b0cd9cb26b803479ceee1
,,東四保第260121021号,2026-08-27,2031-09-30,① 飲食店営業,だんだん,四国中央市,new,https://www.pref.ehime.jp/opendata-catalog/dataset/2344/resource/29480/%E6%96%B0%E8%A6%8F%E5%96%B6%E6%A5%AD%E8%A8%B1%E5%8F%AF%E6%96%BD%E8%A8%AD(R8.8%E6%9C%88)%E3%83%BB%E5%85%A8%E5%96%B6%E6%A5%AD%E8%A8%B1%E5%8F%AF%E6%96%BD%E8%A8%AD(R8.8.31%E7%8F%BE%E5%9C%A8)%20.xlsx,25a87cae539181514c03f62ec6dcbff14cc683358a8b0cd9cb26b803479ceee1
,,南局生第260121052号,2026-08-27,2031-09-30,① 飲食店営業,山﨑,南宇和郡愛南町,new,https://www.pref.ehime.jp/opendata-catalog/dataset/2344/resource/29480/%E6%96%B0%E8%A6%8F%E5%96%B6%E6%A5%AD%E8%A8%B1%E5%8F%AF%E6%96%BD%E8%A8%AD(R8.8%E6%9C%88)%E3%83%BB%E5%85%A8%E5%96%B6%E6%A5%AD%E8%A8%B1%E5%8F%AF%E6%96%BD%E8%A8%AD(R8.8.31%E7%8F%BE%E5%9C%A8)%20.xlsx,25a87cae539181514c03f62ec6dcbff14cc683358a8b0cd9cb26b803479ceee1
,,中局生第260121037号,2026-08-27,2031-09-30,① 飲食店営業,,,new,https://www.pref.ehime.jp/opendata-catalog/dataset/2344/resource/29480/%E6%96%B0%E8%A6%8F%E5%96%B6%E6%A5%AD%E8%A8%B1%E5%8F%AF%E6%96%BD%E8%A8%AD(R8.8%E6%9C%88)%E3%83%BB%E5%85%A8%E5%96%B6%E6%A5%AD%E8%A8%B1%E5%8F%AF%E6%96%BD%E8%A8%AD(R8.8.31%E7%8F%BE%E5%9C%A8)%20.xlsx,25a87cae539181514c03f62ec6dcbff14cc683358a8b0cd9cb26b803479ceee1
,,東生第260121098号,2026-08-27,2031-09-30,① 飲食店営業,Ö　CAFE,新居浜市,new,https://www.pref.ehime.jp/opendata-catalog/dataset/2344/resource/29480/%E6%96%B0%E8%A6%8F%E5%96%B6%E6%A5%AD%E8%A8%B1%E5%8F%AF%E6%96%BD%E8%A8%AD(R8.8%E6%9C%88)%E3%83%BB%E5%85%A8%E5%96%B6%E6%A5%AD%E8%A8%B1%E5%8F%AF%E6%96%BD%E8%A8%AD(R8.8.31%E7%8F%BE%E5%9C%A8)%20.xlsx,25a87cae539181514c03f62ec6dcbff14cc683358a8b0cd9cb26b803479ceee1
,,東四保第260121023号,2026-08-28,2031-09-30,① 飲食店営業,だんだん,四国中央市,new,https://www.pref.ehime.jp/opendata-catalog/dataset/2344/resource/29480/%E6%96%B0%E8%A6%8F%E5%96%B6%E6%A5%AD%E8%A8%B1%E5%8F%AF%E6%96%BD%E8%A8%AD(R8.8%E6%9C%88)%E3%83%BB%E5%85%A8%E5%96%B6%E6%A5%AD%E8%A8%B1%E5%8F%AF%E6%96%BD%E8%A8%AD(R8.8.31%E7%8F%BE%E5%9C%A8)%20.xlsx,25a87cae539181514c03f62ec6dcbff14cc683358a8b0cd9cb26b803479ceee1
,,東四保第260111014号,2026-08-28,2031-09-30,① 飲食店営業,,,new,https://www.pref.ehime.jp/opendata-catalog/dataset/2344/resource/29480/%E6%96%B0%E8%A6%8F%E5%96%B6%E6%A5%AD%E8%A8%B1%E5%8F%AF%E6%96%BD%E8%A8%AD(R8.8%E6%9C%88)%E3%83%BB%E5%85%A8%E5%96%B6%E6%A5%AD%E8%A8%B1%E5%8F%AF%E6%96%BD%E8%A8%AD(R8.8.31%E7%8F%BE%E5%9C%A8)%20.xlsx,25a87cae539181514c03f62ec6dcbff14cc683358a8b0cd9cb26b803479ceee1
,,八保第260121047号,2026-08-28,2031-09-30,① 飲食店営業,,,new,https://www.pref.ehime.jp/opendata-catalog/dataset/2344/resource/29480/%E6%96%B0%E8%A6%8F%E5%96%B6%E6%A5%AD%E8%A8%B1%E5%8F%AF%E6%96%BD%E8%A8%AD(R8.8%E6%9C%88)%E3%83%BB%E5%85%A8%E5%96%B6%E6%A5%AD%E8%A8%B1%E5%8F%AF%E6%96%BD%E8%A8%AD(R8.8.31%E7%8F%BE%E5%9C%A8)%20.xlsx,25a87cae539181514c03f62ec6dcbff14cc683358a8b0cd9cb26b803479ceee1
,,東四保第260121022号,2026-08-28,2031-09-30,① 飲食店営業,だんだん,四国中央市,new,https://www.pref.ehime.jp/opendata-catalog/dataset/2344/resource/29480/%E6%96%B0%E8%A6%8F%E5%96%B6%E6%A5%AD%E8%A8%B1%E5%8F%AF%E6%96%BD%E8%A8%AD(R8.8%E6%9C%88)%E3%83%BB%E5%85%A8%E5%96%B6%E6%A5%AD%E8%A8%B1%E5%8F%AF%E6%96%BD%E8%A8%AD(R8.8.31%E7%8F%BE%E5%9C%A8)%20.xlsx,25a87cae539181514c03f62ec6dcbff14cc683358a8b0cd9cb26b803479ceee1
,,東四保第260111013号,2026-08-28,2031-09-30,① 飲食店営業,後備,四国中央市,new,https://www.pref.ehime.jp/opendata-catalog/dataset/2344/resource/29480/%E6%96%B0%E8%A6%8F%E5%96%B6%E6%A5%AD%E8%A8%B1%E5%8F%AF%E6%96%BD%E8%A8%AD(R8.8%E6%9C%88)%E3%83%BB%E5%85%A8%E5%96%B6%E6%A5%AD%E8%A8%B1%E5%8F%AF%E6%96%BD%E8%A8%AD(R8.8.31%E7%8F%BE%E5%9C%A8)%20.xlsx,25a87cae539181514c03f62ec6dcbff14cc683358a8b0cd9cb26b803479ceee1
,,東四保第262501004号,2026-08-31,2031-09-30,㉕ そうざい製造業,土居わかたけ,四国中央市,new,https://www.pref.ehime.jp/opendata-catalog/dataset/2344/resource/29480/%E6%96%B0%E8%A6%8F%E5%96%B6%E6%A5%AD%E8%A8%B1%E5%8F%AF%E6%96%BD%E8%A8%AD(R8.8%E6%9C%88)%E3%83%BB%E5%85%A8%E5%96%B6%E6%A5%AD%E8%A8%B1%E5%8F%AF%E6%96%BD%E8%A8%AD(R8.8.31%E7%8F%BE%E5%9C%A8)%20.xlsx,25a87cae539181514c03f62ec6dcbff14cc683358a8b0cd9cb26b803479ceee1
,,東生第263001096号,2026-08-31,2031-09-30,㉚ 密封包装食品製造業,株式会社中温　西条農業施設,西条市,new,https://www.pref.ehime.jp/opendata-catalog/dataset/2344/resource/29480/%E6%96%B0%E8%A6%8F%E5%96%B6%E6%A5%AD%E8%A8%B1%E5%8F%AF%E6%96%BD%E8%A8%AD(R8.8%E6%9C%88)%E3%83%BB%E5%85%A8%E5%96%B6%E6%A5%AD%E8%A8%B1%E5%8F%AF%E6%96%BD%E8%A8%AD(R8.8.31%E7%8F%BE%E5%9C%A8)%20.xlsx,25a87cae539181514c03f62ec6dcbff14cc683358a8b0cd9cb26b803479ceee1
,,東生第260111103号,2026-08-31,2031-09-30,① 飲食店営業,,,new,https://www.pref.ehime.jp/opendata-catalog/dataset/2344/resource/29480/%E6%96%B0%E8%A6%8F%E5%96%B6%E6%A5%AD%E8%A8%B1%E5%8F%AF%E6%96%BD%E8%A8%AD(R8.8%E6%9C%88)%E3%83%BB%E5%85%A8%E5%96%B6%E6%A5%AD%E8%A8%B1%E5%8F%AF%E6%96%BD%E8%A8%AD(R8.8.31%E7%8F%BE%E5%9C%A8)%20.xlsx,25a87cae539181514c03f62ec6dcbff14cc683358a8b0cd9cb26b803479ceee1
