source_authority,source_snapshot_date,permit_number,initial_permit_date,permit_date,permit_expiry_date,business_type,facility_name,facility_address,municipality_code,town_id,latitude,longitude,application_type,record_scope,source_url,source_sha256
松山市,2025-12,第963号,2025-12-01,2025-12-01,2030-12-31,飲食店営業,配食のふれ愛　松山本店,松山市東石井5丁目13-11富士見ビル202,382019,,,,,new_or_renewal,https://www.city.matsuyama.ehime.jp/shisei/opendata/metadata/shokuhinsinki.files/shokuhinsinki.xlsx,076ab31512db6c0d16c1b33f07ef1bd543cdc99cc8d394f932db4b2b7560bd84
松山市,2025-12,第964号,2025-12-01,2025-12-01,2030-12-31,飲食店営業,GOOD THINGS,松山市湊町4丁目4-8ビューティビル1F,382019,,,,,new_or_renewal,https://www.city.matsuyama.ehime.jp/shisei/opendata/metadata/shokuhinsinki.files/shokuhinsinki.xlsx,076ab31512db6c0d16c1b33f07ef1bd543cdc99cc8d394f932db4b2b7560bd84
松山市,2025-12,第965号,2025-12-01,2025-12-01,2030-12-31,飲食店営業,碧,松山市北条辻1406-1,382019,,,,,new_or_renewal,https://www.city.matsuyama.ehime.jp/shisei/opendata/metadata/shokuhinsinki.files/shokuhinsinki.xlsx,076ab31512db6c0d16c1b33f07ef1bd543cdc99cc8d394f932db4b2b7560bd84
松山市,2025-12,第966号,2025-12-01,2025-12-01,2030-12-31,飲食店営業,花より団子,松山市内宮町503,382019,,,,,new_or_renewal,https://www.city.matsuyama.ehime.jp/shisei/opendata/metadata/shokuhinsinki.files/shokuhinsinki.xlsx,076ab31512db6c0d16c1b33f07ef1bd543cdc99cc8d394f932db4b2b7560bd84
松山市,2025-12,第968号,2025-12-01,2025-12-01,2030-12-31,飲食店営業,大衆酒場あゆみ,松山市保免上1丁目16-19,382019,,,,,new_or_renewal,https://www.city.matsuyama.ehime.jp/shisei/opendata/metadata/shokuhinsinki.files/shokuhinsinki.xlsx,076ab31512db6c0d16c1b33f07ef1bd543cdc99cc8d394f932db4b2b7560bd84
松山市,2025-12,第969号,2025-12-01,2025-12-01,2030-12-31,飲食店営業,手打うどん政,松山市福角町甲228-3,382019,,,,,new_or_renewal,https://www.city.matsuyama.ehime.jp/shisei/opendata/metadata/shokuhinsinki.files/shokuhinsinki.xlsx,076ab31512db6c0d16c1b33f07ef1bd543cdc99cc8d394f932db4b2b7560bd84
松山市,2025-12,第971号,2025-12-01,2025-12-01,2030-12-31,飲食店営業,マーテル・アイ,松山市大街道2丁目2-1アリスト大街道302号,382019,,,,,new_or_renewal,https://www.city.matsuyama.ehime.jp/shisei/opendata/metadata/shokuhinsinki.files/shokuhinsinki.xlsx,076ab31512db6c0d16c1b33f07ef1bd543cdc99cc8d394f932db4b2b7560bd84
松山市,2025-12,第972号,2025-12-01,2025-12-01,2030-12-31,飲食店営業,焼肉　大協,松山市萱町3丁目2-1,382019,,,,,new_or_renewal,https://www.city.matsuyama.ehime.jp/shisei/opendata/metadata/shokuhinsinki.files/shokuhinsinki.xlsx,076ab31512db6c0d16c1b33f07ef1bd543cdc99cc8d394f932db4b2b7560bd84
松山市,2025-12,第973号,2025-12-01,2025-12-01,2030-12-31,飲食店営業,Coffee ＆ Beer Roots,松山市花園町7-2 大黒屋ビル2F,382019,,,,,new_or_renewal,https://www.city.matsuyama.ehime.jp/shisei/opendata/metadata/shokuhinsinki.files/shokuhinsinki.xlsx,076ab31512db6c0d16c1b33f07ef1bd543cdc99cc8d394f932db4b2b7560bd84
松山市,2025-12,第974号,2025-12-01,2025-12-01,2030-12-31,飲食店営業,居酒屋自久庵やじ,松山市平和通3丁目2-28,382019,,,,,new_or_renewal,https://www.city.matsuyama.ehime.jp/shisei/opendata/metadata/shokuhinsinki.files/shokuhinsinki.xlsx,076ab31512db6c0d16c1b33f07ef1bd543cdc99cc8d394f932db4b2b7560bd84
松山市,2025-12,第975号,2025-12-01,2025-12-01,2030-12-31,飲食店営業,三日月とカフェ　新空港通り店,松山市南江戸4丁目1249-2,382019,,,,,new_or_renewal,https://www.city.matsuyama.ehime.jp/shisei/opendata/metadata/shokuhinsinki.files/shokuhinsinki.xlsx,076ab31512db6c0d16c1b33f07ef1bd543cdc99cc8d394f932db4b2b7560bd84
松山市,2025-12,第976号,2025-12-01,2025-12-01,2030-12-31,飲食店営業,居酒庵　よっしおか,松山市三番町2丁目5-3 1F,382019,,,,,new_or_renewal,https://www.city.matsuyama.ehime.jp/shisei/opendata/metadata/shokuhinsinki.files/shokuhinsinki.xlsx,076ab31512db6c0d16c1b33f07ef1bd543cdc99cc8d394f932db4b2b7560bd84
松山市,2025-12,第977号,2025-12-01,2025-12-01,2030-12-31,飲食店営業,THREE FISH COFFEE,松山市千舟町3丁目2-17松山地所ビル1F,382019,,,,,new_or_renewal,https://www.city.matsuyama.ehime.jp/shisei/opendata/metadata/shokuhinsinki.files/shokuhinsinki.xlsx,076ab31512db6c0d16c1b33f07ef1bd543cdc99cc8d394f932db4b2b7560bd84
松山市,2025-12,第978号,2025-12-01,2025-12-01,2030-12-31,飲食店営業,ダック,松山市歩行町1丁目2-6,382019,,,,,new_or_renewal,https://www.city.matsuyama.ehime.jp/shisei/opendata/metadata/shokuhinsinki.files/shokuhinsinki.xlsx,076ab31512db6c0d16c1b33f07ef1bd543cdc99cc8d394f932db4b2b7560bd84
松山市,2025-12,第979号,2025-12-01,2025-12-01,2030-12-31,飲食店営業,道後ミルクチーズケエキ,松山市道後湯之町12-29　1F,382019,,,,,new_or_renewal,https://www.city.matsuyama.ehime.jp/shisei/opendata/metadata/shokuhinsinki.files/shokuhinsinki.xlsx,076ab31512db6c0d16c1b33f07ef1bd543cdc99cc8d394f932db4b2b7560bd84
松山市,2025-12,第981号,2025-12-01,2025-12-01,2030-12-31,飲食店営業,くいしん坊,松山市南斎院町947-1 ピュアメイツさや1F,382019,,,,,new_or_renewal,https://www.city.matsuyama.ehime.jp/shisei/opendata/metadata/shokuhinsinki.files/shokuhinsinki.xlsx,076ab31512db6c0d16c1b33f07ef1bd543cdc99cc8d394f932db4b2b7560bd84
松山市,2025-12,第983号,2025-12-01,2025-12-01,2030-12-31,飲食店営業,モスバーガー松山東環状店,松山市束本1丁目6-4,382019,,,,,new_or_renewal,https://www.city.matsuyama.ehime.jp/shisei/opendata/metadata/shokuhinsinki.files/shokuhinsinki.xlsx,076ab31512db6c0d16c1b33f07ef1bd543cdc99cc8d394f932db4b2b7560bd84
松山市,2025-12,第984号,2025-12-01,2025-12-01,2030-12-31,飲食店営業,喫茶　ミモザ,松山市畑寺3丁目12-19,382019,,,,,new_or_renewal,https://www.city.matsuyama.ehime.jp/shisei/opendata/metadata/shokuhinsinki.files/shokuhinsinki.xlsx,076ab31512db6c0d16c1b33f07ef1bd543cdc99cc8d394f932db4b2b7560bd84
松山市,2025-12,第985号,2025-12-01,2025-12-01,2030-12-31,飲食店営業,ココス　久万の台店,松山市久万ノ台3-4,382019,,,,,new_or_renewal,https://www.city.matsuyama.ehime.jp/shisei/opendata/metadata/shokuhinsinki.files/shokuhinsinki.xlsx,076ab31512db6c0d16c1b33f07ef1bd543cdc99cc8d394f932db4b2b7560bd84
松山市,2025-12,第986号,2025-12-01,2025-12-01,2030-12-31,飲食店営業,ローソン松山市民病院前店,松山市三番町7丁目7-5,382019,,,,,new_or_renewal,https://www.city.matsuyama.ehime.jp/shisei/opendata/metadata/shokuhinsinki.files/shokuhinsinki.xlsx,076ab31512db6c0d16c1b33f07ef1bd543cdc99cc8d394f932db4b2b7560bd84
松山市,2025-12,第987号,2025-12-01,2025-12-01,2030-12-31,飲食店営業,一青,松山市三番町1丁目16-19 井口ビル2F北,382019,,,,,new_or_renewal,https://www.city.matsuyama.ehime.jp/shisei/opendata/metadata/shokuhinsinki.files/shokuhinsinki.xlsx,076ab31512db6c0d16c1b33f07ef1bd543cdc99cc8d394f932db4b2b7560bd84
松山市,2025-12,第988号,2025-12-01,2025-12-01,2030-12-31,飲食店営業,HOTEL  ROSSO  松山,松山市三番町1丁目4-15　2F,382019,,,,,new_or_renewal,https://www.city.matsuyama.ehime.jp/shisei/opendata/metadata/shokuhinsinki.files/shokuhinsinki.xlsx,076ab31512db6c0d16c1b33f07ef1bd543cdc99cc8d394f932db4b2b7560bd84
松山市,2025-12,第989号,2025-12-01,2025-12-01,2030-12-31,飲食店営業,プチマドンナ,"松山市道後湯之町13-11 1,2F",382019,,,,,new_or_renewal,https://www.city.matsuyama.ehime.jp/shisei/opendata/metadata/shokuhinsinki.files/shokuhinsinki.xlsx,076ab31512db6c0d16c1b33f07ef1bd543cdc99cc8d394f932db4b2b7560bd84
松山市,2025-12,第990号,2025-12-01,2025-12-01,2030-12-31,飲食店営業,居酒屋ながぐつ,松山市朝生田町1丁目4-8,382019,,,,,new_or_renewal,https://www.city.matsuyama.ehime.jp/shisei/opendata/metadata/shokuhinsinki.files/shokuhinsinki.xlsx,076ab31512db6c0d16c1b33f07ef1bd543cdc99cc8d394f932db4b2b7560bd84
松山市,2025-12,第991号,2025-12-01,2025-12-01,2030-12-31,飲食店営業,徳川パルティフジ衣山店,松山市衣山1丁目188 パルティフジ衣山店　2F,382019,,,,,new_or_renewal,https://www.city.matsuyama.ehime.jp/shisei/opendata/metadata/shokuhinsinki.files/shokuhinsinki.xlsx,076ab31512db6c0d16c1b33f07ef1bd543cdc99cc8d394f932db4b2b7560bd84
松山市,2025-12,第993号,2025-12-01,2025-12-01,2030-12-31,飲食店営業,Bar Start,松山市二番町1丁目2-7 ライルビル3F,382019,,,,,new_or_renewal,https://www.city.matsuyama.ehime.jp/shisei/opendata/metadata/shokuhinsinki.files/shokuhinsinki.xlsx,076ab31512db6c0d16c1b33f07ef1bd543cdc99cc8d394f932db4b2b7560bd84
松山市,2025-12,第994号,2025-12-01,2025-12-01,2030-12-31,飲食店営業,second season 133,松山市二番町1丁目5-1　1F,382019,,,,,new_or_renewal,https://www.city.matsuyama.ehime.jp/shisei/opendata/metadata/shokuhinsinki.files/shokuhinsinki.xlsx,076ab31512db6c0d16c1b33f07ef1bd543cdc99cc8d394f932db4b2b7560bd84
松山市,2025-12,第995号,2025-12-01,2025-12-01,2030-12-31,飲食店営業,ろず,松山市二番町2丁目6-11江戸長本店ビル3F,382019,,,,,new_or_renewal,https://www.city.matsuyama.ehime.jp/shisei/opendata/metadata/shokuhinsinki.files/shokuhinsinki.xlsx,076ab31512db6c0d16c1b33f07ef1bd543cdc99cc8d394f932db4b2b7560bd84
松山市,2025-12,第996号,2025-12-01,2025-12-01,2030-12-31,飲食店営業,いづみ,"松山市歩行町2丁目1-3 1F,2F",382019,,,,,new_or_renewal,https://www.city.matsuyama.ehime.jp/shisei/opendata/metadata/shokuhinsinki.files/shokuhinsinki.xlsx,076ab31512db6c0d16c1b33f07ef1bd543cdc99cc8d394f932db4b2b7560bd84
松山市,2025-12,第997号,2025-12-01,2025-12-01,2030-12-31,飲食店営業,ピッツェリア　マルブン　朝生田,松山市朝生田町6丁目2-3,382019,,,,,new_or_renewal,https://www.city.matsuyama.ehime.jp/shisei/opendata/metadata/shokuhinsinki.files/shokuhinsinki.xlsx,076ab31512db6c0d16c1b33f07ef1bd543cdc99cc8d394f932db4b2b7560bd84
松山市,2025-12,第998号,2025-12-01,2025-12-01,2030-12-31,飲食店営業,食処　七楽,松山市北久米町664-9 1F,382019,,,,,new_or_renewal,https://www.city.matsuyama.ehime.jp/shisei/opendata/metadata/shokuhinsinki.files/shokuhinsinki.xlsx,076ab31512db6c0d16c1b33f07ef1bd543cdc99cc8d394f932db4b2b7560bd84
松山市,2025-12,第999号,2025-12-01,2025-12-01,2030-12-31,飲食店営業,スナック　ＫＡＫＯ,松山市高浜町4丁目1509,382019,,,,,new_or_renewal,https://www.city.matsuyama.ehime.jp/shisei/opendata/metadata/shokuhinsinki.files/shokuhinsinki.xlsx,076ab31512db6c0d16c1b33f07ef1bd543cdc99cc8d394f932db4b2b7560bd84
松山市,2025-12,第1000号,2025-12-01,2025-12-01,2030-12-31,飲食店営業,ＭＯＮＫ,松山市三番町1丁目10-16相原ビル2F,382019,,,,,new_or_renewal,https://www.city.matsuyama.ehime.jp/shisei/opendata/metadata/shokuhinsinki.files/shokuhinsinki.xlsx,076ab31512db6c0d16c1b33f07ef1bd543cdc99cc8d394f932db4b2b7560bd84
松山市,2025-12,第1001号,2025-12-01,2025-12-01,2030-12-31,飲食店営業,髙本,松山市三番町6丁目5-7髙本ビル1F,382019,,,,,new_or_renewal,https://www.city.matsuyama.ehime.jp/shisei/opendata/metadata/shokuhinsinki.files/shokuhinsinki.xlsx,076ab31512db6c0d16c1b33f07ef1bd543cdc99cc8d394f932db4b2b7560bd84
松山市,2025-12,第1002号,2025-12-02,2025-12-02,2030-12-31,飲食店営業,カフェ・キエラ,松山市久米窪田町1108-1 1F,382019,,,,,new_or_renewal,https://www.city.matsuyama.ehime.jp/shisei/opendata/metadata/shokuhinsinki.files/shokuhinsinki.xlsx,076ab31512db6c0d16c1b33f07ef1bd543cdc99cc8d394f932db4b2b7560bd84
松山市,2025-12,第1003号,2025-12-02,2025-12-02,2030-12-31,飲食店営業,ムーンライト,松山市二番町2丁目1-1 第26ミツワビル2F,382019,,,,,new_or_renewal,https://www.city.matsuyama.ehime.jp/shisei/opendata/metadata/shokuhinsinki.files/shokuhinsinki.xlsx,076ab31512db6c0d16c1b33f07ef1bd543cdc99cc8d394f932db4b2b7560bd84
松山市,2025-12,第1004号,2025-12-02,2025-12-02,2030-12-31,飲食店営業,スポーツ居酒屋しゃかりき家,松山市二番町2丁目5-10ZENANAビル2F,382019,,,,,new_or_renewal,https://www.city.matsuyama.ehime.jp/shisei/opendata/metadata/shokuhinsinki.files/shokuhinsinki.xlsx,076ab31512db6c0d16c1b33f07ef1bd543cdc99cc8d394f932db4b2b7560bd84
松山市,2025-12,第1008号,2025-12-03,2025-12-03,2030-12-31,飲食店営業,ENO COFFEE,松山市井門町1212⁻1 1F,382019,,,,,new_or_renewal,https://www.city.matsuyama.ehime.jp/shisei/opendata/metadata/shokuhinsinki.files/shokuhinsinki.xlsx,076ab31512db6c0d16c1b33f07ef1bd543cdc99cc8d394f932db4b2b7560bd84
松山市,2025-12,第1009号,2025-12-03,2025-12-03,2030-12-31,飲食店営業,ｄｅｌ　ｔｏｐｏ,松山市千舟町4丁目1-10FACURIO　Jack3F,382019,,,,,new_or_renewal,https://www.city.matsuyama.ehime.jp/shisei/opendata/metadata/shokuhinsinki.files/shokuhinsinki.xlsx,076ab31512db6c0d16c1b33f07ef1bd543cdc99cc8d394f932db4b2b7560bd84
松山市,2025-12,第1010号,2025-12-03,2025-12-03,2030-12-31,飲食店営業,ローソン松山衣山店,松山市衣山1丁目233-1,382019,,,,,new_or_renewal,https://www.city.matsuyama.ehime.jp/shisei/opendata/metadata/shokuhinsinki.files/shokuhinsinki.xlsx,076ab31512db6c0d16c1b33f07ef1bd543cdc99cc8d394f932db4b2b7560bd84
松山市,2025-12,第1011号,2025-12-04,2025-12-04,2030-12-31,飲食店営業,愛媛おいも万博2025　淡路島金賞カレーパン　サンハート　ブースNo．1,松山市堀之内　城山公園管理広場　愛媛おいも万博会場内,382019,,,,,new_or_renewal,https://www.city.matsuyama.ehime.jp/shisei/opendata/metadata/shokuhinsinki.files/shokuhinsinki.xlsx,076ab31512db6c0d16c1b33f07ef1bd543cdc99cc8d394f932db4b2b7560bd84
松山市,2025-12,第1012号,2025-12-04,2025-12-04,2030-12-31,飲食店営業,愛媛おいも万博2025　焼き芋専門店　芋やす　ブースNo．2,松山市堀之内　城山公園管理広場　愛媛おいも万博会場内,382019,,,,,new_or_renewal,https://www.city.matsuyama.ehime.jp/shisei/opendata/metadata/shokuhinsinki.files/shokuhinsinki.xlsx,076ab31512db6c0d16c1b33f07ef1bd543cdc99cc8d394f932db4b2b7560bd84
松山市,2025-12,第1013号,2025-12-04,2025-12-04,2030-12-31,飲食店営業,愛媛おいも万博2025　日比焼き芋　-HIBIYAKIIMO TOKYO- ブースNo.3,松山市堀之内　城山公園管理広場　愛媛おいも万博会場内,382019,,,,,new_or_renewal,https://www.city.matsuyama.ehime.jp/shisei/opendata/metadata/shokuhinsinki.files/shokuhinsinki.xlsx,076ab31512db6c0d16c1b33f07ef1bd543cdc99cc8d394f932db4b2b7560bd84
松山市,2025-12,第1014号,2025-12-04,2025-12-04,2030-12-31,飲食店営業,愛媛おいも万博2025 芋屋　蜜の月　倉敷本店　ブースNo.4,松山市堀之内　城山公園管理広場　愛媛おいも万博会場内,382019,,,,,new_or_renewal,https://www.city.matsuyama.ehime.jp/shisei/opendata/metadata/shokuhinsinki.files/shokuhinsinki.xlsx,076ab31512db6c0d16c1b33f07ef1bd543cdc99cc8d394f932db4b2b7560bd84
松山市,2025-12,第1015号,2025-12-04,2025-12-04,2030-12-31,飲食店営業,"愛媛おいも万博2025 パイ専門店　pie,guruguru　ブースNo.5",松山市堀之内　城山公園管理広場　愛媛おいも万博会場内,382019,,,,,new_or_renewal,https://www.city.matsuyama.ehime.jp/shisei/opendata/metadata/shokuhinsinki.files/shokuhinsinki.xlsx,076ab31512db6c0d16c1b33f07ef1bd543cdc99cc8d394f932db4b2b7560bd84
松山市,2025-12,第1016号,2025-12-04,2025-12-04,2030-12-31,飲食店営業,愛媛おいも万博2025　浪漫焼き芋　芋の巣　ブースNo.7,松山市堀之内　城山公園管理広場　愛媛おいも万博会場内,382019,,,,,new_or_renewal,https://www.city.matsuyama.ehime.jp/shisei/opendata/metadata/shokuhinsinki.files/shokuhinsinki.xlsx,076ab31512db6c0d16c1b33f07ef1bd543cdc99cc8d394f932db4b2b7560bd84
松山市,2025-12,第1017号,2025-12-04,2025-12-04,2030-12-31,飲食店営業,愛媛おいも万博2025　BUTTER　CREPE　LAB.　ブースNo.8,松山市堀之内　城山公園管理広場　愛媛おいも万博会場内,382019,,,,,new_or_renewal,https://www.city.matsuyama.ehime.jp/shisei/opendata/metadata/shokuhinsinki.files/shokuhinsinki.xlsx,076ab31512db6c0d16c1b33f07ef1bd543cdc99cc8d394f932db4b2b7560bd84
松山市,2025-12,第1018号,2025-12-04,2025-12-04,2030-12-31,飲食店営業,愛媛おいも万博2025　京都芋屋　芋と野菜　ブースNo.9,松山市堀之内　城山公園管理広場　愛媛おいも万博会場内,382019,,,,,new_or_renewal,https://www.city.matsuyama.ehime.jp/shisei/opendata/metadata/shokuhinsinki.files/shokuhinsinki.xlsx,076ab31512db6c0d16c1b33f07ef1bd543cdc99cc8d394f932db4b2b7560bd84
松山市,2025-12,第1019号,2025-12-04,2025-12-04,2030-12-31,飲食店営業,愛媛おいも万博2025　芋や吟二朗　ブースNo.10,松山市堀之内　城山公園管理広場　愛媛おいも万博会場内,382019,,,,,new_or_renewal,https://www.city.matsuyama.ehime.jp/shisei/opendata/metadata/shokuhinsinki.files/shokuhinsinki.xlsx,076ab31512db6c0d16c1b33f07ef1bd543cdc99cc8d394f932db4b2b7560bd84
松山市,2025-12,第1020号,2025-12-04,2025-12-04,2030-12-31,飲食店営業,愛媛おいも万博2025　なるころ　ブースNo.12,松山市堀之内　城山公園管理広場　愛媛おいも万博会場内,382019,,,,,new_or_renewal,https://www.city.matsuyama.ehime.jp/shisei/opendata/metadata/shokuhinsinki.files/shokuhinsinki.xlsx,076ab31512db6c0d16c1b33f07ef1bd543cdc99cc8d394f932db4b2b7560bd84
松山市,2025-12,第1021号,2025-12-04,2025-12-04,2030-12-31,飲食店営業,愛媛おいも万博2025　DOCO弐番館　ブースNo.13,松山市堀之内　城山公園管理広場　愛媛おいも万博会場内,382019,,,,,new_or_renewal,https://www.city.matsuyama.ehime.jp/shisei/opendata/metadata/shokuhinsinki.files/shokuhinsinki.xlsx,076ab31512db6c0d16c1b33f07ef1bd543cdc99cc8d394f932db4b2b7560bd84
松山市,2025-12,第1022号,2025-12-04,2025-12-04,2030-12-31,飲食店営業,愛媛おいも万博2025　おいもスイーツ専門店　いもまる　ブースNo.14,松山市堀之内　城山公園管理広場　愛媛おいも万博会場内,382019,,,,,new_or_renewal,https://www.city.matsuyama.ehime.jp/shisei/opendata/metadata/shokuhinsinki.files/shokuhinsinki.xlsx,076ab31512db6c0d16c1b33f07ef1bd543cdc99cc8d394f932db4b2b7560bd84
松山市,2025-12,第1023号,2025-12-04,2025-12-04,2030-12-31,飲食店営業,羅座亜留　平井店,松山市平井町甲2297-1,382019,,,,,new_or_renewal,https://www.city.matsuyama.ehime.jp/shisei/opendata/metadata/shokuhinsinki.files/shokuhinsinki.xlsx,076ab31512db6c0d16c1b33f07ef1bd543cdc99cc8d394f932db4b2b7560bd84
松山市,2025-12,第1024号,2025-12-04,2025-12-04,2030-12-31,飲食店営業,ジノ,松山市末広町17-5 1F,382019,,,,,new_or_renewal,https://www.city.matsuyama.ehime.jp/shisei/opendata/metadata/shokuhinsinki.files/shokuhinsinki.xlsx,076ab31512db6c0d16c1b33f07ef1bd543cdc99cc8d394f932db4b2b7560bd84
松山市,2025-12,第1025号,2025-12-05,2025-12-05,2030-12-31,飲食店営業,遊べるカフェ Watto,松山市山西町593-16コーポ大聖1F南,382019,,,,,new_or_renewal,https://www.city.matsuyama.ehime.jp/shisei/opendata/metadata/shokuhinsinki.files/shokuhinsinki.xlsx,076ab31512db6c0d16c1b33f07ef1bd543cdc99cc8d394f932db4b2b7560bd84
松山市,2025-12,第1026号,2025-12-05,2025-12-05,2030-12-31,飲食店営業,your bar 8,松山市二番町2丁目1-10Y2NKビル2F,382019,,,,,new_or_renewal,https://www.city.matsuyama.ehime.jp/shisei/opendata/metadata/shokuhinsinki.files/shokuhinsinki.xlsx,076ab31512db6c0d16c1b33f07ef1bd543cdc99cc8d394f932db4b2b7560bd84
松山市,2025-12,第1027号,2025-12-05,2025-12-05,2030-12-31,飲食店営業,Bar Dope,松山市二番町2丁目6-9丸和第3ビル 2F 西,382019,,,,,new_or_renewal,https://www.city.matsuyama.ehime.jp/shisei/opendata/metadata/shokuhinsinki.files/shokuhinsinki.xlsx,076ab31512db6c0d16c1b33f07ef1bd543cdc99cc8d394f932db4b2b7560bd84
松山市,2025-12,第1028号,2025-12-05,2025-12-05,2030-12-31,飲食店営業,ELMER,松山市二番町2丁目6-2第2KKビル2F西,382019,,,,,new_or_renewal,https://www.city.matsuyama.ehime.jp/shisei/opendata/metadata/shokuhinsinki.files/shokuhinsinki.xlsx,076ab31512db6c0d16c1b33f07ef1bd543cdc99cc8d394f932db4b2b7560bd84
松山市,2025-12,第1029号,2025-12-05,2025-12-05,2030-12-31,飲食店営業,BAR Cell,松山市二番町1丁目3-1 古唐人ビル月舘302,382019,,,,,new_or_renewal,https://www.city.matsuyama.ehime.jp/shisei/opendata/metadata/shokuhinsinki.files/shokuhinsinki.xlsx,076ab31512db6c0d16c1b33f07ef1bd543cdc99cc8d394f932db4b2b7560bd84
松山市,2025-12,第1030号,2025-12-05,2025-12-05,2030-12-31,飲食店営業,Bar　moca,松山市三番町1丁目15-5LIDO　STAGEビル　40A,382019,,,,,new_or_renewal,https://www.city.matsuyama.ehime.jp/shisei/opendata/metadata/shokuhinsinki.files/shokuhinsinki.xlsx,076ab31512db6c0d16c1b33f07ef1bd543cdc99cc8d394f932db4b2b7560bd84
松山市,2025-12,第1031号,2025-12-05,2025-12-05,2030-12-31,飲食店営業,台湾プラス,松山市保健所管内,382019,,,,,new_or_renewal,https://www.city.matsuyama.ehime.jp/shisei/opendata/metadata/shokuhinsinki.files/shokuhinsinki.xlsx,076ab31512db6c0d16c1b33f07ef1bd543cdc99cc8d394f932db4b2b7560bd84
松山市,2025-12,第1032号,2025-12-05,2025-12-05,2030-12-31,飲食店営業,akaneya,松山市保健所管内,382019,,,,,new_or_renewal,https://www.city.matsuyama.ehime.jp/shisei/opendata/metadata/shokuhinsinki.files/shokuhinsinki.xlsx,076ab31512db6c0d16c1b33f07ef1bd543cdc99cc8d394f932db4b2b7560bd84
松山市,2025-12,第1033号,2025-12-08,2025-12-08,2030-12-31,飲食店営業,いよてつ髙島屋　7階催会場　大東北展,松山市湊町5丁目1-1株式会社　伊予鉄髙島屋　7F,382019,,,,,new_or_renewal,https://www.city.matsuyama.ehime.jp/shisei/opendata/metadata/shokuhinsinki.files/shokuhinsinki.xlsx,076ab31512db6c0d16c1b33f07ef1bd543cdc99cc8d394f932db4b2b7560bd84
松山市,2025-12,第1035号,2025-12-08,2025-12-08,2030-12-31,飲食店営業,たまりば,松山市木屋町2丁目8-9 作道ビル1F西,382019,,,,,new_or_renewal,https://www.city.matsuyama.ehime.jp/shisei/opendata/metadata/shokuhinsinki.files/shokuhinsinki.xlsx,076ab31512db6c0d16c1b33f07ef1bd543cdc99cc8d394f932db4b2b7560bd84
松山市,2025-12,第1036号,2025-12-08,2025-12-08,2030-12-31,飲食店営業,株式会社　カレーのライオン,松山市千舟町3丁目2-15,382019,,,,,new_or_renewal,https://www.city.matsuyama.ehime.jp/shisei/opendata/metadata/shokuhinsinki.files/shokuhinsinki.xlsx,076ab31512db6c0d16c1b33f07ef1bd543cdc99cc8d394f932db4b2b7560bd84
松山市,2025-12,第1037号,2025-12-08,2025-12-08,2030-12-31,飲食店営業,焼鳥　亘,松山市三番町2丁目9-3 1F,382019,,,,,new_or_renewal,https://www.city.matsuyama.ehime.jp/shisei/opendata/metadata/shokuhinsinki.files/shokuhinsinki.xlsx,076ab31512db6c0d16c1b33f07ef1bd543cdc99cc8d394f932db4b2b7560bd84
松山市,2025-12,第1038号,2025-12-08,2025-12-08,2030-12-31,飲食店営業,鉢や要,松山市二番町2丁目1-6 ゴールドリッチビル2F,382019,,,,,new_or_renewal,https://www.city.matsuyama.ehime.jp/shisei/opendata/metadata/shokuhinsinki.files/shokuhinsinki.xlsx,076ab31512db6c0d16c1b33f07ef1bd543cdc99cc8d394f932db4b2b7560bd84
松山市,2025-12,第1040号,2025-12-09,2025-12-09,2030-12-31,飲食店営業,TAXI,松山市二番町2丁目7-15 吉田ビル5F,382019,,,,,new_or_renewal,https://www.city.matsuyama.ehime.jp/shisei/opendata/metadata/shokuhinsinki.files/shokuhinsinki.xlsx,076ab31512db6c0d16c1b33f07ef1bd543cdc99cc8d394f932db4b2b7560bd84
松山市,2025-12,第1041号,2025-12-09,2025-12-09,2030-12-31,飲食店営業,ココス　朝生田店,松山市朝生田町6丁目1-18,382019,,,,,new_or_renewal,https://www.city.matsuyama.ehime.jp/shisei/opendata/metadata/shokuhinsinki.files/shokuhinsinki.xlsx,076ab31512db6c0d16c1b33f07ef1bd543cdc99cc8d394f932db4b2b7560bd84
松山市,2025-12,第1042号,2025-12-09,2025-12-09,2030-12-31,飲食店営業,nAn  nan,松山市中野町413-6,382019,,,,,new_or_renewal,https://www.city.matsuyama.ehime.jp/shisei/opendata/metadata/shokuhinsinki.files/shokuhinsinki.xlsx,076ab31512db6c0d16c1b33f07ef1bd543cdc99cc8d394f932db4b2b7560bd84
松山市,2025-12,第1043号,2025-12-10,2025-12-10,2030-12-31,飲食店営業,ONE REP,松山市三番町1丁目15-5LIDO STAGEビル4F北号室,382019,,,,,new_or_renewal,https://www.city.matsuyama.ehime.jp/shisei/opendata/metadata/shokuhinsinki.files/shokuhinsinki.xlsx,076ab31512db6c0d16c1b33f07ef1bd543cdc99cc8d394f932db4b2b7560bd84
松山市,2025-12,第1044号,2025-12-10,2025-12-10,2030-12-31,飲食店営業,御食事処　斗鬼,松山市花園町4-10 中本ビル1F,382019,,,,,new_or_renewal,https://www.city.matsuyama.ehime.jp/shisei/opendata/metadata/shokuhinsinki.files/shokuhinsinki.xlsx,076ab31512db6c0d16c1b33f07ef1bd543cdc99cc8d394f932db4b2b7560bd84
松山市,2025-12,第1045号,2025-12-11,2025-12-11,2030-12-31,飲食店営業,伊予食堂　おとら,松山市道後湯之町3-15,382019,,,,,new_or_renewal,https://www.city.matsuyama.ehime.jp/shisei/opendata/metadata/shokuhinsinki.files/shokuhinsinki.xlsx,076ab31512db6c0d16c1b33f07ef1bd543cdc99cc8d394f932db4b2b7560bd84
松山市,2025-12,第1046号,2025-12-11,2025-12-11,2030-12-31,飲食店営業,ピッツェリア　ミーア・ナポリ,松山市衣山1丁目188,382019,,,,,new_or_renewal,https://www.city.matsuyama.ehime.jp/shisei/opendata/metadata/shokuhinsinki.files/shokuhinsinki.xlsx,076ab31512db6c0d16c1b33f07ef1bd543cdc99cc8d394f932db4b2b7560bd84
松山市,2025-12,第1047号,2025-12-11,2025-12-11,2030-12-31,飲食店営業,ピッツェリア　リストランテ　トスカーナの休日,松山市古川北4丁目7-3,382019,,,,,new_or_renewal,https://www.city.matsuyama.ehime.jp/shisei/opendata/metadata/shokuhinsinki.files/shokuhinsinki.xlsx,076ab31512db6c0d16c1b33f07ef1bd543cdc99cc8d394f932db4b2b7560bd84
松山市,2025-12,第1048号,2025-12-11,2025-12-11,2030-12-31,飲食店営業,ローソン松山桑原三丁目店,松山市桑原3丁目5-3,382019,,,,,new_or_renewal,https://www.city.matsuyama.ehime.jp/shisei/opendata/metadata/shokuhinsinki.files/shokuhinsinki.xlsx,076ab31512db6c0d16c1b33f07ef1bd543cdc99cc8d394f932db4b2b7560bd84
松山市,2025-12,第1049号,2025-12-11,2025-12-11,2030-12-31,飲食店営業,ローソン松山三町店,松山市三町3丁目1-1,382019,,,,,new_or_renewal,https://www.city.matsuyama.ehime.jp/shisei/opendata/metadata/shokuhinsinki.files/shokuhinsinki.xlsx,076ab31512db6c0d16c1b33f07ef1bd543cdc99cc8d394f932db4b2b7560bd84
松山市,2025-12,第1050号,2025-12-11,2025-12-11,2030-12-31,飲食店営業,スタンドはるか,松山市一番町2丁目4-15 西山店舗1F,382019,,,,,new_or_renewal,https://www.city.matsuyama.ehime.jp/shisei/opendata/metadata/shokuhinsinki.files/shokuhinsinki.xlsx,076ab31512db6c0d16c1b33f07ef1bd543cdc99cc8d394f932db4b2b7560bd84
松山市,2025-12,第1051号,2025-12-11,2025-12-11,2030-12-31,飲食店営業,シナモンゲストハウス道後,松山市道後湯之町4-50 1F,382019,,,,,new_or_renewal,https://www.city.matsuyama.ehime.jp/shisei/opendata/metadata/shokuhinsinki.files/shokuhinsinki.xlsx,076ab31512db6c0d16c1b33f07ef1bd543cdc99cc8d394f932db4b2b7560bd84
松山市,2025-12,第1052号,2025-12-12,2025-12-12,2030-12-31,飲食店営業,ファミリーマート　松山西石井店,松山市西石井5丁目203-1,382019,,,,,new_or_renewal,https://www.city.matsuyama.ehime.jp/shisei/opendata/metadata/shokuhinsinki.files/shokuhinsinki.xlsx,076ab31512db6c0d16c1b33f07ef1bd543cdc99cc8d394f932db4b2b7560bd84
松山市,2025-12,第1053号,2025-12-12,2025-12-12,2030-12-31,飲食店営業,ほっともっと松山平井町店,松山市平井町甲2527-1,382019,,,,,new_or_renewal,https://www.city.matsuyama.ehime.jp/shisei/opendata/metadata/shokuhinsinki.files/shokuhinsinki.xlsx,076ab31512db6c0d16c1b33f07ef1bd543cdc99cc8d394f932db4b2b7560bd84
松山市,2025-12,第1054号,2025-12-12,2025-12-12,2030-12-31,飲食店営業,ほっともっと松山清水町店,松山市清水町3丁目50,382019,,,,,new_or_renewal,https://www.city.matsuyama.ehime.jp/shisei/opendata/metadata/shokuhinsinki.files/shokuhinsinki.xlsx,076ab31512db6c0d16c1b33f07ef1bd543cdc99cc8d394f932db4b2b7560bd84
松山市,2025-12,第1055号,2025-12-12,2025-12-12,2030-12-31,飲食店営業,山下脳神経外科,松山市西長戸町160番地,382019,,,,,new_or_renewal,https://www.city.matsuyama.ehime.jp/shisei/opendata/metadata/shokuhinsinki.files/shokuhinsinki.xlsx,076ab31512db6c0d16c1b33f07ef1bd543cdc99cc8d394f932db4b2b7560bd84
松山市,2025-12,第1056号,2025-12-15,2025-12-15,2030-12-31,飲食店営業,南南西,松山市三番町1丁目12-4安永ビル　1F,382019,,,,,new_or_renewal,https://www.city.matsuyama.ehime.jp/shisei/opendata/metadata/shokuhinsinki.files/shokuhinsinki.xlsx,076ab31512db6c0d16c1b33f07ef1bd543cdc99cc8d394f932db4b2b7560bd84
松山市,2025-12,第1057号,2025-12-15,2025-12-15,2030-12-31,飲食店営業,フジ古川店,松山市古川北3丁目19-14,382019,,,,,new_or_renewal,https://www.city.matsuyama.ehime.jp/shisei/opendata/metadata/shokuhinsinki.files/shokuhinsinki.xlsx,076ab31512db6c0d16c1b33f07ef1bd543cdc99cc8d394f932db4b2b7560bd84
松山市,2025-12,第1060号,2025-12-15,2025-12-15,2030-12-31,飲食店営業,手打うどん　鶴鶴,松山市清水町3丁目164-2　1F,382019,,,,,new_or_renewal,https://www.city.matsuyama.ehime.jp/shisei/opendata/metadata/shokuhinsinki.files/shokuhinsinki.xlsx,076ab31512db6c0d16c1b33f07ef1bd543cdc99cc8d394f932db4b2b7560bd84
松山市,2025-12,第1061号,2025-12-15,2025-12-15,2030-12-31,飲食店営業,株式会社笹錦食産　天山店,松山市天山2丁目4-18,382019,,,,,new_or_renewal,https://www.city.matsuyama.ehime.jp/shisei/opendata/metadata/shokuhinsinki.files/shokuhinsinki.xlsx,076ab31512db6c0d16c1b33f07ef1bd543cdc99cc8d394f932db4b2b7560bd84
松山市,2025-12,第1063号,2025-12-15,2025-12-15,2030-12-31,飲食店営業,SMiLE,松山市三番町2丁目8-3 ミナトビル3F,382019,,,,,new_or_renewal,https://www.city.matsuyama.ehime.jp/shisei/opendata/metadata/shokuhinsinki.files/shokuhinsinki.xlsx,076ab31512db6c0d16c1b33f07ef1bd543cdc99cc8d394f932db4b2b7560bd84
松山市,2025-12,第1064号,2025-12-17,2025-12-17,2030-12-31,飲食店営業,カナリア,松山市立花2丁目8-7 クイーンビル1F,382019,,,,,new_or_renewal,https://www.city.matsuyama.ehime.jp/shisei/opendata/metadata/shokuhinsinki.files/shokuhinsinki.xlsx,076ab31512db6c0d16c1b33f07ef1bd543cdc99cc8d394f932db4b2b7560bd84
松山市,2025-12,第1065号,2025-12-17,2025-12-17,2030-12-31,飲食店営業,ame.,松山市二番町1丁目5-30古唐人ビルANEX4F,382019,,,,,new_or_renewal,https://www.city.matsuyama.ehime.jp/shisei/opendata/metadata/shokuhinsinki.files/shokuhinsinki.xlsx,076ab31512db6c0d16c1b33f07ef1bd543cdc99cc8d394f932db4b2b7560bd84
松山市,2025-12,第1067号,2025-12-18,2025-12-18,2030-12-31,飲食店営業,時計台,松山市宮田町10-2,382019,,,,,new_or_renewal,https://www.city.matsuyama.ehime.jp/shisei/opendata/metadata/shokuhinsinki.files/shokuhinsinki.xlsx,076ab31512db6c0d16c1b33f07ef1bd543cdc99cc8d394f932db4b2b7560bd84
松山市,2025-12,第1068号,2025-12-18,2025-12-18,2030-12-31,飲食店営業,Bar　池田屋,松山市河原町6-1,382019,,,,,new_or_renewal,https://www.city.matsuyama.ehime.jp/shisei/opendata/metadata/shokuhinsinki.files/shokuhinsinki.xlsx,076ab31512db6c0d16c1b33f07ef1bd543cdc99cc8d394f932db4b2b7560bd84
松山市,2025-12,第1069号,2025-12-18,2025-12-18,2030-12-31,飲食店営業,お茶屋　乙鳥,松山市大街道3丁目2-74 1F,382019,,,,,new_or_renewal,https://www.city.matsuyama.ehime.jp/shisei/opendata/metadata/shokuhinsinki.files/shokuhinsinki.xlsx,076ab31512db6c0d16c1b33f07ef1bd543cdc99cc8d394f932db4b2b7560bd84
松山市,2025-12,第1070号,2025-12-18,2025-12-18,2030-12-31,飲食店営業,鳥ロマン　はなみずき通り店,松山市古川北１丁目150-3,382019,,,,,new_or_renewal,https://www.city.matsuyama.ehime.jp/shisei/opendata/metadata/shokuhinsinki.files/shokuhinsinki.xlsx,076ab31512db6c0d16c1b33f07ef1bd543cdc99cc8d394f932db4b2b7560bd84
松山市,2025-12,第1071号,2025-12-18,2025-12-18,2030-12-31,飲食店営業,Caprice,松山市北土居3丁目7-111F,382019,,,,,new_or_renewal,https://www.city.matsuyama.ehime.jp/shisei/opendata/metadata/shokuhinsinki.files/shokuhinsinki.xlsx,076ab31512db6c0d16c1b33f07ef1bd543cdc99cc8d394f932db4b2b7560bd84
松山市,2025-12,第1072号,2025-12-18,2025-12-18,2030-12-31,飲食店営業,さかな工房　丸万,松山市祇園町3-21,382019,,,,,new_or_renewal,https://www.city.matsuyama.ehime.jp/shisei/opendata/metadata/shokuhinsinki.files/shokuhinsinki.xlsx,076ab31512db6c0d16c1b33f07ef1bd543cdc99cc8d394f932db4b2b7560bd84
松山市,2025-12,第1073号,2025-12-18,2025-12-18,2030-12-31,飲食店営業,おだい処　蓮,松山市一番町1丁目7-17リーブル悠1F南側,382019,,,,,new_or_renewal,https://www.city.matsuyama.ehime.jp/shisei/opendata/metadata/shokuhinsinki.files/shokuhinsinki.xlsx,076ab31512db6c0d16c1b33f07ef1bd543cdc99cc8d394f932db4b2b7560bd84
松山市,2025-12,第1074号,2025-12-18,2025-12-18,2030-12-31,飲食店営業,ローソン松山平井町古市店,松山市平井町甲1726-1,382019,,,,,new_or_renewal,https://www.city.matsuyama.ehime.jp/shisei/opendata/metadata/shokuhinsinki.files/shokuhinsinki.xlsx,076ab31512db6c0d16c1b33f07ef1bd543cdc99cc8d394f932db4b2b7560bd84
松山市,2025-12,第1079号,2025-12-19,2025-12-19,2030-12-31,飲食店営業,モスバーガー松山東環状店（店舗店頭）,松山市束本1丁目6-4,382019,,,,,new_or_renewal,https://www.city.matsuyama.ehime.jp/shisei/opendata/metadata/shokuhinsinki.files/shokuhinsinki.xlsx,076ab31512db6c0d16c1b33f07ef1bd543cdc99cc8d394f932db4b2b7560bd84
松山市,2025-12,第1080号,2025-12-19,2025-12-19,2030-12-31,飲食店営業,焼鳥大野,松山市千舟町5丁目5-1,382019,,,,,new_or_renewal,https://www.city.matsuyama.ehime.jp/shisei/opendata/metadata/shokuhinsinki.files/shokuhinsinki.xlsx,076ab31512db6c0d16c1b33f07ef1bd543cdc99cc8d394f932db4b2b7560bd84
松山市,2025-12,第1081号,2025-12-19,2025-12-19,2030-12-31,飲食店営業,smoke house matsuyama,松山市余戸中4丁目2-40,382019,,,,,new_or_renewal,https://www.city.matsuyama.ehime.jp/shisei/opendata/metadata/shokuhinsinki.files/shokuhinsinki.xlsx,076ab31512db6c0d16c1b33f07ef1bd543cdc99cc8d394f932db4b2b7560bd84
松山市,2025-12,第1082号,2025-12-19,2025-12-19,2030-12-31,飲食店営業,2 FINGER CLUB,松山市三番町2丁目6-2キスケ第1ビル403,382019,,,,,new_or_renewal,https://www.city.matsuyama.ehime.jp/shisei/opendata/metadata/shokuhinsinki.files/shokuhinsinki.xlsx,076ab31512db6c0d16c1b33f07ef1bd543cdc99cc8d394f932db4b2b7560bd84
松山市,2025-12,第1083号,2025-12-19,2025-12-19,2030-12-31,飲食店営業,鮮魚旬菜　吉,松山市二番町3丁目2-6岡田ビルB1、1、2、3F,382019,,,,,new_or_renewal,https://www.city.matsuyama.ehime.jp/shisei/opendata/metadata/shokuhinsinki.files/shokuhinsinki.xlsx,076ab31512db6c0d16c1b33f07ef1bd543cdc99cc8d394f932db4b2b7560bd84
松山市,2025-12,第1084号,2025-12-19,2025-12-19,2030-12-31,飲食店営業,天使の隠れ家　松山店,松山市鴨川1丁目5-40,382019,,,,,new_or_renewal,https://www.city.matsuyama.ehime.jp/shisei/opendata/metadata/shokuhinsinki.files/shokuhinsinki.xlsx,076ab31512db6c0d16c1b33f07ef1bd543cdc99cc8d394f932db4b2b7560bd84
松山市,2025-12,第1085号,2025-12-19,2025-12-19,2030-12-31,飲食店営業,日清医療食品株式会社　サンリベラル道後事業所,松山市末町甲56-1,382019,,,,,new_or_renewal,https://www.city.matsuyama.ehime.jp/shisei/opendata/metadata/shokuhinsinki.files/shokuhinsinki.xlsx,076ab31512db6c0d16c1b33f07ef1bd543cdc99cc8d394f932db4b2b7560bd84
松山市,2025-12,第1086号,2025-12-22,2025-12-22,2030-12-31,飲食店営業,焼肉まんぷく　古三津店,松山市古三津3丁目2-5,382019,,,,,new_or_renewal,https://www.city.matsuyama.ehime.jp/shisei/opendata/metadata/shokuhinsinki.files/shokuhinsinki.xlsx,076ab31512db6c0d16c1b33f07ef1bd543cdc99cc8d394f932db4b2b7560bd84
松山市,2025-12,第1087号,2025-12-22,2025-12-22,2030-12-31,飲食店営業,ケータリングシステム,松山市保健所管内,382019,,,,,new_or_renewal,https://www.city.matsuyama.ehime.jp/shisei/opendata/metadata/shokuhinsinki.files/shokuhinsinki.xlsx,076ab31512db6c0d16c1b33f07ef1bd543cdc99cc8d394f932db4b2b7560bd84
松山市,2025-12,第1088号,2025-12-22,2025-12-22,2030-12-31,飲食店営業,メンバーズ楽,松山市二番町1丁目5-17 AIBARA2番町ビル3F,382019,,,,,new_or_renewal,https://www.city.matsuyama.ehime.jp/shisei/opendata/metadata/shokuhinsinki.files/shokuhinsinki.xlsx,076ab31512db6c0d16c1b33f07ef1bd543cdc99cc8d394f932db4b2b7560bd84
松山市,2025-12,第1089号,2025-12-22,2025-12-22,2030-12-31,飲食店営業,Bar NFG,松山市二番町1丁目5-18アヴェニール神戸館3F北,382019,,,,,new_or_renewal,https://www.city.matsuyama.ehime.jp/shisei/opendata/metadata/shokuhinsinki.files/shokuhinsinki.xlsx,076ab31512db6c0d16c1b33f07ef1bd543cdc99cc8d394f932db4b2b7560bd84
松山市,2025-12,第1090号,2025-12-22,2025-12-22,2030-12-31,飲食店営業,ありがたや,松山市西一万町4-1　1F、2F,382019,,,,,new_or_renewal,https://www.city.matsuyama.ehime.jp/shisei/opendata/metadata/shokuhinsinki.files/shokuhinsinki.xlsx,076ab31512db6c0d16c1b33f07ef1bd543cdc99cc8d394f932db4b2b7560bd84
松山市,2025-12,第1091号,2025-12-22,2025-12-22,2030-12-31,飲食店営業,Tre　Piume,松山市勝山町1丁目16-5ホテルDOCCHI 1F,382019,,,,,new_or_renewal,https://www.city.matsuyama.ehime.jp/shisei/opendata/metadata/shokuhinsinki.files/shokuhinsinki.xlsx,076ab31512db6c0d16c1b33f07ef1bd543cdc99cc8d394f932db4b2b7560bd84
松山市,2025-12,第1092号,2025-12-22,2025-12-22,2030-12-31,飲食店営業,らーめん塩田屋,松山市三番町1丁目9-12谷ビル1F,382019,,,,,new_or_renewal,https://www.city.matsuyama.ehime.jp/shisei/opendata/metadata/shokuhinsinki.files/shokuhinsinki.xlsx,076ab31512db6c0d16c1b33f07ef1bd543cdc99cc8d394f932db4b2b7560bd84
松山市,2025-12,第1093号,2025-12-22,2025-12-22,2030-12-31,飲食店営業,音溶,松山市三番町2丁目10-6Plum三番町 1F,382019,,,,,new_or_renewal,https://www.city.matsuyama.ehime.jp/shisei/opendata/metadata/shokuhinsinki.files/shokuhinsinki.xlsx,076ab31512db6c0d16c1b33f07ef1bd543cdc99cc8d394f932db4b2b7560bd84
松山市,2025-12,第1094号,2025-12-22,2025-12-22,2030-12-31,飲食店営業,梅本の里サテライト,松山市平井町1287,382019,,,,,new_or_renewal,https://www.city.matsuyama.ehime.jp/shisei/opendata/metadata/shokuhinsinki.files/shokuhinsinki.xlsx,076ab31512db6c0d16c1b33f07ef1bd543cdc99cc8d394f932db4b2b7560bd84
松山市,2025-12,第1096号,2025-12-23,2025-12-23,2030-12-31,飲食店営業,モスバーガー松山三津店,松山市古三津22丁目18-29,382019,,,,,new_or_renewal,https://www.city.matsuyama.ehime.jp/shisei/opendata/metadata/shokuhinsinki.files/shokuhinsinki.xlsx,076ab31512db6c0d16c1b33f07ef1bd543cdc99cc8d394f932db4b2b7560bd84
松山市,2025-12,第1098号,2025-12-23,2025-12-23,2030-12-31,飲食店営業,株式会社ハッピーケアフード,松山市清住1丁目1-2,382019,,,,,new_or_renewal,https://www.city.matsuyama.ehime.jp/shisei/opendata/metadata/shokuhinsinki.files/shokuhinsinki.xlsx,076ab31512db6c0d16c1b33f07ef1bd543cdc99cc8d394f932db4b2b7560bd84
松山市,2025-12,第1099号,2025-12-24,2025-12-24,2030-12-31,飲食店営業,モスバーガー松山天山店,松山市天山3丁目1-29,382019,,,,,new_or_renewal,https://www.city.matsuyama.ehime.jp/shisei/opendata/metadata/shokuhinsinki.files/shokuhinsinki.xlsx,076ab31512db6c0d16c1b33f07ef1bd543cdc99cc8d394f932db4b2b7560bd84
松山市,2025-12,第1100号,2025-12-24,2025-12-24,2030-12-31,飲食店営業,食事処　よこ,松山市朝生田町1丁目9-26 コバエステートビル102号,382019,,,,,new_or_renewal,https://www.city.matsuyama.ehime.jp/shisei/opendata/metadata/shokuhinsinki.files/shokuhinsinki.xlsx,076ab31512db6c0d16c1b33f07ef1bd543cdc99cc8d394f932db4b2b7560bd84
松山市,2025-12,第1101号,2025-12-24,2025-12-24,2030-12-31,飲食店営業,カレーハウスいんでいら,松山市来住町824-1,382019,,,,,new_or_renewal,https://www.city.matsuyama.ehime.jp/shisei/opendata/metadata/shokuhinsinki.files/shokuhinsinki.xlsx,076ab31512db6c0d16c1b33f07ef1bd543cdc99cc8d394f932db4b2b7560bd84
松山市,2025-12,第1103号,2025-12-24,2025-12-24,2030-12-31,飲食店営業,濱田屋　焼肉ホルモン　五代目　市郎右衛門,松山市勝山町1丁目12-8寿晃ビル2F,382019,,,,,new_or_renewal,https://www.city.matsuyama.ehime.jp/shisei/opendata/metadata/shokuhinsinki.files/shokuhinsinki.xlsx,076ab31512db6c0d16c1b33f07ef1bd543cdc99cc8d394f932db4b2b7560bd84
松山市,2025-12,第1104号,2025-12-24,2025-12-24,2030-12-31,飲食店営業,やきとりの名門　秋𠮷　1号車,松山市保健所管内,382019,,,,,new_or_renewal,https://www.city.matsuyama.ehime.jp/shisei/opendata/metadata/shokuhinsinki.files/shokuhinsinki.xlsx,076ab31512db6c0d16c1b33f07ef1bd543cdc99cc8d394f932db4b2b7560bd84
松山市,2025-12,第1105号,2025-12-24,2025-12-24,2030-12-31,飲食店営業,味彩や,松山市久万ノ台608-1　シャルム久万ノ台1F,382019,,,,,new_or_renewal,https://www.city.matsuyama.ehime.jp/shisei/opendata/metadata/shokuhinsinki.files/shokuhinsinki.xlsx,076ab31512db6c0d16c1b33f07ef1bd543cdc99cc8d394f932db4b2b7560bd84
松山市,2025-12,第1106号,2025-12-25,2025-12-25,2030-12-31,飲食店営業,セパージュ,松山市一番町2丁目1-4トーヨビル2F,382019,,,,,new_or_renewal,https://www.city.matsuyama.ehime.jp/shisei/opendata/metadata/shokuhinsinki.files/shokuhinsinki.xlsx,076ab31512db6c0d16c1b33f07ef1bd543cdc99cc8d394f932db4b2b7560bd84
松山市,2025-12,第1107号,2025-12-25,2025-12-25,2030-12-31,飲食店営業,駅前カフェすずらん,松山市平井町1409-1,382019,,,,,new_or_renewal,https://www.city.matsuyama.ehime.jp/shisei/opendata/metadata/shokuhinsinki.files/shokuhinsinki.xlsx,076ab31512db6c0d16c1b33f07ef1bd543cdc99cc8d394f932db4b2b7560bd84
松山市,2025-12,第1108号,2025-12-26,2025-12-26,2030-12-31,飲食店営業,焼肉　福寿,松山市二番町3丁目8-20,382019,,,,,new_or_renewal,https://www.city.matsuyama.ehime.jp/shisei/opendata/metadata/shokuhinsinki.files/shokuhinsinki.xlsx,076ab31512db6c0d16c1b33f07ef1bd543cdc99cc8d394f932db4b2b7560bd84
松山市,2025-12,第1109号,2025-12-26,2025-12-26,2030-12-31,飲食店営業,旬菜酒房　せい家,松山市三番町2丁目8-3 ミナトビル1F,382019,,,,,new_or_renewal,https://www.city.matsuyama.ehime.jp/shisei/opendata/metadata/shokuhinsinki.files/shokuhinsinki.xlsx,076ab31512db6c0d16c1b33f07ef1bd543cdc99cc8d394f932db4b2b7560bd84
松山市,2025-12,第1111号,2025-12-26,2025-12-26,2030-12-31,飲食店営業,DIAMOND　CROSS,松山市大手町1丁目7-4 伊予鉄大手町駅ビル1F,382019,,,,,new_or_renewal,https://www.city.matsuyama.ehime.jp/shisei/opendata/metadata/shokuhinsinki.files/shokuhinsinki.xlsx,076ab31512db6c0d16c1b33f07ef1bd543cdc99cc8d394f932db4b2b7560bd84
松山市,2025-12,第1112号,2025-12-26,2025-12-26,2030-12-31,飲食店営業,Osteria il cielo,松山市大街道3丁目3-1ワタナベビル2F,382019,,,,,new_or_renewal,https://www.city.matsuyama.ehime.jp/shisei/opendata/metadata/shokuhinsinki.files/shokuhinsinki.xlsx,076ab31512db6c0d16c1b33f07ef1bd543cdc99cc8d394f932db4b2b7560bd84
松山市,2025-12,第1113号,2025-12-26,2025-12-26,2030-12-31,飲食店営業,Lounge Coco,松山市二番町1丁目4-8 F-CITYビル 40A,382019,,,,,new_or_renewal,https://www.city.matsuyama.ehime.jp/shisei/opendata/metadata/shokuhinsinki.files/shokuhinsinki.xlsx,076ab31512db6c0d16c1b33f07ef1bd543cdc99cc8d394f932db4b2b7560bd84
松山市,2025-12,第1114号,2025-12-26,2025-12-26,2030-12-31,飲食店営業,フジグラン松山（臨時）,松山市宮西1丁目2-1,382019,,,,,new_or_renewal,https://www.city.matsuyama.ehime.jp/shisei/opendata/metadata/shokuhinsinki.files/shokuhinsinki.xlsx,076ab31512db6c0d16c1b33f07ef1bd543cdc99cc8d394f932db4b2b7560bd84
松山市,2025-12,第1115号,2025-12-26,2025-12-26,2030-12-31,飲食店営業,フジ安城寺店,松山市安城寺町571-1,382019,,,,,new_or_renewal,https://www.city.matsuyama.ehime.jp/shisei/opendata/metadata/shokuhinsinki.files/shokuhinsinki.xlsx,076ab31512db6c0d16c1b33f07ef1bd543cdc99cc8d394f932db4b2b7560bd84
松山市,2025-12,第1059号,2025-12-15,2025-12-15,2030-12-31,食肉販売業,フジ古川店,松山市古川北3丁目19-14,382019,,,,,new_or_renewal,https://www.city.matsuyama.ehime.jp/shisei/opendata/metadata/shokuhinsinki.files/shokuhinsinki.xlsx,076ab31512db6c0d16c1b33f07ef1bd543cdc99cc8d394f932db4b2b7560bd84
松山市,2025-12,第1066号,2025-12-17,2025-12-17,2030-12-31,食肉販売業,じゃんじゃか松江店,松山市松江町5-38パルティ・フジ松江内,382019,,,,,new_or_renewal,https://www.city.matsuyama.ehime.jp/shisei/opendata/metadata/shokuhinsinki.files/shokuhinsinki.xlsx,076ab31512db6c0d16c1b33f07ef1bd543cdc99cc8d394f932db4b2b7560bd84
松山市,2025-12,第1075号,2025-12-18,2025-12-18,2030-12-31,食肉販売業,焼肉　じゃんじゃか樽味店,松山市樽味4丁目13-6,382019,,,,,new_or_renewal,https://www.city.matsuyama.ehime.jp/shisei/opendata/metadata/shokuhinsinki.files/shokuhinsinki.xlsx,076ab31512db6c0d16c1b33f07ef1bd543cdc99cc8d394f932db4b2b7560bd84
松山市,2025-12,第1078号,2025-12-18,2025-12-18,2030-12-31,食肉販売業,みなと食堂,松山市堀江町甲1759-2,382019,,,,,new_or_renewal,https://www.city.matsuyama.ehime.jp/shisei/opendata/metadata/shokuhinsinki.files/shokuhinsinki.xlsx,076ab31512db6c0d16c1b33f07ef1bd543cdc99cc8d394f932db4b2b7560bd84
松山市,2025-12,第1097号,2025-12-23,2025-12-23,2030-12-31,食肉販売業,株式会社オオハラ,松山市鷹子町372-7,382019,,,,,new_or_renewal,https://www.city.matsuyama.ehime.jp/shisei/opendata/metadata/shokuhinsinki.files/shokuhinsinki.xlsx,076ab31512db6c0d16c1b33f07ef1bd543cdc99cc8d394f932db4b2b7560bd84
松山市,2025-12,第0992号,2025-12-01,2025-12-01,2030-12-31,魚介類販売業,有限会社杉田鮮魚,松山市石手4丁目3-70,382019,,,,,new_or_renewal,https://www.city.matsuyama.ehime.jp/shisei/opendata/metadata/shokuhinsinki.files/shokuhinsinki.xlsx,076ab31512db6c0d16c1b33f07ef1bd543cdc99cc8d394f932db4b2b7560bd84
松山市,2025-12,第1007号,2025-12-03,2025-12-03,2030-12-31,魚介類販売業,塩崎商店,松山市久万ノ台1087-1,382019,,,,,new_or_renewal,https://www.city.matsuyama.ehime.jp/shisei/opendata/metadata/shokuhinsinki.files/shokuhinsinki.xlsx,076ab31512db6c0d16c1b33f07ef1bd543cdc99cc8d394f932db4b2b7560bd84
松山市,2025-12,第1034号,2025-12-08,2025-12-08,2030-12-31,魚介類販売業,有限会社ゆうだい水産,松山市山西町593-16,382019,,,,,new_or_renewal,https://www.city.matsuyama.ehime.jp/shisei/opendata/metadata/shokuhinsinki.files/shokuhinsinki.xlsx,076ab31512db6c0d16c1b33f07ef1bd543cdc99cc8d394f932db4b2b7560bd84
松山市,2025-12,第1102号,2025-12-24,2025-12-24,2030-12-31,魚介類販売業,株式会社日東物産 水産加工センター,松山市鴨川1丁目1-3,382019,,,,,new_or_renewal,https://www.city.matsuyama.ehime.jp/shisei/opendata/metadata/shokuhinsinki.files/shokuhinsinki.xlsx,076ab31512db6c0d16c1b33f07ef1bd543cdc99cc8d394f932db4b2b7560bd84
松山市,2025-12,第0982号,2025-12-01,2025-12-01,2030-12-31,食肉処理業,食品卸エスケイ,松山市久万ノ台473-1,382019,,,,,new_or_renewal,https://www.city.matsuyama.ehime.jp/shisei/opendata/metadata/shokuhinsinki.files/shokuhinsinki.xlsx,076ab31512db6c0d16c1b33f07ef1bd543cdc99cc8d394f932db4b2b7560bd84
松山市,2025-12,第0970号,2025-12-01,2025-12-01,2030-12-31,菓子製造業,Funny’ｓ,松山市千舟町4丁目5-3上田ビル203,382019,,,,,new_or_renewal,https://www.city.matsuyama.ehime.jp/shisei/opendata/metadata/shokuhinsinki.files/shokuhinsinki.xlsx,076ab31512db6c0d16c1b33f07ef1bd543cdc99cc8d394f932db4b2b7560bd84
松山市,2025-12,第0980号,2025-12-01,2025-12-01,2030-12-31,菓子製造業,道後ミルクチーズケエキ,松山市道後湯之町12-29　1F,382019,,,,,new_or_renewal,https://www.city.matsuyama.ehime.jp/shisei/opendata/metadata/shokuhinsinki.files/shokuhinsinki.xlsx,076ab31512db6c0d16c1b33f07ef1bd543cdc99cc8d394f932db4b2b7560bd84
松山市,2025-12,第1005号,2025-12-03,2025-12-03,2030-12-31,菓子製造業,川井屋,松山市古三津2丁目3-12 古三津門田店舗１F南棟,382019,,,,,new_or_renewal,https://www.city.matsuyama.ehime.jp/shisei/opendata/metadata/shokuhinsinki.files/shokuhinsinki.xlsx,076ab31512db6c0d16c1b33f07ef1bd543cdc99cc8d394f932db4b2b7560bd84
松山市,2025-12,第1039号,2025-12-08,2025-12-08,2030-12-31,菓子製造業,マルナカ清住店,松山市清住2丁目1050-3,382019,,,,,new_or_renewal,https://www.city.matsuyama.ehime.jp/shisei/opendata/metadata/shokuhinsinki.files/shokuhinsinki.xlsx,076ab31512db6c0d16c1b33f07ef1bd543cdc99cc8d394f932db4b2b7560bd84
松山市,2025-12,第1058号,2025-12-15,2025-12-15,2030-12-31,菓子製造業,フジ古川店,松山市古川北3丁目19-14,382019,,,,,new_or_renewal,https://www.city.matsuyama.ehime.jp/shisei/opendata/metadata/shokuhinsinki.files/shokuhinsinki.xlsx,076ab31512db6c0d16c1b33f07ef1bd543cdc99cc8d394f932db4b2b7560bd84
松山市,2025-12,第1076号,2025-12-18,2025-12-18,2030-12-31,菓子製造業,菓子店 Aya to,松山市東石井5丁目1-3-3,382019,,,,,new_or_renewal,https://www.city.matsuyama.ehime.jp/shisei/opendata/metadata/shokuhinsinki.files/shokuhinsinki.xlsx,076ab31512db6c0d16c1b33f07ef1bd543cdc99cc8d394f932db4b2b7560bd84
松山市,2025-12,第1110号,2025-12-26,2025-12-26,2030-12-31,菓子製造業,ひなもか,松山市湊町4丁目2-7 土屋ビル1F東,382019,,,,,new_or_renewal,https://www.city.matsuyama.ehime.jp/shisei/opendata/metadata/shokuhinsinki.files/shokuhinsinki.xlsx,076ab31512db6c0d16c1b33f07ef1bd543cdc99cc8d394f932db4b2b7560bd84
松山市,2025-12,第0967号,2025-12-01,2025-12-01,2030-12-31,食肉製品製造業,株式会社おとわ,松山市柳井町3丁目1-20,382019,,,,,new_or_renewal,https://www.city.matsuyama.ehime.jp/shisei/opendata/metadata/shokuhinsinki.files/shokuhinsinki.xlsx,076ab31512db6c0d16c1b33f07ef1bd543cdc99cc8d394f932db4b2b7560bd84
松山市,2025-12,第1006号,2025-12-03,2025-12-03,2030-12-31,水産製品製造業,有限会社ホクヨ　泉家工場,松山市鹿峰147-4,382019,,,,,new_or_renewal,https://www.city.matsuyama.ehime.jp/shisei/opendata/metadata/shokuhinsinki.files/shokuhinsinki.xlsx,076ab31512db6c0d16c1b33f07ef1bd543cdc99cc8d394f932db4b2b7560bd84
松山市,2025-12,第1062号,2025-12-15,2025-12-15,2030-12-31,麺類製造業,力みなぎる完全無欠うどん　空太郎,松山市空港通3丁目2-11,382019,,,,,new_or_renewal,https://www.city.matsuyama.ehime.jp/shisei/opendata/metadata/shokuhinsinki.files/shokuhinsinki.xlsx,076ab31512db6c0d16c1b33f07ef1bd543cdc99cc8d394f932db4b2b7560bd84
松山市,2025-12,第1077号,2025-12-18,2025-12-18,2030-12-31,そうざい製造業,おふくろ亭,松山市土手内155-3,382019,,,,,new_or_renewal,https://www.city.matsuyama.ehime.jp/shisei/opendata/metadata/shokuhinsinki.files/shokuhinsinki.xlsx,076ab31512db6c0d16c1b33f07ef1bd543cdc99cc8d394f932db4b2b7560bd84
松山市,2025-12,第1116号,2025-12-26,2025-12-26,2030-12-31,そうざい製造業,株式会社　松山生協　西雄郡店,松山市土居田町604,382019,,,,,new_or_renewal,https://www.city.matsuyama.ehime.jp/shisei/opendata/metadata/shokuhinsinki.files/shokuhinsinki.xlsx,076ab31512db6c0d16c1b33f07ef1bd543cdc99cc8d394f932db4b2b7560bd84
松山市,2025-12,第1095号,2025-12-22,2025-12-22,2030-12-31,密封包装食品製造業,株式会社正木,松山市枝松2丁目4-39,382019,,,,,new_or_renewal,https://www.city.matsuyama.ehime.jp/shisei/opendata/metadata/shokuhinsinki.files/shokuhinsinki.xlsx,076ab31512db6c0d16c1b33f07ef1bd543cdc99cc8d394f932db4b2b7560bd84
