month,mesh_500m,new_restaurant_permits,unique_facilities,mesh_500m_south,mesh_500m_west,mesh_500m_north,mesh_500m_east,mesh_500m_center_lat,mesh_500m_center_lon
2024-09,503266222,15,15,33.85,132.78125,33.85416666666667,132.7875,33.85208333333334,132.784375
2024-09,503256702,2,2,33.80833333333333,132.75625,33.8125,132.7625,33.81041666666667,132.75937499999998
2024-09,503256704,2,2,33.8125,132.75625,33.81666666666667,132.7625,33.81458333333333,132.75937499999998
2024-09,503256721,2,2,33.80833333333333,132.775,33.8125,132.78125,33.81041666666667,132.778125
2024-09,503256723,2,2,33.8125,132.775,33.81666666666667,132.78125,33.81458333333333,132.778125
2024-09,503256902,2,2,33.825,132.75625,33.82916666666667,132.7625,33.827083333333334,132.75937499999998
2024-09,503255683,1,1,33.80416666666667,132.725,33.80833333333334,132.73125,33.806250000000006,132.72812499999998
2024-09,503255982,1,1,33.825,132.73125,33.82916666666667,132.73749999999998,33.827083333333334,132.734375
2024-09,503256731,1,1,33.80833333333333,132.7875,33.8125,132.79375,33.81041666666667,132.79062499999998
2024-09,503256813,1,1,33.82083333333334,132.7625,33.82500000000001,132.76874999999998,33.82291666666667,132.765625
2024-09,503256814,1,1,33.82083333333334,132.76874999999998,33.82500000000001,132.77499999999998,33.82291666666667,132.77187499999997
2024-09,503256821,1,1,33.81666666666667,132.775,33.82083333333334,132.78125,33.81875000000001,132.778125
2024-09,503256903,1,1,33.82916666666667,132.75,33.83333333333334,132.75625,33.83125000000001,132.753125
2024-09,503256911,1,1,33.825,132.7625,33.82916666666667,132.76874999999998,33.827083333333334,132.765625
2024-09,503256912,1,1,33.825,132.76874999999998,33.82916666666667,132.77499999999998,33.827083333333334,132.77187499999997
2024-09,503256913,1,1,33.82916666666667,132.7625,33.83333333333334,132.76874999999998,33.83125000000001,132.765625
2024-09,503256923,1,1,33.82916666666667,132.775,33.83333333333334,132.78125,33.83125000000001,132.778125
2024-09,503265194,1,1,33.84583333333334,132.74375,33.85000000000001,132.75,33.84791666666668,132.746875
2024-09,503265273,1,1,33.85416666666667,132.7125,33.85833333333334,132.71875,33.85625,132.715625
2024-09,503265292,1,1,33.85,132.74375,33.85416666666667,132.75,33.85208333333334,132.746875
2024-09,503265371,1,1,33.858333333333334,132.7125,33.862500000000004,132.71875,33.860416666666666,132.715625
2024-09,503265373,1,1,33.862500000000004,132.7125,33.866666666666674,132.71875,33.86458333333334,132.715625
2024-09,503265374,1,1,33.862500000000004,132.71875,33.866666666666674,132.725,33.86458333333334,132.721875
2024-09,503265381,1,1,33.858333333333334,132.725,33.862500000000004,132.73125,33.860416666666666,132.72812499999998
2024-09,503266031,1,1,33.833333333333336,132.7875,33.837500000000006,132.79375,33.835416666666674,132.79062499999998
2024-09,503266123,1,1,33.84583333333334,132.775,33.85000000000001,132.78125,33.84791666666668,132.778125
2024-09,503266134,1,1,33.84583333333334,132.79375,33.85000000000001,132.79999999999998,33.84791666666668,132.796875
2024-09,503266203,1,1,33.85416666666667,132.75,33.85833333333334,132.75625,33.85625,132.753125
2024-09,503266212,1,1,33.85,132.76874999999998,33.85416666666667,132.77499999999998,33.85208333333334,132.77187499999997
2024-09,503266303,1,1,33.862500000000004,132.75,33.866666666666674,132.75625,33.86458333333334,132.753125
2024-09,503266401,1,1,33.86666666666667,132.75,33.87083333333334,132.75625,33.868750000000006,132.753125
2024-09,503266402,1,1,33.86666666666667,132.75625,33.87083333333334,132.7625,33.868750000000006,132.75937499999998
2024-09,503276412,1,1,33.95,132.76874999999998,33.95416666666667,132.77499999999998,33.952083333333334,132.77187499999997
2024-09,503276631,1,1,33.96666666666667,132.7875,33.97083333333334,132.79375,33.96875,132.79062499999998
2024-10,503255992,1,1,33.825,132.74375,33.82916666666667,132.75,33.827083333333334,132.746875
2024-10,503256721,1,1,33.80833333333333,132.775,33.8125,132.78125,33.81041666666667,132.778125
2024-10,503256812,1,1,33.81666666666667,132.76874999999998,33.82083333333334,132.77499999999998,33.81875000000001,132.77187499999997
2024-10,503256914,1,1,33.82916666666667,132.76874999999998,33.83333333333334,132.77499999999998,33.83125000000001,132.77187499999997
2024-10,503256923,1,1,33.82916666666667,132.775,33.83333333333334,132.78125,33.83125000000001,132.778125
2024-10,503265094,1,1,33.837500000000006,132.74375,33.841666666666676,132.75,33.83958333333334,132.746875
2024-10,503265373,1,1,33.862500000000004,132.7125,33.866666666666674,132.71875,33.86458333333334,132.715625
2024-10,503265374,1,1,33.862500000000004,132.71875,33.866666666666674,132.725,33.86458333333334,132.721875
2024-10,503266101,1,1,33.84166666666667,132.75,33.84583333333334,132.75625,33.84375,132.753125
2024-10,503266302,1,1,33.858333333333334,132.75625,33.862500000000004,132.7625,33.860416666666666,132.75937499999998
2024-10,503276314,1,1,33.94583333333334,132.76874999999998,33.95000000000001,132.77499999999998,33.94791666666667,132.77187499999997
2024-11,503256904,3,3,33.82916666666667,132.75625,33.83333333333334,132.7625,33.83125000000001,132.75937499999998
2024-11,503255992,2,2,33.825,132.74375,33.82916666666667,132.75,33.827083333333334,132.746875
2024-11,503256711,2,2,33.80833333333333,132.7625,33.8125,132.76874999999998,33.81041666666667,132.765625
2024-11,503256814,2,2,33.82083333333334,132.76874999999998,33.82500000000001,132.77499999999998,33.82291666666667,132.77187499999997
2024-11,503256924,2,2,33.82916666666667,132.78125,33.83333333333334,132.7875,33.83125000000001,132.784375
2024-11,503265373,2,2,33.862500000000004,132.7125,33.866666666666674,132.71875,33.86458333333334,132.715625
2024-11,503266024,2,2,33.837500000000006,132.78125,33.841666666666676,132.7875,33.83958333333334,132.784375
2024-11,503255782,1,1,33.80833333333333,132.73125,33.8125,132.73749999999998,33.81041666666667,132.734375
2024-11,503255794,1,1,33.8125,132.74375,33.81666666666667,132.75,33.81458333333333,132.746875
2024-11,503255892,1,1,33.81666666666667,132.74375,33.82083333333334,132.75,33.81875000000001,132.746875
2024-11,503255893,1,1,33.82083333333334,132.7375,33.82500000000001,132.74375,33.82291666666667,132.74062500000002
2024-11,503255972,1,1,33.825,132.71875,33.82916666666667,132.725,33.827083333333334,132.721875
2024-11,503255981,1,1,33.825,132.725,33.82916666666667,132.73125,33.827083333333334,132.72812499999998
2024-11,503255991,1,1,33.825,132.7375,33.82916666666667,132.74375,33.827083333333334,132.74062500000002
2024-11,503255994,1,1,33.82916666666667,132.74375,33.83333333333334,132.75,33.83125000000001,132.746875
2024-11,503256622,1,1,33.8,132.78125,33.80416666666667,132.7875,33.80208333333333,132.784375
2024-11,503256631,1,1,33.8,132.7875,33.80416666666667,132.79375,33.80208333333333,132.79062499999998
2024-11,503256722,1,1,33.80833333333333,132.78125,33.8125,132.7875,33.81041666666667,132.784375
2024-11,503256802,1,1,33.81666666666667,132.75625,33.82083333333334,132.7625,33.81875000000001,132.75937499999998
2024-11,503256923,1,1,33.82916666666667,132.775,33.83333333333334,132.78125,33.83125000000001,132.778125
2024-11,503256941,1,1,33.825,132.8,33.82916666666667,132.80625,33.827083333333334,132.80312500000002
2024-11,503265273,1,1,33.85416666666667,132.7125,33.85833333333334,132.71875,33.85625,132.715625
2024-11,503265283,1,1,33.85416666666667,132.725,33.85833333333334,132.73125,33.85625,132.72812499999998
2024-11,503265362,1,1,33.858333333333334,132.70624999999998,33.862500000000004,132.71249999999998,33.860416666666666,132.70937499999997
2024-11,503265383,1,1,33.862500000000004,132.725,33.866666666666674,132.73125,33.86458333333334,132.72812499999998
2024-11,503265791,1,1,33.891666666666666,132.7375,33.895833333333336,132.74375,33.89375,132.74062500000002
2024-11,503266134,1,1,33.84583333333334,132.79375,33.85000000000001,132.79999999999998,33.84791666666668,132.796875
2024-11,503266231,1,1,33.85,132.7875,33.85416666666667,132.79375,33.85208333333334,132.79062499999998
2024-11,503275701,1,1,33.975,132.625,33.97916666666667,132.63125,33.97708333333334,132.628125
2024-11,503276412,1,1,33.95,132.76874999999998,33.95416666666667,132.77499999999998,33.952083333333334,132.77187499999997
2024-11,503276512,1,1,33.958333333333336,132.76874999999998,33.962500000000006,132.77499999999998,33.960416666666674,132.77187499999997
2024-11,503276521,1,1,33.958333333333336,132.775,33.962500000000006,132.78125,33.960416666666674,132.778125
2024-12,503266222,5,5,33.85,132.78125,33.85416666666667,132.7875,33.85208333333334,132.784375
2024-12,503266301,3,3,33.858333333333334,132.75,33.862500000000004,132.75625,33.860416666666666,132.753125
2024-12,503256714,2,2,33.8125,132.76874999999998,33.81666666666667,132.77499999999998,33.81458333333333,132.77187499999997
2024-12,503256923,2,2,33.82916666666667,132.775,33.83333333333334,132.78125,33.83125000000001,132.778125
2024-12,503266401,2,2,33.86666666666667,132.75,33.87083333333334,132.75625,33.868750000000006,132.753125
2024-12,503255971,1,1,33.825,132.7125,33.82916666666667,132.71875,33.827083333333334,132.715625
2024-12,503256514,1,1,33.795833333333334,132.76874999999998,33.800000000000004,132.77499999999998,33.797916666666666,132.77187499999997
2024-12,503256711,1,1,33.80833333333333,132.7625,33.8125,132.76874999999998,33.81041666666667,132.765625
2024-12,503256712,1,1,33.80833333333333,132.76874999999998,33.8125,132.77499999999998,33.81041666666667,132.77187499999997
2024-12,503256721,1,1,33.80833333333333,132.775,33.8125,132.78125,33.81041666666667,132.778125
2024-12,503256732,1,1,33.80833333333333,132.79375,33.8125,132.79999999999998,33.81041666666667,132.796875
2024-12,503256803,1,1,33.82083333333334,132.75,33.82500000000001,132.75625,33.82291666666667,132.753125
2024-12,503256821,1,1,33.81666666666667,132.775,33.82083333333334,132.78125,33.81875000000001,132.778125
2024-12,503256924,1,1,33.82916666666667,132.78125,33.83333333333334,132.7875,33.83125000000001,132.784375
2024-12,503265094,1,1,33.837500000000006,132.74375,33.841666666666676,132.75,33.83958333333334,132.746875
2024-12,503265292,1,1,33.85,132.74375,33.85416666666667,132.75,33.85208333333334,132.746875
2024-12,503265381,1,1,33.858333333333334,132.725,33.862500000000004,132.73125,33.860416666666666,132.72812499999998
2024-12,503265474,1,1,33.87083333333334,132.71875,33.87500000000001,132.725,33.87291666666667,132.721875
2024-12,503265661,1,1,33.88333333333333,132.7,33.8875,132.70624999999998,33.88541666666667,132.703125
2024-12,503265783,1,1,33.895833333333336,132.725,33.900000000000006,132.73125,33.897916666666674,132.72812499999998
2024-12,503266022,1,1,33.833333333333336,132.78125,33.837500000000006,132.7875,33.835416666666674,132.784375
2024-12,503266024,1,1,33.837500000000006,132.78125,33.841666666666676,132.7875,33.83958333333334,132.784375
2024-12,503266101,1,1,33.84166666666667,132.75,33.84583333333334,132.75625,33.84375,132.753125
2024-12,503266124,1,1,33.84583333333334,132.78125,33.85000000000001,132.7875,33.84791666666668,132.784375
2024-12,503266134,1,1,33.84583333333334,132.79375,33.85000000000001,132.79999999999998,33.84791666666668,132.796875
2024-12,503266221,1,1,33.85,132.775,33.85416666666667,132.78125,33.85208333333334,132.778125
2024-12,503266223,1,1,33.85416666666667,132.775,33.85833333333334,132.78125,33.85625,132.778125
2024-12,503266224,1,1,33.85416666666667,132.78125,33.85833333333334,132.7875,33.85625,132.784375
2024-12,503266231,1,1,33.85,132.7875,33.85416666666667,132.79375,33.85208333333334,132.79062499999998
2025-01,503266222,2,2,33.85,132.78125,33.85416666666667,132.7875,33.85208333333334,132.784375
2025-01,503256704,1,1,33.8125,132.75625,33.81666666666667,132.7625,33.81458333333333,132.75937499999998
2025-01,503256814,1,1,33.82083333333334,132.76874999999998,33.82500000000001,132.77499999999998,33.82291666666667,132.77187499999997
2025-01,503256823,1,1,33.82083333333334,132.775,33.82500000000001,132.78125,33.82291666666667,132.778125
2025-01,503256911,1,1,33.825,132.7625,33.82916666666667,132.76874999999998,33.827083333333334,132.765625
2025-01,503265364,1,1,33.862500000000004,132.70624999999998,33.866666666666674,132.71249999999998,33.86458333333334,132.70937499999997
2025-01,503265791,1,1,33.891666666666666,132.7375,33.895833333333336,132.74375,33.89375,132.74062500000002
2025-01,503266212,1,1,33.85,132.76874999999998,33.85416666666667,132.77499999999998,33.85208333333334,132.77187499999997
2025-02,503266222,6,6,33.85,132.78125,33.85416666666667,132.7875,33.85208333333334,132.784375
2025-02,503256732,2,2,33.80833333333333,132.79375,33.8125,132.79999999999998,33.81041666666667,132.796875
2025-02,503256931,2,2,33.825,132.7875,33.82916666666667,132.79375,33.827083333333334,132.79062499999998
2025-02,503265372,2,2,33.858333333333334,132.71875,33.862500000000004,132.725,33.860416666666666,132.721875
2025-02,503265383,2,2,33.862500000000004,132.725,33.866666666666674,132.73125,33.86458333333334,132.72812499999998
2025-02,503255683,1,1,33.80416666666667,132.725,33.80833333333334,132.73125,33.806250000000006,132.72812499999998
2025-02,503255982,1,1,33.825,132.73125,33.82916666666667,132.73749999999998,33.827083333333334,132.734375
2025-02,503256704,1,1,33.8125,132.75625,33.81666666666667,132.7625,33.81458333333333,132.75937499999998
2025-02,503256711,1,1,33.80833333333333,132.7625,33.8125,132.76874999999998,33.81041666666667,132.765625
2025-02,503256713,1,1,33.8125,132.7625,33.81666666666667,132.76874999999998,33.81458333333333,132.765625
2025-02,503256751,1,1,33.80833333333333,132.8125,33.8125,132.81875,33.81041666666667,132.815625
2025-02,503256814,1,1,33.82083333333334,132.76874999999998,33.82500000000001,132.77499999999998,33.82291666666667,132.77187499999997
2025-02,503256823,1,1,33.82083333333334,132.775,33.82500000000001,132.78125,33.82291666666667,132.778125
2025-02,503256904,1,1,33.82916666666667,132.75625,33.83333333333334,132.7625,33.83125000000001,132.75937499999998
2025-02,503256911,1,1,33.825,132.7625,33.82916666666667,132.76874999999998,33.827083333333334,132.765625
2025-02,503265091,1,1,33.833333333333336,132.7375,33.837500000000006,132.74375,33.835416666666674,132.74062500000002
2025-02,503265092,1,1,33.833333333333336,132.74375,33.837500000000006,132.75,33.835416666666674,132.746875
2025-02,503265371,1,1,33.858333333333334,132.7125,33.862500000000004,132.71875,33.860416666666666,132.715625
2025-02,503266021,1,1,33.833333333333336,132.775,33.837500000000006,132.78125,33.835416666666674,132.778125
2025-02,503266122,1,1,33.84166666666667,132.78125,33.84583333333334,132.7875,33.84375,132.784375
2025-02,503266124,1,1,33.84583333333334,132.78125,33.85000000000001,132.7875,33.84791666666668,132.784375
2025-02,503266143,1,1,33.84583333333334,132.8,33.85000000000001,132.80625,33.84791666666668,132.80312500000002
2025-02,503266231,1,1,33.85,132.7875,33.85416666666667,132.79375,33.85208333333334,132.79062499999998
2025-02,503266401,1,1,33.86666666666667,132.75,33.87083333333334,132.75625,33.868750000000006,132.753125
2025-02,503275501,1,1,33.958333333333336,132.625,33.962500000000006,132.63125,33.960416666666674,132.628125
2025-03,503256712,2,2,33.80833333333333,132.76874999999998,33.8125,132.77499999999998,33.81041666666667,132.77187499999997
2025-03,503256814,2,2,33.82083333333334,132.76874999999998,33.82500000000001,132.77499999999998,33.82291666666667,132.77187499999997
2025-03,503255782,1,1,33.80833333333333,132.73125,33.8125,132.73749999999998,33.81041666666667,132.734375
2025-03,503256634,1,1,33.80416666666667,132.79375,33.80833333333334,132.79999999999998,33.806250000000006,132.796875
2025-03,503256803,1,1,33.82083333333334,132.75,33.82500000000001,132.75625,33.82291666666667,132.753125
2025-03,503256823,1,1,33.82083333333334,132.775,33.82500000000001,132.78125,33.82291666666667,132.778125
2025-03,503256902,1,1,33.825,132.75625,33.82916666666667,132.7625,33.827083333333334,132.75937499999998
2025-03,503256914,1,1,33.82916666666667,132.76874999999998,33.83333333333334,132.77499999999998,33.83125000000001,132.77187499999997
2025-03,503256923,1,1,33.82916666666667,132.775,33.83333333333334,132.78125,33.83125000000001,132.778125
2025-03,503256924,1,1,33.82916666666667,132.78125,33.83333333333334,132.7875,33.83125000000001,132.784375
2025-03,503256934,1,1,33.82916666666667,132.79375,33.83333333333334,132.79999999999998,33.83125000000001,132.796875
2025-03,503265092,1,1,33.833333333333336,132.74375,33.837500000000006,132.75,33.835416666666674,132.746875
2025-03,503265273,1,1,33.85416666666667,132.7125,33.85833333333334,132.71875,33.85625,132.715625
2025-03,503265283,1,1,33.85416666666667,132.725,33.85833333333334,132.73125,33.85625,132.72812499999998
2025-03,503265481,1,1,33.86666666666667,132.725,33.87083333333334,132.73125,33.868750000000006,132.72812499999998
2025-03,503265492,1,1,33.86666666666667,132.74375,33.87083333333334,132.75,33.868750000000006,132.746875
2025-03,503266022,1,1,33.833333333333336,132.78125,33.837500000000006,132.7875,33.835416666666674,132.784375
2025-03,503266033,1,1,33.837500000000006,132.7875,33.841666666666676,132.79375,33.83958333333334,132.79062499999998
2025-03,503266133,1,1,33.84583333333334,132.7875,33.85000000000001,132.79375,33.84791666666668,132.79062499999998
2025-03,503266201,1,1,33.85,132.75,33.85416666666667,132.75625,33.85208333333334,132.753125
2025-03,503266203,1,1,33.85416666666667,132.75,33.85833333333334,132.75625,33.85625,132.753125
2025-03,503266222,1,1,33.85,132.78125,33.85416666666667,132.7875,33.85208333333334,132.784375
2025-03,503266224,1,1,33.85416666666667,132.78125,33.85833333333334,132.7875,33.85625,132.784375
2025-03,503266403,1,1,33.87083333333334,132.75,33.87500000000001,132.75625,33.87291666666667,132.753125
2025-03,503276521,1,1,33.958333333333336,132.775,33.962500000000006,132.78125,33.960416666666674,132.778125
2025-04,503256634,2,2,33.80416666666667,132.79375,33.80833333333334,132.79999999999998,33.806250000000006,132.796875
2025-04,503255854,1,1,33.82083333333334,132.69375,33.82500000000001,132.7,33.82291666666667,132.69687499999998
2025-04,503256712,1,1,33.80833333333333,132.76874999999998,33.8125,132.77499999999998,33.81041666666667,132.77187499999997
2025-04,503256731,1,1,33.80833333333333,132.7875,33.8125,132.79375,33.81041666666667,132.79062499999998
2025-04,503256801,1,1,33.81666666666667,132.75,33.82083333333334,132.75625,33.81875000000001,132.753125
2025-04,503256804,1,1,33.82083333333334,132.75625,33.82500000000001,132.7625,33.82291666666667,132.75937499999998
2025-04,503256931,1,1,33.825,132.7875,33.82916666666667,132.79375,33.827083333333334,132.79062499999998
2025-04,503265373,1,1,33.862500000000004,132.7125,33.866666666666674,132.71875,33.86458333333334,132.715625
2025-04,503265792,1,1,33.891666666666666,132.74375,33.895833333333336,132.75,33.89375,132.746875
2025-04,503266203,1,1,33.85416666666667,132.75,33.85833333333334,132.75625,33.85625,132.753125
2025-04,503266212,1,1,33.85,132.76874999999998,33.85416666666667,132.77499999999998,33.85208333333334,132.77187499999997
2025-04,503266221,1,1,33.85,132.775,33.85416666666667,132.78125,33.85208333333334,132.778125
2025-04,503266222,1,1,33.85,132.78125,33.85416666666667,132.7875,33.85208333333334,132.784375
2025-04,503266302,1,1,33.858333333333334,132.75625,33.862500000000004,132.7625,33.860416666666666,132.75937499999998
2025-05,503266222,4,4,33.85,132.78125,33.85416666666667,132.7875,33.85208333333334,132.784375
2025-05,503255971,3,3,33.825,132.7125,33.82916666666667,132.71875,33.827083333333334,132.715625
2025-05,503255983,2,2,33.82916666666667,132.725,33.83333333333334,132.73125,33.83125000000001,132.72812499999998
2025-05,503265274,2,2,33.85416666666667,132.71875,33.85833333333334,132.725,33.85625,132.721875
2025-05,503265381,2,2,33.858333333333334,132.725,33.862500000000004,132.73125,33.860416666666666,132.72812499999998
2025-05,503266203,2,2,33.85416666666667,132.75,33.85833333333334,132.75625,33.85625,132.753125
2025-05,503266303,2,2,33.862500000000004,132.75,33.866666666666674,132.75625,33.86458333333334,132.753125
2025-05,503255782,1,1,33.80833333333333,132.73125,33.8125,132.73749999999998,33.81041666666667,132.734375
2025-05,503255892,1,1,33.81666666666667,132.74375,33.82083333333334,132.75,33.81875000000001,132.746875
2025-05,503255992,1,1,33.825,132.74375,33.82916666666667,132.75,33.827083333333334,132.746875
2025-05,503255994,1,1,33.82916666666667,132.74375,33.83333333333334,132.75,33.83125000000001,132.746875
2025-05,503256721,1,1,33.80833333333333,132.775,33.8125,132.78125,33.81041666666667,132.778125
2025-05,503256732,1,1,33.80833333333333,132.79375,33.8125,132.79999999999998,33.81041666666667,132.796875
2025-05,503256811,1,1,33.81666666666667,132.7625,33.82083333333334,132.76874999999998,33.81875000000001,132.765625
2025-05,503256823,1,1,33.82083333333334,132.775,33.82500000000001,132.78125,33.82291666666667,132.778125
2025-05,503256912,1,1,33.825,132.76874999999998,33.82916666666667,132.77499999999998,33.827083333333334,132.77187499999997
2025-05,503256923,1,1,33.82916666666667,132.775,33.83333333333334,132.78125,33.83125000000001,132.778125
2025-05,503265093,1,1,33.837500000000006,132.7375,33.841666666666676,132.74375,33.83958333333334,132.74062500000002
2025-05,503265094,1,1,33.837500000000006,132.74375,33.841666666666676,132.75,33.83958333333334,132.746875
2025-05,503265194,1,1,33.84583333333334,132.74375,33.85000000000001,132.75,33.84791666666668,132.746875
2025-05,503265273,1,1,33.85416666666667,132.7125,33.85833333333334,132.71875,33.85625,132.715625
2025-05,503265283,1,1,33.85416666666667,132.725,33.85833333333334,132.73125,33.85625,132.72812499999998
2025-05,503265292,1,1,33.85,132.74375,33.85416666666667,132.75,33.85208333333334,132.746875
2025-05,503265373,1,1,33.862500000000004,132.7125,33.866666666666674,132.71875,33.86458333333334,132.715625
2025-05,503265472,1,1,33.86666666666667,132.71875,33.87083333333334,132.725,33.868750000000006,132.721875
2025-05,503266031,1,1,33.833333333333336,132.7875,33.837500000000006,132.79375,33.835416666666674,132.79062499999998
2025-05,503266101,1,1,33.84166666666667,132.75,33.84583333333334,132.75625,33.84375,132.753125
2025-05,503266223,1,1,33.85416666666667,132.775,33.85833333333334,132.78125,33.85625,132.778125
2025-05,503266231,1,1,33.85,132.7875,33.85416666666667,132.79375,33.85208333333334,132.79062499999998
2025-05,503276521,1,1,33.958333333333336,132.775,33.962500000000006,132.78125,33.960416666666674,132.778125
2025-06,503256711,2,2,33.80833333333333,132.7625,33.8125,132.76874999999998,33.81041666666667,132.765625
2025-06,503256712,2,2,33.80833333333333,132.76874999999998,33.8125,132.77499999999998,33.81041666666667,132.77187499999997
2025-06,503256741,2,2,33.80833333333333,132.8,33.8125,132.80625,33.81041666666667,132.80312500000002
2025-06,503256823,2,2,33.82083333333334,132.775,33.82500000000001,132.78125,33.82291666666667,132.778125
2025-06,503255683,1,1,33.80416666666667,132.725,33.80833333333334,132.73125,33.806250000000006,132.72812499999998
2025-06,503255893,1,1,33.82083333333334,132.7375,33.82500000000001,132.74375,33.82291666666667,132.74062500000002
2025-06,503255964,1,1,33.82916666666667,132.70624999999998,33.83333333333334,132.71249999999998,33.83125000000001,132.70937499999997
2025-06,503255974,1,1,33.82916666666667,132.71875,33.83333333333334,132.725,33.83125000000001,132.721875
2025-06,503255982,1,1,33.825,132.73125,33.82916666666667,132.73749999999998,33.827083333333334,132.734375
2025-06,503256613,1,1,33.80416666666667,132.7625,33.80833333333334,132.76874999999998,33.806250000000006,132.765625
2025-06,503256624,1,1,33.80416666666667,132.78125,33.80833333333334,132.7875,33.806250000000006,132.784375
2025-06,503256702,1,1,33.80833333333333,132.75625,33.8125,132.7625,33.81041666666667,132.75937499999998
2025-06,503256703,1,1,33.8125,132.75,33.81666666666667,132.75625,33.81458333333333,132.753125
2025-06,503256724,1,1,33.8125,132.78125,33.81666666666667,132.7875,33.81458333333333,132.784375
2025-06,503256732,1,1,33.80833333333333,132.79375,33.8125,132.79999999999998,33.81041666666667,132.796875
2025-06,503256802,1,1,33.81666666666667,132.75625,33.82083333333334,132.7625,33.81875000000001,132.75937499999998
2025-06,503256803,1,1,33.82083333333334,132.75,33.82500000000001,132.75625,33.82291666666667,132.753125
2025-06,503256814,1,1,33.82083333333334,132.76874999999998,33.82500000000001,132.77499999999998,33.82291666666667,132.77187499999997
2025-06,503256822,1,1,33.81666666666667,132.78125,33.82083333333334,132.7875,33.81875000000001,132.784375
2025-06,503256914,1,1,33.82916666666667,132.76874999999998,33.83333333333334,132.77499999999998,33.83125000000001,132.77187499999997
2025-06,503256923,1,1,33.82916666666667,132.775,33.83333333333334,132.78125,33.83125000000001,132.778125
2025-06,503265283,1,1,33.85416666666667,132.725,33.85833333333334,132.73125,33.85625,132.72812499999998
2025-06,503266021,1,1,33.833333333333336,132.775,33.837500000000006,132.78125,33.835416666666674,132.778125
2025-06,503266022,1,1,33.833333333333336,132.78125,33.837500000000006,132.7875,33.835416666666674,132.784375
2025-06,503266101,1,1,33.84166666666667,132.75,33.84583333333334,132.75625,33.84375,132.753125
2025-06,503266223,1,1,33.85416666666667,132.775,33.85833333333334,132.78125,33.85625,132.778125
2025-06,503266303,1,1,33.862500000000004,132.75,33.866666666666674,132.75625,33.86458333333334,132.753125
2025-06,503276314,1,1,33.94583333333334,132.76874999999998,33.95000000000001,132.77499999999998,33.94791666666667,132.77187499999997
2025-06,503276712,1,1,33.975,132.76874999999998,33.97916666666667,132.77499999999998,33.97708333333334,132.77187499999997
2025-07,503255992,2,2,33.825,132.74375,33.82916666666667,132.75,33.827083333333334,132.746875
2025-07,503255971,1,1,33.825,132.7125,33.82916666666667,132.71875,33.827083333333334,132.715625
2025-07,503255972,1,1,33.825,132.71875,33.82916666666667,132.725,33.827083333333334,132.721875
2025-07,503256702,1,1,33.80833333333333,132.75625,33.8125,132.7625,33.81041666666667,132.75937499999998
2025-07,503256802,1,1,33.81666666666667,132.75625,33.82083333333334,132.7625,33.81875000000001,132.75937499999998
2025-07,503256811,1,1,33.81666666666667,132.7625,33.82083333333334,132.76874999999998,33.81875000000001,132.765625
2025-07,503256913,1,1,33.82916666666667,132.7625,33.83333333333334,132.76874999999998,33.83125000000001,132.765625
2025-07,503256933,1,1,33.82916666666667,132.7875,33.83333333333334,132.79375,33.83125000000001,132.79062499999998
2025-07,503265471,1,1,33.86666666666667,132.7125,33.87083333333334,132.71875,33.868750000000006,132.715625
2025-07,503265882,1,1,33.900000000000006,132.73125,33.904166666666676,132.73749999999998,33.90208333333334,132.734375
2025-07,503266001,1,1,33.833333333333336,132.75,33.837500000000006,132.75625,33.835416666666674,132.753125
2025-07,503266022,1,1,33.833333333333336,132.78125,33.837500000000006,132.7875,33.835416666666674,132.784375
2025-07,503266222,1,1,33.85,132.78125,33.85416666666667,132.7875,33.85208333333334,132.784375
2025-07,503274482,1,1,33.95,132.60625,33.95416666666667,132.61249999999998,33.952083333333334,132.609375
2025-08,503265373,3,3,33.862500000000004,132.7125,33.866666666666674,132.71875,33.86458333333334,132.715625
2025-08,503265372,2,2,33.858333333333334,132.71875,33.862500000000004,132.725,33.860416666666666,132.721875
2025-08,503266024,2,2,33.837500000000006,132.78125,33.841666666666676,132.7875,33.83958333333334,132.784375
2025-08,503266101,2,2,33.84166666666667,132.75,33.84583333333334,132.75625,33.84375,132.753125
2025-08,503266222,2,2,33.85,132.78125,33.85416666666667,132.7875,33.85208333333334,132.784375
2025-08,503255782,1,1,33.80833333333333,132.73125,33.8125,132.73749999999998,33.81041666666667,132.734375
2025-08,503255793,1,1,33.8125,132.7375,33.81666666666667,132.74375,33.81458333333333,132.74062500000002
2025-08,503255873,1,1,33.82083333333334,132.7125,33.82500000000001,132.71875,33.82291666666667,132.715625
2025-08,503255894,1,1,33.82083333333334,132.74375,33.82500000000001,132.75,33.82291666666667,132.746875
2025-08,503255971,1,1,33.825,132.7125,33.82916666666667,132.71875,33.827083333333334,132.715625
2025-08,503255992,1,1,33.825,132.74375,33.82916666666667,132.75,33.827083333333334,132.746875
2025-08,503256524,1,1,33.795833333333334,132.78125,33.800000000000004,132.7875,33.797916666666666,132.784375
2025-08,503256721,1,1,33.80833333333333,132.775,33.8125,132.78125,33.81041666666667,132.778125
2025-08,503256752,1,1,33.80833333333333,132.81875,33.8125,132.825,33.81041666666667,132.82187499999998
2025-08,503256803,1,1,33.82083333333334,132.75,33.82500000000001,132.75625,33.82291666666667,132.753125
2025-08,503256804,1,1,33.82083333333334,132.75625,33.82500000000001,132.7625,33.82291666666667,132.75937499999998
2025-08,503256823,1,1,33.82083333333334,132.775,33.82500000000001,132.78125,33.82291666666667,132.778125
2025-08,503256902,1,1,33.825,132.75625,33.82916666666667,132.7625,33.827083333333334,132.75937499999998
2025-08,503256903,1,1,33.82916666666667,132.75,33.83333333333334,132.75625,33.83125000000001,132.753125
2025-08,503256933,1,1,33.82916666666667,132.7875,33.83333333333334,132.79375,33.83125000000001,132.79062499999998
2025-08,503265292,1,1,33.85,132.74375,33.85416666666667,132.75,33.85208333333334,132.746875
2025-08,503265294,1,1,33.85416666666667,132.74375,33.85833333333334,132.75,33.85625,132.746875
2025-08,503265381,1,1,33.858333333333334,132.725,33.862500000000004,132.73125,33.860416666666666,132.72812499999998
2025-08,503266022,1,1,33.833333333333336,132.78125,33.837500000000006,132.7875,33.835416666666674,132.784375
2025-08,503266221,1,1,33.85,132.775,33.85416666666667,132.78125,33.85208333333334,132.778125
2025-08,503266304,1,1,33.862500000000004,132.75625,33.866666666666674,132.7625,33.86458333333334,132.75937499999998
2025-08,503276314,1,1,33.94583333333334,132.76874999999998,33.95000000000001,132.77499999999998,33.94791666666667,132.77187499999997
2025-08,503276421,1,1,33.95,132.775,33.95416666666667,132.78125,33.952083333333334,132.778125
2025-08,503276521,1,1,33.958333333333336,132.775,33.962500000000006,132.78125,33.960416666666674,132.778125
2025-09,503256803,2,2,33.82083333333334,132.75,33.82500000000001,132.75625,33.82291666666667,132.753125
2025-09,503256823,2,2,33.82083333333334,132.775,33.82500000000001,132.78125,33.82291666666667,132.778125
2025-09,503266222,2,2,33.85,132.78125,33.85416666666667,132.7875,33.85208333333334,132.784375
2025-09,503255792,1,1,33.80833333333333,132.74375,33.8125,132.75,33.81041666666667,132.746875
2025-09,503255794,1,1,33.8125,132.74375,33.81666666666667,132.75,33.81458333333333,132.746875
2025-09,503256633,1,1,33.80416666666667,132.7875,33.80833333333334,132.79375,33.806250000000006,132.79062499999998
2025-09,503256721,1,1,33.80833333333333,132.775,33.8125,132.78125,33.81041666666667,132.778125
2025-09,503256744,1,1,33.8125,132.80625,33.81666666666667,132.8125,33.81458333333333,132.809375
2025-09,503256814,1,1,33.82083333333334,132.76874999999998,33.82500000000001,132.77499999999998,33.82291666666667,132.77187499999997
2025-09,503256931,1,1,33.825,132.7875,33.82916666666667,132.79375,33.827083333333334,132.79062499999998
2025-09,503256934,1,1,33.82916666666667,132.79375,33.83333333333334,132.79999999999998,33.83125000000001,132.796875
2025-09,503265372,1,1,33.858333333333334,132.71875,33.862500000000004,132.725,33.860416666666666,132.721875
2025-09,503265373,1,1,33.862500000000004,132.7125,33.866666666666674,132.71875,33.86458333333334,132.715625
2025-09,503265462,1,1,33.86666666666667,132.70624999999998,33.87083333333334,132.71249999999998,33.868750000000006,132.70937499999997
2025-09,503266033,1,1,33.837500000000006,132.7875,33.841666666666676,132.79375,33.83958333333334,132.79062499999998
2025-09,503266132,1,1,33.84166666666667,132.79375,33.84583333333334,132.79999999999998,33.84375,132.796875
2025-09,503266301,1,1,33.858333333333334,132.75,33.862500000000004,132.75625,33.860416666666666,132.753125
2025-09,503275403,1,1,33.95416666666667,132.625,33.95833333333334,132.63125,33.95625000000001,132.628125
2025-09,503276512,1,1,33.958333333333336,132.76874999999998,33.962500000000006,132.77499999999998,33.960416666666674,132.77187499999997
2025-09,503276522,1,1,33.958333333333336,132.78125,33.962500000000006,132.7875,33.960416666666674,132.784375
2025-10,503265371,2,2,33.858333333333334,132.7125,33.862500000000004,132.71875,33.860416666666666,132.715625
2025-10,503266222,2,2,33.85,132.78125,33.85416666666667,132.7875,33.85208333333334,132.784375
2025-10,503255981,1,1,33.825,132.725,33.82916666666667,132.73125,33.827083333333334,132.72812499999998
2025-10,503256914,1,1,33.82916666666667,132.76874999999998,33.83333333333334,132.77499999999998,33.83125000000001,132.77187499999997
2025-10,503256923,1,1,33.82916666666667,132.775,33.83333333333334,132.78125,33.83125000000001,132.778125
2025-10,503256934,1,1,33.82916666666667,132.79375,33.83333333333334,132.79999999999998,33.83125000000001,132.796875
2025-10,503265783,1,1,33.895833333333336,132.725,33.900000000000006,132.73125,33.897916666666674,132.72812499999998
2025-10,503266231,1,1,33.85,132.7875,33.85416666666667,132.79375,33.85208333333334,132.79062499999998
2025-10,503276421,1,1,33.95,132.775,33.95416666666667,132.78125,33.952083333333334,132.778125
2025-11,503266222,6,6,33.85,132.78125,33.85416666666667,132.7875,33.85208333333334,132.784375
2025-11,503256814,2,2,33.82083333333334,132.76874999999998,33.82500000000001,132.77499999999998,33.82291666666667,132.77187499999997
2025-11,503256902,2,2,33.825,132.75625,33.82916666666667,132.7625,33.827083333333334,132.75937499999998
2025-11,503266103,2,2,33.84583333333334,132.75,33.85000000000001,132.75625,33.84791666666668,132.753125
2025-11,503255991,1,1,33.825,132.7375,33.82916666666667,132.74375,33.827083333333334,132.74062500000002
2025-11,503256704,1,1,33.8125,132.75625,33.81666666666667,132.7625,33.81458333333333,132.75937499999998
2025-11,503256753,1,1,33.8125,132.8125,33.81666666666667,132.81875,33.81458333333333,132.815625
2025-11,503256922,1,1,33.825,132.78125,33.82916666666667,132.7875,33.827083333333334,132.784375
2025-11,503256934,1,1,33.82916666666667,132.79375,33.83333333333334,132.79999999999998,33.83125000000001,132.796875
2025-11,503265373,1,1,33.862500000000004,132.7125,33.866666666666674,132.71875,33.86458333333334,132.715625
2025-11,503266023,1,1,33.837500000000006,132.775,33.841666666666676,132.78125,33.83958333333334,132.778125
2025-11,503266024,1,1,33.837500000000006,132.78125,33.841666666666676,132.7875,33.83958333333334,132.784375
2025-11,503266203,1,1,33.85416666666667,132.75,33.85833333333334,132.75625,33.85625,132.753125
2025-11,503266231,1,1,33.85,132.7875,33.85416666666667,132.79375,33.85208333333334,132.79062499999998
2025-11,503266301,1,1,33.858333333333334,132.75,33.862500000000004,132.75625,33.860416666666666,132.753125
2025-11,503275603,1,1,33.97083333333334,132.625,33.97500000000001,132.63125,33.97291666666668,132.628125
2025-12,503256814,3,3,33.82083333333334,132.76874999999998,33.82500000000001,132.77499999999998,33.82291666666667,132.77187499999997
2025-12,503256821,3,3,33.81666666666667,132.775,33.82083333333334,132.78125,33.81875000000001,132.778125
2025-12,503266222,3,3,33.85,132.78125,33.85416666666667,132.7875,33.85208333333334,132.784375
2025-12,503256924,2,2,33.82916666666667,132.78125,33.83333333333334,132.7875,33.83125000000001,132.784375
2025-12,503255783,1,1,33.8125,132.725,33.81666666666667,132.73125,33.81458333333333,132.72812499999998
2025-12,503256702,1,1,33.80833333333333,132.75625,33.8125,132.7625,33.81041666666667,132.75937499999998
2025-12,503256711,1,1,33.80833333333333,132.7625,33.8125,132.76874999999998,33.81041666666667,132.765625
2025-12,503256741,1,1,33.80833333333333,132.8,33.8125,132.80625,33.81041666666667,132.80312500000002
2025-12,503256801,1,1,33.81666666666667,132.75,33.82083333333334,132.75625,33.81875000000001,132.753125
2025-12,503256812,1,1,33.81666666666667,132.76874999999998,33.82083333333334,132.77499999999998,33.81875000000001,132.77187499999997
2025-12,503256912,1,1,33.825,132.76874999999998,33.82916666666667,132.77499999999998,33.827083333333334,132.77187499999997
2025-12,503256914,1,1,33.82916666666667,132.76874999999998,33.83333333333334,132.77499999999998,33.83125000000001,132.77187499999997
2025-12,503256934,1,1,33.82916666666667,132.79375,33.83333333333334,132.79999999999998,33.83125000000001,132.796875
2025-12,503265272,1,1,33.85,132.71875,33.85416666666667,132.725,33.85208333333334,132.721875
2025-12,503265284,1,1,33.85416666666667,132.73125,33.85833333333334,132.73749999999998,33.85625,132.734375
2025-12,503266031,1,1,33.833333333333336,132.7875,33.837500000000006,132.79375,33.835416666666674,132.79062499999998
2025-12,503266101,1,1,33.84166666666667,132.75,33.84583333333334,132.75625,33.84375,132.753125
2025-12,503266231,1,1,33.85,132.7875,33.85416666666667,132.79375,33.85208333333334,132.79062499999998
2025-12,503266403,1,1,33.87083333333334,132.75,33.87500000000001,132.75625,33.87291666666667,132.753125
2026-01,503265373,2,2,33.862500000000004,132.7125,33.866666666666674,132.71875,33.86458333333334,132.715625
2026-01,503255991,1,1,33.825,132.7375,33.82916666666667,132.74375,33.827083333333334,132.74062500000002
2026-01,503256611,1,1,33.8,132.7625,33.80416666666667,132.76874999999998,33.80208333333333,132.765625
2026-01,503256702,1,1,33.80833333333333,132.75625,33.8125,132.7625,33.81041666666667,132.75937499999998
2026-02,503266222,13,13,33.85,132.78125,33.85416666666667,132.7875,33.85208333333334,132.784375
2026-02,503266124,3,3,33.84583333333334,132.78125,33.85000000000001,132.7875,33.84791666666668,132.784375
2026-02,503265092,2,2,33.833333333333336,132.74375,33.837500000000006,132.75,33.835416666666674,132.746875
2026-02,503266132,2,2,33.84166666666667,132.79375,33.84583333333334,132.79999999999998,33.84375,132.796875
2026-02,503255973,1,1,33.82916666666667,132.7125,33.83333333333334,132.71875,33.83125000000001,132.715625
2026-02,503255974,1,1,33.82916666666667,132.71875,33.83333333333334,132.725,33.83125000000001,132.721875
2026-02,503255983,1,1,33.82916666666667,132.725,33.83333333333334,132.73125,33.83125000000001,132.72812499999998
2026-02,503255992,1,1,33.825,132.74375,33.82916666666667,132.75,33.827083333333334,132.746875
2026-02,503256711,1,1,33.80833333333333,132.7625,33.8125,132.76874999999998,33.81041666666667,132.765625
2026-02,503256712,1,1,33.80833333333333,132.76874999999998,33.8125,132.77499999999998,33.81041666666667,132.77187499999997
2026-02,503256731,1,1,33.80833333333333,132.7875,33.8125,132.79375,33.81041666666667,132.79062499999998
2026-02,503256753,1,1,33.8125,132.8125,33.81666666666667,132.81875,33.81458333333333,132.815625
2026-02,503256801,1,1,33.81666666666667,132.75,33.82083333333334,132.75625,33.81875000000001,132.753125
2026-02,503256811,1,1,33.81666666666667,132.7625,33.82083333333334,132.76874999999998,33.81875000000001,132.765625
2026-02,503256814,1,1,33.82083333333334,132.76874999999998,33.82500000000001,132.77499999999998,33.82291666666667,132.77187499999997
2026-02,503256823,1,1,33.82083333333334,132.775,33.82500000000001,132.78125,33.82291666666667,132.778125
2026-02,503256902,1,1,33.825,132.75625,33.82916666666667,132.7625,33.827083333333334,132.75937499999998
2026-02,503256912,1,1,33.825,132.76874999999998,33.82916666666667,132.77499999999998,33.827083333333334,132.77187499999997
2026-02,503256934,1,1,33.82916666666667,132.79375,33.83333333333334,132.79999999999998,33.83125000000001,132.796875
2026-02,503265273,1,1,33.85416666666667,132.7125,33.85833333333334,132.71875,33.85625,132.715625
2026-02,503265291,1,1,33.85,132.7375,33.85416666666667,132.74375,33.85208333333334,132.74062500000002
2026-02,503265373,1,1,33.862500000000004,132.7125,33.866666666666674,132.71875,33.86458333333334,132.715625
2026-02,503265882,1,1,33.900000000000006,132.73125,33.904166666666676,132.73749999999998,33.90208333333334,132.734375
2026-02,503266021,1,1,33.833333333333336,132.775,33.837500000000006,132.78125,33.835416666666674,132.778125
2026-02,503266103,1,1,33.84583333333334,132.75,33.85000000000001,132.75625,33.84791666666668,132.753125
2026-02,503266201,1,1,33.85,132.75,33.85416666666667,132.75625,33.85208333333334,132.753125
2026-02,503266204,1,1,33.85416666666667,132.75625,33.85833333333334,132.7625,33.85625,132.75937499999998
2026-02,503266224,1,1,33.85416666666667,132.78125,33.85833333333334,132.7875,33.85625,132.784375
2026-02,503266301,1,1,33.858333333333334,132.75,33.862500000000004,132.75625,33.860416666666666,132.753125
2026-02,503266302,1,1,33.858333333333334,132.75625,33.862500000000004,132.7625,33.860416666666666,132.75937499999998
2026-02,503266303,1,1,33.862500000000004,132.75,33.866666666666674,132.75625,33.86458333333334,132.753125
2026-02,503266403,1,1,33.87083333333334,132.75,33.87500000000001,132.75625,33.87291666666667,132.753125
2026-03,503255793,4,4,33.8125,132.7375,33.81666666666667,132.74375,33.81458333333333,132.74062500000002
2026-03,503266222,3,3,33.85,132.78125,33.85416666666667,132.7875,33.85208333333334,132.784375
2026-03,503255981,2,2,33.825,132.725,33.82916666666667,132.73125,33.827083333333334,132.72812499999998
2026-03,503256711,2,2,33.80833333333333,132.7625,33.8125,132.76874999999998,33.81041666666667,132.765625
2026-03,503256732,2,2,33.80833333333333,132.79375,33.8125,132.79999999999998,33.81041666666667,132.796875
2026-03,503265373,2,2,33.862500000000004,132.7125,33.866666666666674,132.71875,33.86458333333334,132.715625
2026-03,503266101,2,2,33.84166666666667,132.75,33.84583333333334,132.75625,33.84375,132.753125
2026-03,503255782,1,1,33.80833333333333,132.73125,33.8125,132.73749999999998,33.81041666666667,132.734375
2026-03,503255794,1,1,33.8125,132.74375,33.81666666666667,132.75,33.81458333333333,132.746875
2026-03,503255854,1,1,33.82083333333334,132.69375,33.82500000000001,132.7,33.82291666666667,132.69687499999998
2026-03,503256702,1,1,33.80833333333333,132.75625,33.8125,132.7625,33.81041666666667,132.75937499999998
2026-03,503256712,1,1,33.80833333333333,132.76874999999998,33.8125,132.77499999999998,33.81041666666667,132.77187499999997
2026-03,503256722,1,1,33.80833333333333,132.78125,33.8125,132.7875,33.81041666666667,132.784375
2026-03,503256731,1,1,33.80833333333333,132.7875,33.8125,132.79375,33.81041666666667,132.79062499999998
2026-03,503256814,1,1,33.82083333333334,132.76874999999998,33.82500000000001,132.77499999999998,33.82291666666667,132.77187499999997
2026-03,503256823,1,1,33.82083333333334,132.775,33.82500000000001,132.78125,33.82291666666667,132.778125
2026-03,503256914,1,1,33.82916666666667,132.76874999999998,33.83333333333334,132.77499999999998,33.83125000000001,132.77187499999997
2026-03,503256931,1,1,33.825,132.7875,33.82916666666667,132.79375,33.827083333333334,132.79062499999998
2026-03,503256933,1,1,33.82916666666667,132.7875,33.83333333333334,132.79375,33.83125000000001,132.79062499999998
2026-03,503265271,1,1,33.85,132.7125,33.85416666666667,132.71875,33.85208333333334,132.715625
2026-03,503265274,1,1,33.85416666666667,132.71875,33.85833333333334,132.725,33.85625,132.721875
2026-03,503265283,1,1,33.85416666666667,132.725,33.85833333333334,132.73125,33.85625,132.72812499999998
2026-03,503265372,1,1,33.858333333333334,132.71875,33.862500000000004,132.725,33.860416666666666,132.721875
2026-03,503266033,1,1,33.837500000000006,132.7875,33.841666666666676,132.79375,33.83958333333334,132.79062499999998
2026-03,503266034,1,1,33.837500000000006,132.79375,33.841666666666676,132.79999999999998,33.83958333333334,132.796875
2026-03,503266103,1,1,33.84583333333334,132.75,33.85000000000001,132.75625,33.84791666666668,132.753125
2026-03,503266131,1,1,33.84166666666667,132.7875,33.84583333333334,132.79375,33.84375,132.79062499999998
2026-03,503266212,1,1,33.85,132.76874999999998,33.85416666666667,132.77499999999998,33.85208333333334,132.77187499999997
2026-03,503266301,1,1,33.858333333333334,132.75,33.862500000000004,132.75625,33.860416666666666,132.753125
2026-03,503275701,1,1,33.975,132.625,33.97916666666667,132.63125,33.97708333333334,132.628125
2026-03,503276512,1,1,33.958333333333336,132.76874999999998,33.962500000000006,132.77499999999998,33.960416666666674,132.77187499999997
2026-03,503276614,1,1,33.97083333333334,132.76874999999998,33.97500000000001,132.77499999999998,33.97291666666668,132.77187499999997
2026-03,503276622,1,1,33.96666666666667,132.78125,33.97083333333334,132.7875,33.96875,132.784375
2026-03,503276712,1,1,33.975,132.76874999999998,33.97916666666667,132.77499999999998,33.97708333333334,132.77187499999997
2026-04,503255794,2,2,33.8125,132.74375,33.81666666666667,132.75,33.81458333333333,132.746875
2026-04,503266101,2,2,33.84166666666667,132.75,33.84583333333334,132.75625,33.84375,132.753125
2026-04,503266222,2,2,33.85,132.78125,33.85416666666667,132.7875,33.85208333333334,132.784375
2026-04,503255792,1,1,33.80833333333333,132.74375,33.8125,132.75,33.81041666666667,132.746875
2026-04,503255893,1,1,33.82083333333334,132.7375,33.82500000000001,132.74375,33.82291666666667,132.74062500000002
2026-04,503256721,1,1,33.80833333333333,132.775,33.8125,132.78125,33.81041666666667,132.778125
2026-04,503256812,1,1,33.81666666666667,132.76874999999998,33.82083333333334,132.77499999999998,33.81875000000001,132.77187499999997
2026-04,503265373,1,1,33.862500000000004,132.7125,33.866666666666674,132.71875,33.86458333333334,132.715625
2026-04,503266134,1,1,33.84583333333334,132.79375,33.85000000000001,132.79999999999998,33.84791666666668,132.796875
2026-04,503266231,1,1,33.85,132.7875,33.85416666666667,132.79375,33.85208333333334,132.79062499999998
2026-04,503276314,1,1,33.94583333333334,132.76874999999998,33.95000000000001,132.77499999999998,33.94791666666667,132.77187499999997
2026-05,503256712,1,1,33.80833333333333,132.76874999999998,33.8125,132.77499999999998,33.81041666666667,132.77187499999997
2026-05,503256801,1,1,33.81666666666667,132.75,33.82083333333334,132.75625,33.81875000000001,132.753125
2026-05,503256812,1,1,33.81666666666667,132.76874999999998,33.82083333333334,132.77499999999998,33.81875000000001,132.77187499999997
2026-05,503256823,1,1,33.82083333333334,132.775,33.82500000000001,132.78125,33.82291666666667,132.778125
2026-05,503256934,1,1,33.82916666666667,132.79375,33.83333333333334,132.79999999999998,33.83125000000001,132.796875
2026-05,503265882,1,1,33.900000000000006,132.73125,33.904166666666676,132.73749999999998,33.90208333333334,132.734375
2026-05,503266222,1,1,33.85,132.78125,33.85416666666667,132.7875,33.85208333333334,132.784375
2026-06,503256923,2,2,33.82916666666667,132.775,33.83333333333334,132.78125,33.83125000000001,132.778125
2026-06,503255792,1,1,33.80833333333333,132.74375,33.8125,132.75,33.81041666666667,132.746875
2026-06,503255964,1,1,33.82916666666667,132.70624999999998,33.83333333333334,132.71249999999998,33.83125000000001,132.70937499999997
2026-06,503255982,1,1,33.825,132.73125,33.82916666666667,132.73749999999998,33.827083333333334,132.734375
2026-06,503255992,1,1,33.825,132.74375,33.82916666666667,132.75,33.827083333333334,132.746875
2026-06,503256744,1,1,33.8125,132.80625,33.81666666666667,132.8125,33.81458333333333,132.809375
2026-06,503256813,1,1,33.82083333333334,132.7625,33.82500000000001,132.76874999999998,33.82291666666667,132.765625
2026-06,503256902,1,1,33.825,132.75625,33.82916666666667,132.7625,33.827083333333334,132.75937499999998
2026-06,503266023,1,1,33.837500000000006,132.775,33.841666666666676,132.78125,33.83958333333334,132.778125
2026-06,503266231,1,1,33.85,132.7875,33.85416666666667,132.79375,33.85208333333334,132.79062499999998
2026-06,503276614,1,1,33.97083333333334,132.76874999999998,33.97500000000001,132.77499999999998,33.97291666666668,132.77187499999997
2026-07,503266222,3,3,33.85,132.78125,33.85416666666667,132.7875,33.85208333333334,132.784375
2026-07,503255971,2,1,33.825,132.7125,33.82916666666667,132.71875,33.827083333333334,132.715625
2026-07,503256704,2,1,33.8125,132.75625,33.81666666666667,132.7625,33.81458333333333,132.75937499999998
2026-07,503255793,1,1,33.8125,132.7375,33.81666666666667,132.74375,33.81458333333333,132.74062500000002
2026-07,503255972,1,1,33.825,132.71875,33.82916666666667,132.725,33.827083333333334,132.721875
2026-07,503255992,1,1,33.825,132.74375,33.82916666666667,132.75,33.827083333333334,132.746875
2026-07,503256713,1,1,33.8125,132.7625,33.81666666666667,132.76874999999998,33.81458333333333,132.765625
2026-07,503256721,1,1,33.80833333333333,132.775,33.8125,132.78125,33.81041666666667,132.778125
2026-07,503256811,1,1,33.81666666666667,132.7625,33.82083333333334,132.76874999999998,33.81875000000001,132.765625
2026-07,503256933,1,1,33.82916666666667,132.7875,33.83333333333334,132.79375,33.83125000000001,132.79062499999998
2026-07,503265373,1,1,33.862500000000004,132.7125,33.866666666666674,132.71875,33.86458333333334,132.715625
2026-07,503265694,1,1,33.8875,132.74375,33.89166666666667,132.75,33.889583333333334,132.746875
2026-07,503266021,1,1,33.833333333333336,132.775,33.837500000000006,132.78125,33.835416666666674,132.778125
2026-07,503266022,1,1,33.833333333333336,132.78125,33.837500000000006,132.7875,33.835416666666674,132.784375
2026-07,503266031,1,1,33.833333333333336,132.7875,33.837500000000006,132.79375,33.835416666666674,132.79062499999998
2026-07,503266132,1,1,33.84166666666667,132.79375,33.84583333333334,132.79999999999998,33.84375,132.796875
2026-07,503266403,1,1,33.87083333333334,132.75,33.87500000000001,132.75625,33.87291666666667,132.753125
2026-07,503276213,1,1,33.93750000000001,132.7625,33.94166666666668,132.76874999999998,33.939583333333346,132.765625
