month,mesh_1km,new_restaurant_permits,unique_facilities,mesh_1km_south,mesh_1km_west,mesh_1km_north,mesh_1km_east,mesh_1km_center_lat,mesh_1km_center_lon
2024-09,50326622,15,15,33.85,132.775,33.858333333333334,132.7875,33.85416666666667,132.78125
2024-09,50325670,4,4,33.80833333333333,132.75,33.81666666666666,132.7625,33.8125,132.75625
2024-09,50325672,4,4,33.80833333333333,132.775,33.81666666666666,132.7875,33.8125,132.78125
2024-09,50325690,3,3,33.825,132.75,33.833333333333336,132.7625,33.829166666666666,132.75625
2024-09,50325691,3,3,33.825,132.7625,33.833333333333336,132.77499999999998,33.829166666666666,132.76874999999998
2024-09,50326537,3,3,33.858333333333334,132.7125,33.86666666666667,132.725,33.8625,132.71875
2024-09,50325681,2,2,33.81666666666667,132.7625,33.825,132.77499999999998,33.82083333333334,132.76874999999998
2024-09,50326640,2,2,33.86666666666667,132.75,33.875,132.7625,33.87083333333334,132.75625
2024-09,50325568,1,1,33.8,132.725,33.80833333333333,132.73749999999998,33.80416666666666,132.73125
2024-09,50325598,1,1,33.825,132.725,33.833333333333336,132.73749999999998,33.829166666666666,132.73125
2024-09,50325673,1,1,33.80833333333333,132.7875,33.81666666666666,132.79999999999998,33.8125,132.79375
2024-09,50325682,1,1,33.81666666666667,132.775,33.825,132.7875,33.82083333333334,132.78125
2024-09,50325692,1,1,33.825,132.775,33.833333333333336,132.7875,33.829166666666666,132.78125
2024-09,50326519,1,1,33.84166666666667,132.7375,33.85,132.75,33.84583333333333,132.74375
2024-09,50326527,1,1,33.85,132.7125,33.858333333333334,132.725,33.85416666666667,132.71875
2024-09,50326529,1,1,33.85,132.7375,33.858333333333334,132.75,33.85416666666667,132.74375
2024-09,50326538,1,1,33.858333333333334,132.725,33.86666666666667,132.73749999999998,33.8625,132.73125
2024-09,50326603,1,1,33.833333333333336,132.7875,33.84166666666667,132.79999999999998,33.837500000000006,132.79375
2024-09,50326612,1,1,33.84166666666667,132.775,33.85,132.7875,33.84583333333333,132.78125
2024-09,50326613,1,1,33.84166666666667,132.7875,33.85,132.79999999999998,33.84583333333333,132.79375
2024-09,50326620,1,1,33.85,132.75,33.858333333333334,132.7625,33.85416666666667,132.75625
2024-09,50326621,1,1,33.85,132.7625,33.858333333333334,132.77499999999998,33.85416666666667,132.76874999999998
2024-09,50326630,1,1,33.858333333333334,132.75,33.86666666666667,132.7625,33.8625,132.75625
2024-09,50327641,1,1,33.95,132.7625,33.958333333333336,132.77499999999998,33.954166666666666,132.76874999999998
2024-09,50327663,1,1,33.96666666666667,132.7875,33.975,132.79999999999998,33.97083333333333,132.79375
2024-10,50326537,2,2,33.858333333333334,132.7125,33.86666666666667,132.725,33.8625,132.71875
2024-10,50325599,1,1,33.825,132.7375,33.833333333333336,132.75,33.829166666666666,132.74375
2024-10,50325672,1,1,33.80833333333333,132.775,33.81666666666666,132.7875,33.8125,132.78125
2024-10,50325681,1,1,33.81666666666667,132.7625,33.825,132.77499999999998,33.82083333333334,132.76874999999998
2024-10,50325691,1,1,33.825,132.7625,33.833333333333336,132.77499999999998,33.829166666666666,132.76874999999998
2024-10,50325692,1,1,33.825,132.775,33.833333333333336,132.7875,33.829166666666666,132.78125
2024-10,50326509,1,1,33.833333333333336,132.7375,33.84166666666667,132.75,33.837500000000006,132.74375
2024-10,50326610,1,1,33.84166666666667,132.75,33.85,132.7625,33.84583333333333,132.75625
2024-10,50326630,1,1,33.858333333333334,132.75,33.86666666666667,132.7625,33.8625,132.75625
2024-10,50327631,1,1,33.94166666666667,132.7625,33.95,132.77499999999998,33.94583333333334,132.76874999999998
2024-11,50325599,4,4,33.825,132.7375,33.833333333333336,132.75,33.829166666666666,132.74375
2024-11,50325690,3,3,33.825,132.75,33.833333333333336,132.7625,33.829166666666666,132.75625
2024-11,50325692,3,3,33.825,132.775,33.833333333333336,132.7875,33.829166666666666,132.78125
2024-11,50325589,2,2,33.81666666666667,132.7375,33.825,132.75,33.82083333333334,132.74375
2024-11,50325671,2,2,33.80833333333333,132.7625,33.81666666666666,132.77499999999998,33.8125,132.76874999999998
2024-11,50325681,2,2,33.81666666666667,132.7625,33.825,132.77499999999998,33.82083333333334,132.76874999999998
2024-11,50326537,2,2,33.858333333333334,132.7125,33.86666666666667,132.725,33.8625,132.71875
2024-11,50326602,2,2,33.833333333333336,132.775,33.84166666666667,132.7875,33.837500000000006,132.78125
2024-11,50325578,1,1,33.80833333333333,132.725,33.81666666666666,132.73749999999998,33.8125,132.73125
2024-11,50325579,1,1,33.80833333333333,132.7375,33.81666666666666,132.75,33.8125,132.74375
2024-11,50325597,1,1,33.825,132.7125,33.833333333333336,132.725,33.829166666666666,132.71875
2024-11,50325598,1,1,33.825,132.725,33.833333333333336,132.73749999999998,33.829166666666666,132.73125
2024-11,50325662,1,1,33.8,132.775,33.80833333333333,132.7875,33.80416666666666,132.78125
2024-11,50325663,1,1,33.8,132.7875,33.80833333333333,132.79999999999998,33.80416666666666,132.79375
2024-11,50325672,1,1,33.80833333333333,132.775,33.81666666666666,132.7875,33.8125,132.78125
2024-11,50325680,1,1,33.81666666666667,132.75,33.825,132.7625,33.82083333333334,132.75625
2024-11,50325694,1,1,33.825,132.8,33.833333333333336,132.8125,33.829166666666666,132.80625
2024-11,50326527,1,1,33.85,132.7125,33.858333333333334,132.725,33.85416666666667,132.71875
2024-11,50326528,1,1,33.85,132.725,33.858333333333334,132.73749999999998,33.85416666666667,132.73125
2024-11,50326536,1,1,33.858333333333334,132.7,33.86666666666667,132.71249999999998,33.8625,132.70624999999998
2024-11,50326538,1,1,33.858333333333334,132.725,33.86666666666667,132.73749999999998,33.8625,132.73125
2024-11,50326579,1,1,33.891666666666666,132.7375,33.9,132.75,33.89583333333333,132.74375
2024-11,50326613,1,1,33.84166666666667,132.7875,33.85,132.79999999999998,33.84583333333333,132.79375
2024-11,50326623,1,1,33.85,132.7875,33.858333333333334,132.79999999999998,33.85416666666667,132.79375
2024-11,50327570,1,1,33.975,132.625,33.983333333333334,132.6375,33.97916666666667,132.63125
2024-11,50327641,1,1,33.95,132.7625,33.958333333333336,132.77499999999998,33.954166666666666,132.76874999999998
2024-11,50327651,1,1,33.958333333333336,132.7625,33.96666666666667,132.77499999999998,33.962500000000006,132.76874999999998
2024-11,50327652,1,1,33.958333333333336,132.775,33.96666666666667,132.7875,33.962500000000006,132.78125
2024-12,50326622,8,8,33.85,132.775,33.858333333333334,132.7875,33.85416666666667,132.78125
2024-12,50325671,4,4,33.80833333333333,132.7625,33.81666666666666,132.77499999999998,33.8125,132.76874999999998
2024-12,50325692,3,3,33.825,132.775,33.833333333333336,132.7875,33.829166666666666,132.78125
2024-12,50326630,3,3,33.858333333333334,132.75,33.86666666666667,132.7625,33.8625,132.75625
2024-12,50326602,2,2,33.833333333333336,132.775,33.84166666666667,132.7875,33.837500000000006,132.78125
2024-12,50326640,2,2,33.86666666666667,132.75,33.875,132.7625,33.87083333333334,132.75625
2024-12,50325597,1,1,33.825,132.7125,33.833333333333336,132.725,33.829166666666666,132.71875
2024-12,50325651,1,1,33.791666666666664,132.7625,33.8,132.77499999999998,33.795833333333334,132.76874999999998
2024-12,50325672,1,1,33.80833333333333,132.775,33.81666666666666,132.7875,33.8125,132.78125
2024-12,50325673,1,1,33.80833333333333,132.7875,33.81666666666666,132.79999999999998,33.8125,132.79375
2024-12,50325680,1,1,33.81666666666667,132.75,33.825,132.7625,33.82083333333334,132.75625
2024-12,50325682,1,1,33.81666666666667,132.775,33.825,132.7875,33.82083333333334,132.78125
2024-12,50326509,1,1,33.833333333333336,132.7375,33.84166666666667,132.75,33.837500000000006,132.74375
2024-12,50326529,1,1,33.85,132.7375,33.858333333333334,132.75,33.85416666666667,132.74375
2024-12,50326538,1,1,33.858333333333334,132.725,33.86666666666667,132.73749999999998,33.8625,132.73125
2024-12,50326547,1,1,33.86666666666667,132.7125,33.875,132.725,33.87083333333334,132.71875
2024-12,50326566,1,1,33.88333333333333,132.7,33.891666666666666,132.71249999999998,33.8875,132.70624999999998
2024-12,50326578,1,1,33.891666666666666,132.725,33.9,132.73749999999998,33.89583333333333,132.73125
2024-12,50326610,1,1,33.84166666666667,132.75,33.85,132.7625,33.84583333333333,132.75625
2024-12,50326612,1,1,33.84166666666667,132.775,33.85,132.7875,33.84583333333333,132.78125
2024-12,50326613,1,1,33.84166666666667,132.7875,33.85,132.79999999999998,33.84583333333333,132.79375
2024-12,50326623,1,1,33.85,132.7875,33.858333333333334,132.79999999999998,33.85416666666667,132.79375
2025-01,50326622,2,2,33.85,132.775,33.858333333333334,132.7875,33.85416666666667,132.78125
2025-01,50325670,1,1,33.80833333333333,132.75,33.81666666666666,132.7625,33.8125,132.75625
2025-01,50325681,1,1,33.81666666666667,132.7625,33.825,132.77499999999998,33.82083333333334,132.76874999999998
2025-01,50325682,1,1,33.81666666666667,132.775,33.825,132.7875,33.82083333333334,132.78125
2025-01,50325691,1,1,33.825,132.7625,33.833333333333336,132.77499999999998,33.829166666666666,132.76874999999998
2025-01,50326536,1,1,33.858333333333334,132.7,33.86666666666667,132.71249999999998,33.8625,132.70624999999998
2025-01,50326579,1,1,33.891666666666666,132.7375,33.9,132.75,33.89583333333333,132.74375
2025-01,50326621,1,1,33.85,132.7625,33.858333333333334,132.77499999999998,33.85416666666667,132.76874999999998
2025-02,50326622,6,6,33.85,132.775,33.858333333333334,132.7875,33.85416666666667,132.78125
2025-02,50326537,3,3,33.858333333333334,132.7125,33.86666666666667,132.725,33.8625,132.71875
2025-02,50325671,2,2,33.80833333333333,132.7625,33.81666666666666,132.77499999999998,33.8125,132.76874999999998
2025-02,50325673,2,2,33.80833333333333,132.7875,33.81666666666666,132.79999999999998,33.8125,132.79375
2025-02,50325693,2,2,33.825,132.7875,33.833333333333336,132.79999999999998,33.829166666666666,132.79375
2025-02,50326509,2,2,33.833333333333336,132.7375,33.84166666666667,132.75,33.837500000000006,132.74375
2025-02,50326538,2,2,33.858333333333334,132.725,33.86666666666667,132.73749999999998,33.8625,132.73125
2025-02,50326612,2,2,33.84166666666667,132.775,33.85,132.7875,33.84583333333333,132.78125
2025-02,50325568,1,1,33.8,132.725,33.80833333333333,132.73749999999998,33.80416666666666,132.73125
2025-02,50325598,1,1,33.825,132.725,33.833333333333336,132.73749999999998,33.829166666666666,132.73125
2025-02,50325670,1,1,33.80833333333333,132.75,33.81666666666666,132.7625,33.8125,132.75625
2025-02,50325675,1,1,33.80833333333333,132.8125,33.81666666666666,132.825,33.8125,132.81875
2025-02,50325681,1,1,33.81666666666667,132.7625,33.825,132.77499999999998,33.82083333333334,132.76874999999998
2025-02,50325682,1,1,33.81666666666667,132.775,33.825,132.7875,33.82083333333334,132.78125
2025-02,50325690,1,1,33.825,132.75,33.833333333333336,132.7625,33.829166666666666,132.75625
2025-02,50325691,1,1,33.825,132.7625,33.833333333333336,132.77499999999998,33.829166666666666,132.76874999999998
2025-02,50326602,1,1,33.833333333333336,132.775,33.84166666666667,132.7875,33.837500000000006,132.78125
2025-02,50326614,1,1,33.84166666666667,132.8,33.85,132.8125,33.84583333333333,132.80625
2025-02,50326623,1,1,33.85,132.7875,33.858333333333334,132.79999999999998,33.85416666666667,132.79375
2025-02,50326640,1,1,33.86666666666667,132.75,33.875,132.7625,33.87083333333334,132.75625
2025-02,50327550,1,1,33.958333333333336,132.625,33.96666666666667,132.6375,33.962500000000006,132.63125
2025-03,50325671,2,2,33.80833333333333,132.7625,33.81666666666666,132.77499999999998,33.8125,132.76874999999998
2025-03,50325681,2,2,33.81666666666667,132.7625,33.825,132.77499999999998,33.82083333333334,132.76874999999998
2025-03,50325692,2,2,33.825,132.775,33.833333333333336,132.7875,33.829166666666666,132.78125
2025-03,50326620,2,2,33.85,132.75,33.858333333333334,132.7625,33.85416666666667,132.75625
2025-03,50326622,2,2,33.85,132.775,33.858333333333334,132.7875,33.85416666666667,132.78125
2025-03,50325578,1,1,33.80833333333333,132.725,33.81666666666666,132.73749999999998,33.8125,132.73125
2025-03,50325663,1,1,33.8,132.7875,33.80833333333333,132.79999999999998,33.80416666666666,132.79375
2025-03,50325680,1,1,33.81666666666667,132.75,33.825,132.7625,33.82083333333334,132.75625
2025-03,50325682,1,1,33.81666666666667,132.775,33.825,132.7875,33.82083333333334,132.78125
2025-03,50325690,1,1,33.825,132.75,33.833333333333336,132.7625,33.829166666666666,132.75625
2025-03,50325691,1,1,33.825,132.7625,33.833333333333336,132.77499999999998,33.829166666666666,132.76874999999998
2025-03,50325693,1,1,33.825,132.7875,33.833333333333336,132.79999999999998,33.829166666666666,132.79375
2025-03,50326509,1,1,33.833333333333336,132.7375,33.84166666666667,132.75,33.837500000000006,132.74375
2025-03,50326527,1,1,33.85,132.7125,33.858333333333334,132.725,33.85416666666667,132.71875
2025-03,50326528,1,1,33.85,132.725,33.858333333333334,132.73749999999998,33.85416666666667,132.73125
2025-03,50326548,1,1,33.86666666666667,132.725,33.875,132.73749999999998,33.87083333333334,132.73125
2025-03,50326549,1,1,33.86666666666667,132.7375,33.875,132.75,33.87083333333334,132.74375
2025-03,50326602,1,1,33.833333333333336,132.775,33.84166666666667,132.7875,33.837500000000006,132.78125
2025-03,50326603,1,1,33.833333333333336,132.7875,33.84166666666667,132.79999999999998,33.837500000000006,132.79375
2025-03,50326613,1,1,33.84166666666667,132.7875,33.85,132.79999999999998,33.84583333333333,132.79375
2025-03,50326640,1,1,33.86666666666667,132.75,33.875,132.7625,33.87083333333334,132.75625
2025-03,50327652,1,1,33.958333333333336,132.775,33.96666666666667,132.7875,33.962500000000006,132.78125
2025-04,50325663,2,2,33.8,132.7875,33.80833333333333,132.79999999999998,33.80416666666666,132.79375
2025-04,50325680,2,2,33.81666666666667,132.75,33.825,132.7625,33.82083333333334,132.75625
2025-04,50326622,2,2,33.85,132.775,33.858333333333334,132.7875,33.85416666666667,132.78125
2025-04,50325585,1,1,33.81666666666667,132.6875,33.825,132.7,33.82083333333334,132.69375
2025-04,50325671,1,1,33.80833333333333,132.7625,33.81666666666666,132.77499999999998,33.8125,132.76874999999998
2025-04,50325673,1,1,33.80833333333333,132.7875,33.81666666666666,132.79999999999998,33.8125,132.79375
2025-04,50325693,1,1,33.825,132.7875,33.833333333333336,132.79999999999998,33.829166666666666,132.79375
2025-04,50326537,1,1,33.858333333333334,132.7125,33.86666666666667,132.725,33.8625,132.71875
2025-04,50326579,1,1,33.891666666666666,132.7375,33.9,132.75,33.89583333333333,132.74375
2025-04,50326620,1,1,33.85,132.75,33.858333333333334,132.7625,33.85416666666667,132.75625
2025-04,50326621,1,1,33.85,132.7625,33.858333333333334,132.77499999999998,33.85416666666667,132.76874999999998
2025-04,50326630,1,1,33.858333333333334,132.75,33.86666666666667,132.7625,33.8625,132.75625
2025-05,50326622,5,5,33.85,132.775,33.858333333333334,132.7875,33.85416666666667,132.78125
2025-05,50325597,3,3,33.825,132.7125,33.833333333333336,132.725,33.829166666666666,132.71875
2025-05,50326527,3,3,33.85,132.7125,33.858333333333334,132.725,33.85416666666667,132.71875
2025-05,50325598,2,2,33.825,132.725,33.833333333333336,132.73749999999998,33.829166666666666,132.73125
2025-05,50325599,2,2,33.825,132.7375,33.833333333333336,132.75,33.829166666666666,132.74375
2025-05,50326509,2,2,33.833333333333336,132.7375,33.84166666666667,132.75,33.837500000000006,132.74375
2025-05,50326538,2,2,33.858333333333334,132.725,33.86666666666667,132.73749999999998,33.8625,132.73125
2025-05,50326620,2,2,33.85,132.75,33.858333333333334,132.7625,33.85416666666667,132.75625
2025-05,50326630,2,2,33.858333333333334,132.75,33.86666666666667,132.7625,33.8625,132.75625
2025-05,50325578,1,1,33.80833333333333,132.725,33.81666666666666,132.73749999999998,33.8125,132.73125
2025-05,50325589,1,1,33.81666666666667,132.7375,33.825,132.75,33.82083333333334,132.74375
2025-05,50325672,1,1,33.80833333333333,132.775,33.81666666666666,132.7875,33.8125,132.78125
2025-05,50325673,1,1,33.80833333333333,132.7875,33.81666666666666,132.79999999999998,33.8125,132.79375
2025-05,50325681,1,1,33.81666666666667,132.7625,33.825,132.77499999999998,33.82083333333334,132.76874999999998
2025-05,50325682,1,1,33.81666666666667,132.775,33.825,132.7875,33.82083333333334,132.78125
2025-05,50325691,1,1,33.825,132.7625,33.833333333333336,132.77499999999998,33.829166666666666,132.76874999999998
2025-05,50325692,1,1,33.825,132.775,33.833333333333336,132.7875,33.829166666666666,132.78125
2025-05,50326519,1,1,33.84166666666667,132.7375,33.85,132.75,33.84583333333333,132.74375
2025-05,50326528,1,1,33.85,132.725,33.858333333333334,132.73749999999998,33.85416666666667,132.73125
2025-05,50326529,1,1,33.85,132.7375,33.858333333333334,132.75,33.85416666666667,132.74375
2025-05,50326537,1,1,33.858333333333334,132.7125,33.86666666666667,132.725,33.8625,132.71875
2025-05,50326547,1,1,33.86666666666667,132.7125,33.875,132.725,33.87083333333334,132.71875
2025-05,50326603,1,1,33.833333333333336,132.7875,33.84166666666667,132.79999999999998,33.837500000000006,132.79375
2025-05,50326610,1,1,33.84166666666667,132.75,33.85,132.7625,33.84583333333333,132.75625
2025-05,50326623,1,1,33.85,132.7875,33.858333333333334,132.79999999999998,33.85416666666667,132.79375
2025-05,50327652,1,1,33.958333333333336,132.775,33.96666666666667,132.7875,33.962500000000006,132.78125
2025-06,50325671,4,4,33.80833333333333,132.7625,33.81666666666666,132.77499999999998,33.8125,132.76874999999998
2025-06,50325682,3,3,33.81666666666667,132.775,33.825,132.7875,33.82083333333334,132.78125
2025-06,50325670,2,2,33.80833333333333,132.75,33.81666666666666,132.7625,33.8125,132.75625
2025-06,50325674,2,2,33.80833333333333,132.8,33.81666666666666,132.8125,33.8125,132.80625
2025-06,50325680,2,2,33.81666666666667,132.75,33.825,132.7625,33.82083333333334,132.75625
2025-06,50326602,2,2,33.833333333333336,132.775,33.84166666666667,132.7875,33.837500000000006,132.78125
2025-06,50325568,1,1,33.8,132.725,33.80833333333333,132.73749999999998,33.80416666666666,132.73125
2025-06,50325589,1,1,33.81666666666667,132.7375,33.825,132.75,33.82083333333334,132.74375
2025-06,50325596,1,1,33.825,132.7,33.833333333333336,132.71249999999998,33.829166666666666,132.70624999999998
2025-06,50325597,1,1,33.825,132.7125,33.833333333333336,132.725,33.829166666666666,132.71875
2025-06,50325598,1,1,33.825,132.725,33.833333333333336,132.73749999999998,33.829166666666666,132.73125
2025-06,50325661,1,1,33.8,132.7625,33.80833333333333,132.77499999999998,33.80416666666666,132.76874999999998
2025-06,50325662,1,1,33.8,132.775,33.80833333333333,132.7875,33.80416666666666,132.78125
2025-06,50325672,1,1,33.80833333333333,132.775,33.81666666666666,132.7875,33.8125,132.78125
2025-06,50325673,1,1,33.80833333333333,132.7875,33.81666666666666,132.79999999999998,33.8125,132.79375
2025-06,50325681,1,1,33.81666666666667,132.7625,33.825,132.77499999999998,33.82083333333334,132.76874999999998
2025-06,50325691,1,1,33.825,132.7625,33.833333333333336,132.77499999999998,33.829166666666666,132.76874999999998
2025-06,50325692,1,1,33.825,132.775,33.833333333333336,132.7875,33.829166666666666,132.78125
2025-06,50326528,1,1,33.85,132.725,33.858333333333334,132.73749999999998,33.85416666666667,132.73125
2025-06,50326610,1,1,33.84166666666667,132.75,33.85,132.7625,33.84583333333333,132.75625
2025-06,50326622,1,1,33.85,132.775,33.858333333333334,132.7875,33.85416666666667,132.78125
2025-06,50326630,1,1,33.858333333333334,132.75,33.86666666666667,132.7625,33.8625,132.75625
2025-06,50327631,1,1,33.94166666666667,132.7625,33.95,132.77499999999998,33.94583333333334,132.76874999999998
2025-06,50327671,1,1,33.975,132.7625,33.983333333333334,132.77499999999998,33.97916666666667,132.76874999999998
2025-07,50325597,2,2,33.825,132.7125,33.833333333333336,132.725,33.829166666666666,132.71875
2025-07,50325599,2,2,33.825,132.7375,33.833333333333336,132.75,33.829166666666666,132.74375
2025-07,50325670,1,1,33.80833333333333,132.75,33.81666666666666,132.7625,33.8125,132.75625
2025-07,50325680,1,1,33.81666666666667,132.75,33.825,132.7625,33.82083333333334,132.75625
2025-07,50325681,1,1,33.81666666666667,132.7625,33.825,132.77499999999998,33.82083333333334,132.76874999999998
2025-07,50325691,1,1,33.825,132.7625,33.833333333333336,132.77499999999998,33.829166666666666,132.76874999999998
2025-07,50325693,1,1,33.825,132.7875,33.833333333333336,132.79999999999998,33.829166666666666,132.79375
2025-07,50326547,1,1,33.86666666666667,132.7125,33.875,132.725,33.87083333333334,132.71875
2025-07,50326588,1,1,33.900000000000006,132.725,33.90833333333334,132.73749999999998,33.90416666666667,132.73125
2025-07,50326600,1,1,33.833333333333336,132.75,33.84166666666667,132.7625,33.837500000000006,132.75625
2025-07,50326602,1,1,33.833333333333336,132.775,33.84166666666667,132.7875,33.837500000000006,132.78125
2025-07,50326622,1,1,33.85,132.775,33.858333333333334,132.7875,33.85416666666667,132.78125
2025-07,50327448,1,1,33.95,132.6,33.958333333333336,132.61249999999998,33.954166666666666,132.60625
2025-08,50326537,5,5,33.858333333333334,132.7125,33.86666666666667,132.725,33.8625,132.71875
2025-08,50326602,3,3,33.833333333333336,132.775,33.84166666666667,132.7875,33.837500000000006,132.78125
2025-08,50326622,3,3,33.85,132.775,33.858333333333334,132.7875,33.85416666666667,132.78125
2025-08,50325680,2,2,33.81666666666667,132.75,33.825,132.7625,33.82083333333334,132.75625
2025-08,50325690,2,2,33.825,132.75,33.833333333333336,132.7625,33.829166666666666,132.75625
2025-08,50326529,2,2,33.85,132.7375,33.858333333333334,132.75,33.85416666666667,132.74375
2025-08,50326610,2,2,33.84166666666667,132.75,33.85,132.7625,33.84583333333333,132.75625
2025-08,50325578,1,1,33.80833333333333,132.725,33.81666666666666,132.73749999999998,33.8125,132.73125
2025-08,50325579,1,1,33.80833333333333,132.7375,33.81666666666666,132.75,33.8125,132.74375
2025-08,50325587,1,1,33.81666666666667,132.7125,33.825,132.725,33.82083333333334,132.71875
2025-08,50325589,1,1,33.81666666666667,132.7375,33.825,132.75,33.82083333333334,132.74375
2025-08,50325597,1,1,33.825,132.7125,33.833333333333336,132.725,33.829166666666666,132.71875
2025-08,50325599,1,1,33.825,132.7375,33.833333333333336,132.75,33.829166666666666,132.74375
2025-08,50325652,1,1,33.791666666666664,132.775,33.8,132.7875,33.795833333333334,132.78125
2025-08,50325672,1,1,33.80833333333333,132.775,33.81666666666666,132.7875,33.8125,132.78125
2025-08,50325675,1,1,33.80833333333333,132.8125,33.81666666666666,132.825,33.8125,132.81875
2025-08,50325682,1,1,33.81666666666667,132.775,33.825,132.7875,33.82083333333334,132.78125
2025-08,50325693,1,1,33.825,132.7875,33.833333333333336,132.79999999999998,33.829166666666666,132.79375
2025-08,50326538,1,1,33.858333333333334,132.725,33.86666666666667,132.73749999999998,33.8625,132.73125
2025-08,50326630,1,1,33.858333333333334,132.75,33.86666666666667,132.7625,33.8625,132.75625
2025-08,50327631,1,1,33.94166666666667,132.7625,33.95,132.77499999999998,33.94583333333334,132.76874999999998
2025-08,50327642,1,1,33.95,132.775,33.958333333333336,132.7875,33.954166666666666,132.78125
2025-08,50327652,1,1,33.958333333333336,132.775,33.96666666666667,132.7875,33.962500000000006,132.78125
2025-09,50325579,2,2,33.80833333333333,132.7375,33.81666666666666,132.75,33.8125,132.74375
2025-09,50325680,2,2,33.81666666666667,132.75,33.825,132.7625,33.82083333333334,132.75625
2025-09,50325682,2,2,33.81666666666667,132.775,33.825,132.7875,33.82083333333334,132.78125
2025-09,50325693,2,2,33.825,132.7875,33.833333333333336,132.79999999999998,33.829166666666666,132.79375
2025-09,50326537,2,2,33.858333333333334,132.7125,33.86666666666667,132.725,33.8625,132.71875
2025-09,50326622,2,2,33.85,132.775,33.858333333333334,132.7875,33.85416666666667,132.78125
2025-09,50325663,1,1,33.8,132.7875,33.80833333333333,132.79999999999998,33.80416666666666,132.79375
2025-09,50325672,1,1,33.80833333333333,132.775,33.81666666666666,132.7875,33.8125,132.78125
2025-09,50325674,1,1,33.80833333333333,132.8,33.81666666666666,132.8125,33.8125,132.80625
2025-09,50325681,1,1,33.81666666666667,132.7625,33.825,132.77499999999998,33.82083333333334,132.76874999999998
2025-09,50326546,1,1,33.86666666666667,132.7,33.875,132.71249999999998,33.87083333333334,132.70624999999998
2025-09,50326603,1,1,33.833333333333336,132.7875,33.84166666666667,132.79999999999998,33.837500000000006,132.79375
2025-09,50326613,1,1,33.84166666666667,132.7875,33.85,132.79999999999998,33.84583333333333,132.79375
2025-09,50326630,1,1,33.858333333333334,132.75,33.86666666666667,132.7625,33.8625,132.75625
2025-09,50327540,1,1,33.95,132.625,33.958333333333336,132.6375,33.954166666666666,132.63125
2025-09,50327651,1,1,33.958333333333336,132.7625,33.96666666666667,132.77499999999998,33.962500000000006,132.76874999999998
2025-09,50327652,1,1,33.958333333333336,132.775,33.96666666666667,132.7875,33.962500000000006,132.78125
2025-10,50326537,2,2,33.858333333333334,132.7125,33.86666666666667,132.725,33.8625,132.71875
2025-10,50326622,2,2,33.85,132.775,33.858333333333334,132.7875,33.85416666666667,132.78125
2025-10,50325598,1,1,33.825,132.725,33.833333333333336,132.73749999999998,33.829166666666666,132.73125
2025-10,50325691,1,1,33.825,132.7625,33.833333333333336,132.77499999999998,33.829166666666666,132.76874999999998
2025-10,50325692,1,1,33.825,132.775,33.833333333333336,132.7875,33.829166666666666,132.78125
2025-10,50325693,1,1,33.825,132.7875,33.833333333333336,132.79999999999998,33.829166666666666,132.79375
2025-10,50326578,1,1,33.891666666666666,132.725,33.9,132.73749999999998,33.89583333333333,132.73125
2025-10,50326623,1,1,33.85,132.7875,33.858333333333334,132.79999999999998,33.85416666666667,132.79375
2025-10,50327642,1,1,33.95,132.775,33.958333333333336,132.7875,33.954166666666666,132.78125
2025-11,50326622,6,6,33.85,132.775,33.858333333333334,132.7875,33.85416666666667,132.78125
2025-11,50325681,2,2,33.81666666666667,132.7625,33.825,132.77499999999998,33.82083333333334,132.76874999999998
2025-11,50325690,2,2,33.825,132.75,33.833333333333336,132.7625,33.829166666666666,132.75625
2025-11,50326602,2,2,33.833333333333336,132.775,33.84166666666667,132.7875,33.837500000000006,132.78125
2025-11,50326610,2,2,33.84166666666667,132.75,33.85,132.7625,33.84583333333333,132.75625
2025-11,50325599,1,1,33.825,132.7375,33.833333333333336,132.75,33.829166666666666,132.74375
2025-11,50325670,1,1,33.80833333333333,132.75,33.81666666666666,132.7625,33.8125,132.75625
2025-11,50325675,1,1,33.80833333333333,132.8125,33.81666666666666,132.825,33.8125,132.81875
2025-11,50325692,1,1,33.825,132.775,33.833333333333336,132.7875,33.829166666666666,132.78125
2025-11,50325693,1,1,33.825,132.7875,33.833333333333336,132.79999999999998,33.829166666666666,132.79375
2025-11,50326537,1,1,33.858333333333334,132.7125,33.86666666666667,132.725,33.8625,132.71875
2025-11,50326620,1,1,33.85,132.75,33.858333333333334,132.7625,33.85416666666667,132.75625
2025-11,50326623,1,1,33.85,132.7875,33.858333333333334,132.79999999999998,33.85416666666667,132.79375
2025-11,50326630,1,1,33.858333333333334,132.75,33.86666666666667,132.7625,33.8625,132.75625
2025-11,50327560,1,1,33.96666666666667,132.625,33.975,132.6375,33.97083333333333,132.63125
2025-12,50325681,4,4,33.81666666666667,132.7625,33.825,132.77499999999998,33.82083333333334,132.76874999999998
2025-12,50325682,3,3,33.81666666666667,132.775,33.825,132.7875,33.82083333333334,132.78125
2025-12,50326622,3,3,33.85,132.775,33.858333333333334,132.7875,33.85416666666667,132.78125
2025-12,50325691,2,2,33.825,132.7625,33.833333333333336,132.77499999999998,33.829166666666666,132.76874999999998
2025-12,50325692,2,2,33.825,132.775,33.833333333333336,132.7875,33.829166666666666,132.78125
2025-12,50325578,1,1,33.80833333333333,132.725,33.81666666666666,132.73749999999998,33.8125,132.73125
2025-12,50325670,1,1,33.80833333333333,132.75,33.81666666666666,132.7625,33.8125,132.75625
2025-12,50325671,1,1,33.80833333333333,132.7625,33.81666666666666,132.77499999999998,33.8125,132.76874999999998
2025-12,50325674,1,1,33.80833333333333,132.8,33.81666666666666,132.8125,33.8125,132.80625
2025-12,50325680,1,1,33.81666666666667,132.75,33.825,132.7625,33.82083333333334,132.75625
2025-12,50325693,1,1,33.825,132.7875,33.833333333333336,132.79999999999998,33.829166666666666,132.79375
2025-12,50326527,1,1,33.85,132.7125,33.858333333333334,132.725,33.85416666666667,132.71875
2025-12,50326528,1,1,33.85,132.725,33.858333333333334,132.73749999999998,33.85416666666667,132.73125
2025-12,50326603,1,1,33.833333333333336,132.7875,33.84166666666667,132.79999999999998,33.837500000000006,132.79375
2025-12,50326610,1,1,33.84166666666667,132.75,33.85,132.7625,33.84583333333333,132.75625
2025-12,50326623,1,1,33.85,132.7875,33.858333333333334,132.79999999999998,33.85416666666667,132.79375
2025-12,50326640,1,1,33.86666666666667,132.75,33.875,132.7625,33.87083333333334,132.75625
2026-01,50326537,2,2,33.858333333333334,132.7125,33.86666666666667,132.725,33.8625,132.71875
2026-01,50325599,1,1,33.825,132.7375,33.833333333333336,132.75,33.829166666666666,132.74375
2026-01,50325661,1,1,33.8,132.7625,33.80833333333333,132.77499999999998,33.80416666666666,132.76874999999998
2026-01,50325670,1,1,33.80833333333333,132.75,33.81666666666666,132.7625,33.8125,132.75625
2026-02,50326622,14,14,33.85,132.775,33.858333333333334,132.7875,33.85416666666667,132.78125
2026-02,50326612,3,3,33.84166666666667,132.775,33.85,132.7875,33.84583333333333,132.78125
2026-02,50326630,3,3,33.858333333333334,132.75,33.86666666666667,132.7625,33.8625,132.75625
2026-02,50325597,2,2,33.825,132.7125,33.833333333333336,132.725,33.829166666666666,132.71875
2026-02,50325671,2,2,33.80833333333333,132.7625,33.81666666666666,132.77499999999998,33.8125,132.76874999999998
2026-02,50325681,2,2,33.81666666666667,132.7625,33.825,132.77499999999998,33.82083333333334,132.76874999999998
2026-02,50326509,2,2,33.833333333333336,132.7375,33.84166666666667,132.75,33.837500000000006,132.74375
2026-02,50326613,2,2,33.84166666666667,132.7875,33.85,132.79999999999998,33.84583333333333,132.79375
2026-02,50326620,2,2,33.85,132.75,33.858333333333334,132.7625,33.85416666666667,132.75625
2026-02,50325598,1,1,33.825,132.725,33.833333333333336,132.73749999999998,33.829166666666666,132.73125
2026-02,50325599,1,1,33.825,132.7375,33.833333333333336,132.75,33.829166666666666,132.74375
2026-02,50325673,1,1,33.80833333333333,132.7875,33.81666666666666,132.79999999999998,33.8125,132.79375
2026-02,50325675,1,1,33.80833333333333,132.8125,33.81666666666666,132.825,33.8125,132.81875
2026-02,50325680,1,1,33.81666666666667,132.75,33.825,132.7625,33.82083333333334,132.75625
2026-02,50325682,1,1,33.81666666666667,132.775,33.825,132.7875,33.82083333333334,132.78125
2026-02,50325690,1,1,33.825,132.75,33.833333333333336,132.7625,33.829166666666666,132.75625
2026-02,50325691,1,1,33.825,132.7625,33.833333333333336,132.77499999999998,33.829166666666666,132.76874999999998
2026-02,50325693,1,1,33.825,132.7875,33.833333333333336,132.79999999999998,33.829166666666666,132.79375
2026-02,50326527,1,1,33.85,132.7125,33.858333333333334,132.725,33.85416666666667,132.71875
2026-02,50326529,1,1,33.85,132.7375,33.858333333333334,132.75,33.85416666666667,132.74375
2026-02,50326537,1,1,33.858333333333334,132.7125,33.86666666666667,132.725,33.8625,132.71875
2026-02,50326588,1,1,33.900000000000006,132.725,33.90833333333334,132.73749999999998,33.90416666666667,132.73125
2026-02,50326602,1,1,33.833333333333336,132.775,33.84166666666667,132.7875,33.837500000000006,132.78125
2026-02,50326610,1,1,33.84166666666667,132.75,33.85,132.7625,33.84583333333333,132.75625
2026-02,50326640,1,1,33.86666666666667,132.75,33.875,132.7625,33.87083333333334,132.75625
2026-03,50325579,5,5,33.80833333333333,132.7375,33.81666666666666,132.75,33.8125,132.74375
2026-03,50325671,3,3,33.80833333333333,132.7625,33.81666666666666,132.77499999999998,33.8125,132.76874999999998
2026-03,50325673,3,3,33.80833333333333,132.7875,33.81666666666666,132.79999999999998,33.8125,132.79375
2026-03,50326537,3,3,33.858333333333334,132.7125,33.86666666666667,132.725,33.8625,132.71875
2026-03,50326610,3,3,33.84166666666667,132.75,33.85,132.7625,33.84583333333333,132.75625
2026-03,50326622,3,3,33.85,132.775,33.858333333333334,132.7875,33.85416666666667,132.78125
2026-03,50325598,2,2,33.825,132.725,33.833333333333336,132.73749999999998,33.829166666666666,132.73125
2026-03,50325693,2,2,33.825,132.7875,33.833333333333336,132.79999999999998,33.829166666666666,132.79375
2026-03,50326527,2,2,33.85,132.7125,33.858333333333334,132.725,33.85416666666667,132.71875
2026-03,50326603,2,2,33.833333333333336,132.7875,33.84166666666667,132.79999999999998,33.837500000000006,132.79375
2026-03,50325578,1,1,33.80833333333333,132.725,33.81666666666666,132.73749999999998,33.8125,132.73125
2026-03,50325585,1,1,33.81666666666667,132.6875,33.825,132.7,33.82083333333334,132.69375
2026-03,50325670,1,1,33.80833333333333,132.75,33.81666666666666,132.7625,33.8125,132.75625
2026-03,50325672,1,1,33.80833333333333,132.775,33.81666666666666,132.7875,33.8125,132.78125
2026-03,50325681,1,1,33.81666666666667,132.7625,33.825,132.77499999999998,33.82083333333334,132.76874999999998
2026-03,50325682,1,1,33.81666666666667,132.775,33.825,132.7875,33.82083333333334,132.78125
2026-03,50325691,1,1,33.825,132.7625,33.833333333333336,132.77499999999998,33.829166666666666,132.76874999999998
2026-03,50326528,1,1,33.85,132.725,33.858333333333334,132.73749999999998,33.85416666666667,132.73125
2026-03,50326613,1,1,33.84166666666667,132.7875,33.85,132.79999999999998,33.84583333333333,132.79375
2026-03,50326621,1,1,33.85,132.7625,33.858333333333334,132.77499999999998,33.85416666666667,132.76874999999998
2026-03,50326630,1,1,33.858333333333334,132.75,33.86666666666667,132.7625,33.8625,132.75625
2026-03,50327570,1,1,33.975,132.625,33.983333333333334,132.6375,33.97916666666667,132.63125
2026-03,50327651,1,1,33.958333333333336,132.7625,33.96666666666667,132.77499999999998,33.962500000000006,132.76874999999998
2026-03,50327661,1,1,33.96666666666667,132.7625,33.975,132.77499999999998,33.97083333333333,132.76874999999998
2026-03,50327662,1,1,33.96666666666667,132.775,33.975,132.7875,33.97083333333333,132.78125
2026-03,50327671,1,1,33.975,132.7625,33.983333333333334,132.77499999999998,33.97916666666667,132.76874999999998
2026-04,50325579,3,3,33.80833333333333,132.7375,33.81666666666666,132.75,33.8125,132.74375
2026-04,50326610,2,2,33.84166666666667,132.75,33.85,132.7625,33.84583333333333,132.75625
2026-04,50326622,2,2,33.85,132.775,33.858333333333334,132.7875,33.85416666666667,132.78125
2026-04,50325589,1,1,33.81666666666667,132.7375,33.825,132.75,33.82083333333334,132.74375
2026-04,50325672,1,1,33.80833333333333,132.775,33.81666666666666,132.7875,33.8125,132.78125
2026-04,50325681,1,1,33.81666666666667,132.7625,33.825,132.77499999999998,33.82083333333334,132.76874999999998
2026-04,50326537,1,1,33.858333333333334,132.7125,33.86666666666667,132.725,33.8625,132.71875
2026-04,50326613,1,1,33.84166666666667,132.7875,33.85,132.79999999999998,33.84583333333333,132.79375
2026-04,50326623,1,1,33.85,132.7875,33.858333333333334,132.79999999999998,33.85416666666667,132.79375
2026-04,50327631,1,1,33.94166666666667,132.7625,33.95,132.77499999999998,33.94583333333334,132.76874999999998
2026-05,50325671,1,1,33.80833333333333,132.7625,33.81666666666666,132.77499999999998,33.8125,132.76874999999998
2026-05,50325680,1,1,33.81666666666667,132.75,33.825,132.7625,33.82083333333334,132.75625
2026-05,50325681,1,1,33.81666666666667,132.7625,33.825,132.77499999999998,33.82083333333334,132.76874999999998
2026-05,50325682,1,1,33.81666666666667,132.775,33.825,132.7875,33.82083333333334,132.78125
2026-05,50325693,1,1,33.825,132.7875,33.833333333333336,132.79999999999998,33.829166666666666,132.79375
2026-05,50326588,1,1,33.900000000000006,132.725,33.90833333333334,132.73749999999998,33.90416666666667,132.73125
2026-05,50326622,1,1,33.85,132.775,33.858333333333334,132.7875,33.85416666666667,132.78125
2026-06,50325692,2,2,33.825,132.775,33.833333333333336,132.7875,33.829166666666666,132.78125
2026-06,50325579,1,1,33.80833333333333,132.7375,33.81666666666666,132.75,33.8125,132.74375
2026-06,50325596,1,1,33.825,132.7,33.833333333333336,132.71249999999998,33.829166666666666,132.70624999999998
2026-06,50325598,1,1,33.825,132.725,33.833333333333336,132.73749999999998,33.829166666666666,132.73125
2026-06,50325599,1,1,33.825,132.7375,33.833333333333336,132.75,33.829166666666666,132.74375
2026-06,50325674,1,1,33.80833333333333,132.8,33.81666666666666,132.8125,33.8125,132.80625
2026-06,50325681,1,1,33.81666666666667,132.7625,33.825,132.77499999999998,33.82083333333334,132.76874999999998
2026-06,50325690,1,1,33.825,132.75,33.833333333333336,132.7625,33.829166666666666,132.75625
2026-06,50326602,1,1,33.833333333333336,132.775,33.84166666666667,132.7875,33.837500000000006,132.78125
2026-06,50326623,1,1,33.85,132.7875,33.858333333333334,132.79999999999998,33.85416666666667,132.79375
2026-06,50327661,1,1,33.96666666666667,132.7625,33.975,132.77499999999998,33.97083333333333,132.76874999999998
2026-07,50325597,3,2,33.825,132.7125,33.833333333333336,132.725,33.829166666666666,132.71875
2026-07,50326622,3,3,33.85,132.775,33.858333333333334,132.7875,33.85416666666667,132.78125
2026-07,50325670,2,1,33.80833333333333,132.75,33.81666666666666,132.7625,33.8125,132.75625
2026-07,50326602,2,2,33.833333333333336,132.775,33.84166666666667,132.7875,33.837500000000006,132.78125
2026-07,50325579,1,1,33.80833333333333,132.7375,33.81666666666666,132.75,33.8125,132.74375
2026-07,50325599,1,1,33.825,132.7375,33.833333333333336,132.75,33.829166666666666,132.74375
2026-07,50325671,1,1,33.80833333333333,132.7625,33.81666666666666,132.77499999999998,33.8125,132.76874999999998
2026-07,50325672,1,1,33.80833333333333,132.775,33.81666666666666,132.7875,33.8125,132.78125
2026-07,50325681,1,1,33.81666666666667,132.7625,33.825,132.77499999999998,33.82083333333334,132.76874999999998
2026-07,50325693,1,1,33.825,132.7875,33.833333333333336,132.79999999999998,33.829166666666666,132.79375
2026-07,50326537,1,1,33.858333333333334,132.7125,33.86666666666667,132.725,33.8625,132.71875
2026-07,50326569,1,1,33.88333333333333,132.7375,33.891666666666666,132.75,33.8875,132.74375
2026-07,50326603,1,1,33.833333333333336,132.7875,33.84166666666667,132.79999999999998,33.837500000000006,132.79375
2026-07,50326613,1,1,33.84166666666667,132.7875,33.85,132.79999999999998,33.84583333333333,132.79375
2026-07,50326640,1,1,33.86666666666667,132.75,33.875,132.7625,33.87083333333334,132.75625
2026-07,50327621,1,1,33.93333333333334,132.7625,33.94166666666667,132.77499999999998,33.9375,132.76874999999998
