window_end_month,window_start_month,mesh_1km,new_restaurant_permits_12m,active_mesh_rank,active_mesh_percentile,active_mesh_zscore,hotspot_class,mesh_1km_south,mesh_1km_west,mesh_1km_north,mesh_1km_east,mesh_1km_center_lat,mesh_1km_center_lon
2025-08,2024-09,50326622,45,1,100.0,6.3275,top_5pct_active,33.85,132.775,33.858333333333334,132.7875,33.85416666666667,132.78125
2025-08,2024-09,50326537,17,2,98.51,1.8733,top_5pct_active,33.858333333333334,132.7125,33.86666666666667,132.725,33.8625,132.71875
2025-08,2024-09,50325671,15,3,97.01,1.5552,top_5pct_active,33.80833333333333,132.7625,33.81666666666666,132.77499999999998,33.8125,132.76874999999998
2025-08,2024-09,50325681,12,4,95.52,1.0779,top_5pct_active,33.81666666666667,132.7625,33.825,132.77499999999998,33.82083333333334,132.76874999999998
2025-08,2024-09,50325692,12,5,94.03,1.0779,top_20pct_active,33.825,132.775,33.833333333333336,132.7875,33.829166666666666,132.78125
2025-08,2024-09,50326602,12,6,92.54,1.0779,top_20pct_active,33.833333333333336,132.775,33.84166666666667,132.7875,33.837500000000006,132.78125
2025-08,2024-09,50325599,10,7,91.04,0.7598,top_20pct_active,33.825,132.7375,33.833333333333336,132.75,33.829166666666666,132.74375
2025-08,2024-09,50325672,10,8,89.55,0.7598,top_20pct_active,33.80833333333333,132.775,33.81666666666666,132.7875,33.8125,132.78125
2025-08,2024-09,50325680,10,9,88.06,0.7598,top_20pct_active,33.81666666666667,132.75,33.825,132.7625,33.82083333333334,132.75625
2025-08,2024-09,50325682,10,10,86.57,0.7598,top_20pct_active,33.81666666666667,132.775,33.825,132.7875,33.82083333333334,132.78125
2025-09,2024-10,50326622,32,1,100.0,5.4586,top_5pct_active,33.85,132.775,33.858333333333334,132.7875,33.85416666666667,132.78125
2025-09,2024-10,50326537,16,2,98.53,2.2587,top_5pct_active,33.858333333333334,132.7125,33.86666666666667,132.725,33.8625,132.71875
2025-09,2024-10,50325671,15,3,97.06,2.0588,top_5pct_active,33.80833333333333,132.7625,33.81666666666666,132.77499999999998,33.8125,132.76874999999998
2025-09,2024-10,50325680,12,4,95.59,1.4588,top_5pct_active,33.81666666666667,132.75,33.825,132.7625,33.82083333333334,132.75625
2025-09,2024-10,50326602,12,5,94.12,1.4588,top_20pct_active,33.833333333333336,132.775,33.84166666666667,132.7875,33.837500000000006,132.78125
2025-09,2024-10,50325681,11,6,92.65,1.2588,top_20pct_active,33.81666666666667,132.7625,33.825,132.77499999999998,33.82083333333334,132.76874999999998
2025-09,2024-10,50325682,11,7,91.18,1.2588,top_20pct_active,33.81666666666667,132.775,33.825,132.7875,33.82083333333334,132.78125
2025-09,2024-10,50325692,11,8,89.71,1.2588,top_20pct_active,33.825,132.775,33.833333333333336,132.7875,33.829166666666666,132.78125
2025-09,2024-10,50325599,10,9,88.24,1.0588,top_20pct_active,33.825,132.7375,33.833333333333336,132.75,33.829166666666666,132.74375
2025-09,2024-10,50326630,10,10,86.76,1.0588,top_20pct_active,33.858333333333334,132.75,33.86666666666667,132.7625,33.8625,132.75625
2025-10,2024-11,50326622,34,1,100.0,5.7351,top_5pct_active,33.85,132.775,33.858333333333334,132.7875,33.85416666666667,132.78125
2025-10,2024-11,50326537,16,2,98.53,2.2111,top_5pct_active,33.858333333333334,132.7125,33.86666666666667,132.725,33.8625,132.71875
2025-10,2024-11,50325671,15,3,97.06,2.0154,top_5pct_active,33.80833333333333,132.7625,33.81666666666666,132.77499999999998,33.8125,132.76874999999998
2025-10,2024-11,50325680,12,4,95.59,1.428,top_5pct_active,33.81666666666667,132.75,33.825,132.7625,33.82083333333334,132.75625
2025-10,2024-11,50326602,12,5,94.12,1.428,top_20pct_active,33.833333333333336,132.775,33.84166666666667,132.7875,33.837500000000006,132.78125
2025-10,2024-11,50325682,11,6,92.65,1.2322,top_20pct_active,33.81666666666667,132.775,33.825,132.7875,33.82083333333334,132.78125
2025-10,2024-11,50325692,11,7,91.18,1.2322,top_20pct_active,33.825,132.775,33.833333333333336,132.7875,33.829166666666666,132.78125
2025-10,2024-11,50325681,10,8,89.71,1.0365,top_20pct_active,33.81666666666667,132.7625,33.825,132.77499999999998,33.82083333333334,132.76874999999998
2025-10,2024-11,50325597,9,9,88.24,0.8407,top_20pct_active,33.825,132.7125,33.833333333333336,132.725,33.829166666666666,132.71875
2025-10,2024-11,50325599,9,10,86.76,0.8407,top_20pct_active,33.825,132.7375,33.833333333333336,132.75,33.829166666666666,132.74375
2025-11,2024-12,50326622,40,1,100.0,6.3265,top_5pct_active,33.85,132.775,33.858333333333334,132.7875,33.85416666666667,132.78125
2025-11,2024-12,50326537,15,2,98.48,1.8579,top_5pct_active,33.858333333333334,132.7125,33.86666666666667,132.725,33.8625,132.71875
2025-11,2024-12,50325671,13,3,96.97,1.5004,top_5pct_active,33.80833333333333,132.7625,33.81666666666666,132.77499999999998,33.8125,132.76874999999998
2025-11,2024-12,50326602,12,4,95.45,1.3216,top_5pct_active,33.833333333333336,132.775,33.84166666666667,132.7875,33.837500000000006,132.78125
2025-11,2024-12,50325680,11,5,93.94,1.1429,top_20pct_active,33.81666666666667,132.75,33.825,132.7625,33.82083333333334,132.75625
2025-11,2024-12,50325682,11,6,92.42,1.1429,top_20pct_active,33.81666666666667,132.775,33.825,132.7875,33.82083333333334,132.78125
2025-11,2024-12,50325681,10,7,90.91,0.9641,top_20pct_active,33.81666666666667,132.7625,33.825,132.77499999999998,33.82083333333334,132.76874999999998
2025-11,2024-12,50325693,10,8,89.39,0.9641,top_20pct_active,33.825,132.7875,33.833333333333336,132.79999999999998,33.829166666666666,132.79375
2025-11,2024-12,50326630,10,9,87.88,0.9641,top_20pct_active,33.858333333333334,132.75,33.86666666666667,132.7625,33.8625,132.75625
2025-11,2024-12,50325692,9,10,86.36,0.7854,top_20pct_active,33.825,132.775,33.833333333333336,132.7875,33.829166666666666,132.78125
2025-12,2025-01,50326622,35,1,100.0,5.848,top_5pct_active,33.85,132.775,33.858333333333334,132.7875,33.85416666666667,132.78125
2025-12,2025-01,50326537,15,2,98.44,2.0054,top_5pct_active,33.858333333333334,132.7125,33.86666666666667,132.725,33.8625,132.71875
2025-12,2025-01,50325681,14,3,96.88,1.8132,top_5pct_active,33.81666666666667,132.7625,33.825,132.77499999999998,33.82083333333334,132.76874999999998
2025-12,2025-01,50325682,13,4,95.31,1.6211,top_5pct_active,33.81666666666667,132.775,33.825,132.7875,33.82083333333334,132.78125
2025-12,2025-01,50325680,11,5,93.75,1.2368,top_20pct_active,33.81666666666667,132.75,33.825,132.7625,33.82083333333334,132.75625
2025-12,2025-01,50325693,11,6,92.19,1.2368,top_20pct_active,33.825,132.7875,33.833333333333336,132.79999999999998,33.829166666666666,132.79375
2025-12,2025-01,50325671,10,7,90.62,1.0447,top_20pct_active,33.80833333333333,132.7625,33.81666666666666,132.77499999999998,33.8125,132.76874999999998
2025-12,2025-01,50326602,10,8,89.06,1.0447,top_20pct_active,33.833333333333336,132.775,33.84166666666667,132.7875,33.837500000000006,132.78125
2025-12,2025-01,50325691,9,9,87.5,0.8526,top_20pct_active,33.825,132.7625,33.833333333333336,132.77499999999998,33.829166666666666,132.76874999999998
2025-12,2025-01,50325692,8,10,85.94,0.6604,top_20pct_active,33.825,132.775,33.833333333333336,132.7875,33.829166666666666,132.78125
2026-01,2025-02,50326622,33,1,100.0,5.6106,top_5pct_active,33.85,132.775,33.858333333333334,132.7875,33.85416666666667,132.78125
2026-01,2025-02,50326537,17,2,98.41,2.4529,top_5pct_active,33.858333333333334,132.7125,33.86666666666667,132.725,33.8625,132.71875
2026-01,2025-02,50325681,13,3,96.83,1.6635,top_5pct_active,33.81666666666667,132.7625,33.825,132.77499999999998,33.82083333333334,132.76874999999998
2026-01,2025-02,50325682,12,4,95.24,1.4661,top_5pct_active,33.81666666666667,132.775,33.825,132.7875,33.82083333333334,132.78125
2026-01,2025-02,50325680,11,5,93.65,1.2687,top_20pct_active,33.81666666666667,132.75,33.825,132.7625,33.82083333333334,132.75625
2026-01,2025-02,50325693,11,6,92.06,1.2687,top_20pct_active,33.825,132.7875,33.833333333333336,132.79999999999998,33.829166666666666,132.79375
2026-01,2025-02,50325671,10,7,90.48,1.0714,top_20pct_active,33.80833333333333,132.7625,33.81666666666666,132.77499999999998,33.8125,132.76874999999998
2026-01,2025-02,50326602,10,8,88.89,1.0714,top_20pct_active,33.833333333333336,132.775,33.84166666666667,132.7875,33.837500000000006,132.78125
2026-01,2025-02,50325691,8,9,87.3,0.6767,top_20pct_active,33.825,132.7625,33.833333333333336,132.77499999999998,33.829166666666666,132.76874999999998
2026-01,2025-02,50325692,8,10,85.71,0.6767,top_20pct_active,33.825,132.775,33.833333333333336,132.7875,33.829166666666666,132.78125
2026-02,2025-03,50326622,41,1,100.0,6.1108,top_5pct_active,33.85,132.775,33.858333333333334,132.7875,33.85416666666667,132.78125
2026-02,2025-03,50326537,15,2,98.36,1.7035,top_5pct_active,33.858333333333334,132.7125,33.86666666666667,132.725,33.8625,132.71875
2026-02,2025-03,50325681,14,3,96.72,1.534,top_5pct_active,33.81666666666667,132.7625,33.825,132.77499999999998,33.82083333333334,132.76874999999998
2026-02,2025-03,50325680,12,4,95.08,1.1949,top_5pct_active,33.81666666666667,132.75,33.825,132.7625,33.82083333333334,132.75625
2026-02,2025-03,50325682,12,5,93.44,1.1949,top_20pct_active,33.81666666666667,132.775,33.825,132.7875,33.82083333333334,132.78125
2026-02,2025-03,50325671,10,6,91.8,0.8559,top_20pct_active,33.80833333333333,132.7625,33.81666666666666,132.77499999999998,33.8125,132.76874999999998
2026-02,2025-03,50325693,10,7,90.16,0.8559,top_20pct_active,33.825,132.7875,33.833333333333336,132.79999999999998,33.829166666666666,132.79375
2026-02,2025-03,50326602,10,8,88.52,0.8559,top_20pct_active,33.833333333333336,132.775,33.84166666666667,132.7875,33.837500000000006,132.78125
2026-02,2025-03,50326630,10,9,86.89,0.8559,top_20pct_active,33.858333333333334,132.75,33.86666666666667,132.7625,33.8625,132.75625
2026-02,2025-03,50325597,9,10,85.25,0.6864,top_20pct_active,33.825,132.7125,33.833333333333336,132.725,33.829166666666666,132.71875
2026-03,2025-04,50326622,42,1,100.0,6.0726,top_5pct_active,33.85,132.775,33.858333333333334,132.7875,33.85416666666667,132.78125
2026-03,2025-04,50326537,18,2,98.39,2.1181,top_5pct_active,33.858333333333334,132.7125,33.86666666666667,132.725,33.8625,132.71875
2026-03,2025-04,50325681,13,3,96.77,1.2942,top_5pct_active,33.81666666666667,132.7625,33.825,132.77499999999998,33.82083333333334,132.76874999999998
2026-03,2025-04,50325682,12,4,95.16,1.1295,top_5pct_active,33.81666666666667,132.775,33.825,132.7875,33.82083333333334,132.78125
2026-03,2025-04,50325671,11,5,93.55,0.9647,top_20pct_active,33.80833333333333,132.7625,33.81666666666666,132.77499999999998,33.8125,132.76874999999998
2026-03,2025-04,50325680,11,6,91.94,0.9647,top_20pct_active,33.81666666666667,132.75,33.825,132.7625,33.82083333333334,132.75625
2026-03,2025-04,50325693,11,7,90.32,0.9647,top_20pct_active,33.825,132.7875,33.833333333333336,132.79999999999998,33.829166666666666,132.79375
2026-03,2025-04,50326610,11,8,88.71,0.9647,top_20pct_active,33.84166666666667,132.75,33.85,132.7625,33.84583333333333,132.75625
2026-03,2025-04,50326630,11,9,87.1,0.9647,top_20pct_active,33.858333333333334,132.75,33.86666666666667,132.7625,33.8625,132.75625
2026-03,2025-04,50325597,9,10,85.48,0.6352,top_20pct_active,33.825,132.7125,33.833333333333336,132.725,33.829166666666666,132.71875
2026-04,2025-05,50326622,42,1,100.0,5.9932,top_5pct_active,33.85,132.775,33.858333333333334,132.7875,33.85416666666667,132.78125
2026-04,2025-05,50326537,18,2,98.36,2.0832,top_5pct_active,33.858333333333334,132.7125,33.86666666666667,132.725,33.8625,132.71875
2026-04,2025-05,50325681,14,3,96.72,1.4315,top_5pct_active,33.81666666666667,132.7625,33.825,132.77499999999998,33.82083333333334,132.76874999999998
2026-04,2025-05,50326610,13,4,95.08,1.2686,top_5pct_active,33.84166666666667,132.75,33.85,132.7625,33.84583333333333,132.75625
2026-04,2025-05,50325682,12,5,93.44,1.1057,top_20pct_active,33.81666666666667,132.775,33.825,132.7875,33.82083333333334,132.78125
2026-04,2025-05,50325579,11,6,91.8,0.9428,top_20pct_active,33.80833333333333,132.7375,33.81666666666666,132.75,33.8125,132.74375
2026-04,2025-05,50325671,10,7,90.16,0.7799,top_20pct_active,33.80833333333333,132.7625,33.81666666666666,132.77499999999998,33.8125,132.76874999999998
2026-04,2025-05,50325693,10,8,88.52,0.7799,top_20pct_active,33.825,132.7875,33.833333333333336,132.79999999999998,33.829166666666666,132.79375
2026-04,2025-05,50326630,10,9,86.89,0.7799,top_20pct_active,33.858333333333334,132.75,33.86666666666667,132.7625,33.8625,132.75625
2026-04,2025-05,50325597,9,10,85.25,0.617,top_20pct_active,33.825,132.7125,33.833333333333336,132.725,33.829166666666666,132.71875
2026-05,2025-06,50326622,38,1,100.0,5.7833,top_5pct_active,33.85,132.775,33.858333333333334,132.7875,33.85416666666667,132.78125
2026-05,2025-06,50326537,17,2,98.33,2.1307,top_5pct_active,33.858333333333334,132.7125,33.86666666666667,132.725,33.8625,132.71875
2026-05,2025-06,50325681,14,3,96.67,1.6089,top_5pct_active,33.81666666666667,132.7625,33.825,132.77499999999998,33.82083333333334,132.76874999999998
2026-05,2025-06,50325682,12,4,95.0,1.261,top_5pct_active,33.81666666666667,132.775,33.825,132.7875,33.82083333333334,132.78125
2026-05,2025-06,50326610,12,5,93.33,1.261,top_20pct_active,33.84166666666667,132.75,33.85,132.7625,33.84583333333333,132.75625
2026-05,2025-06,50325579,11,6,91.67,1.0871,top_20pct_active,33.80833333333333,132.7375,33.81666666666666,132.75,33.8125,132.74375
2026-05,2025-06,50325671,11,7,90.0,1.0871,top_20pct_active,33.80833333333333,132.7625,33.81666666666666,132.77499999999998,33.8125,132.76874999999998
2026-05,2025-06,50325693,11,8,88.33,1.0871,top_20pct_active,33.825,132.7875,33.833333333333336,132.79999999999998,33.829166666666666,132.79375
2026-05,2025-06,50325680,10,9,86.67,0.9132,top_20pct_active,33.81666666666667,132.75,33.825,132.7625,33.82083333333334,132.75625
2026-05,2025-06,50326602,9,10,85.0,0.7392,top_20pct_active,33.833333333333336,132.775,33.84166666666667,132.7875,33.837500000000006,132.78125
2026-06,2025-07,50326622,37,1,100.0,5.8112,top_5pct_active,33.85,132.775,33.858333333333334,132.7875,33.85416666666667,132.78125
2026-06,2025-07,50326537,17,2,98.28,2.2294,top_5pct_active,33.858333333333334,132.7125,33.86666666666667,132.725,33.8625,132.71875
2026-06,2025-07,50325681,14,3,96.55,1.6921,top_5pct_active,33.81666666666667,132.7625,33.825,132.77499999999998,33.82083333333334,132.76874999999998
2026-06,2025-07,50325579,12,4,94.83,1.3339,top_20pct_active,33.80833333333333,132.7375,33.81666666666666,132.75,33.8125,132.74375
2026-06,2025-07,50325693,11,5,93.1,1.1548,top_20pct_active,33.825,132.7875,33.833333333333336,132.79999999999998,33.829166666666666,132.79375
2026-06,2025-07,50326610,11,6,91.38,1.1548,top_20pct_active,33.84166666666667,132.75,33.85,132.7625,33.84583333333333,132.75625
2026-06,2025-07,50325682,9,7,89.66,0.7966,top_20pct_active,33.81666666666667,132.775,33.825,132.7875,33.82083333333334,132.78125
2026-06,2025-07,50325680,8,8,87.93,0.6176,top_20pct_active,33.81666666666667,132.75,33.825,132.7625,33.82083333333334,132.75625
2026-06,2025-07,50326602,8,9,86.21,0.6176,top_20pct_active,33.833333333333336,132.775,33.84166666666667,132.7875,33.837500000000006,132.78125
2026-06,2025-07,50325599,7,10,84.48,0.4385,top_20pct_active,33.825,132.7375,33.833333333333336,132.75,33.829166666666666,132.74375
2026-07,2025-08,50326622,39,1,100.0,5.8155,top_5pct_active,33.85,132.775,33.858333333333334,132.7875,33.85416666666667,132.78125
2026-07,2025-08,50326537,18,2,98.25,2.2493,top_5pct_active,33.858333333333334,132.7125,33.86666666666667,132.725,33.8625,132.71875
2026-07,2025-08,50325681,14,3,96.49,1.5701,top_5pct_active,33.81666666666667,132.7625,33.825,132.77499999999998,33.82083333333334,132.76874999999998
2026-07,2025-08,50325579,13,4,94.74,1.4002,top_20pct_active,33.80833333333333,132.7375,33.81666666666666,132.75,33.8125,132.74375
2026-07,2025-08,50325693,11,5,92.98,1.0606,top_20pct_active,33.825,132.7875,33.833333333333336,132.79999999999998,33.829166666666666,132.79375
2026-07,2025-08,50326610,11,6,91.23,1.0606,top_20pct_active,33.84166666666667,132.75,33.85,132.7625,33.84583333333333,132.75625
2026-07,2025-08,50325682,9,7,89.47,0.721,top_20pct_active,33.81666666666667,132.775,33.825,132.7875,33.82083333333334,132.78125
2026-07,2025-08,50326602,9,8,87.72,0.721,top_20pct_active,33.833333333333336,132.775,33.84166666666667,132.7875,33.837500000000006,132.78125
2026-07,2025-08,50325671,8,9,85.96,0.5512,top_20pct_active,33.80833333333333,132.7625,33.81666666666666,132.77499999999998,33.8125,132.76874999999998
2026-07,2025-08,50325680,7,10,84.21,0.3813,top_20pct_active,33.81666666666667,132.75,33.825,132.7625,33.82083333333334,132.75625
