month,strict_new_restaurant_permits,active_1km_meshes,top_1km_mesh_share,hhi_1km,normalized_entropy_1km
2024-09,53,25,0.283019,0.110004,0.856119
2024-10,11,10,0.181818,0.107438,0.98666
2024-11,40,28,0.1,0.04625,0.963978
2024-12,38,22,0.210526,0.084488,0.908255
2025-01,9,8,0.222222,0.135802,0.982568
2025-02,34,21,0.176471,0.070934,0.942214
2025-03,27,22,0.074074,0.050754,0.983201
2025-04,15,12,0.133333,0.093333,0.978222
2025-05,40,26,0.125,0.0525,0.956069
2025-06,33,24,0.121212,0.054178,0.96303
2025-07,15,13,0.133333,0.084444,0.983727
2025-08,35,23,0.142857,0.061224,0.949981
2025-09,23,17,0.086957,0.066163,0.979048
2025-10,11,9,0.181818,0.123967,0.976615
2025-11,24,15,0.25,0.107639,0.922828
2025-12,26,17,0.153846,0.079882,0.947566
2026-01,5,4,0.4,0.28,0.960964
2026-02,48,25,0.291667,0.110243,0.86703
2026-03,44,26,0.113636,0.052686,0.951705
2026-04,14,10,0.214286,0.122449,0.957879
2026-05,7,7,0.142857,0.142857,1.0
2026-06,12,11,0.166667,0.097222,0.988109
2026-07,22,16,0.136364,0.078512,0.961338
