month,precision_scope,event_count,centroid_latitude,centroid_longitude,movement_from_previous_month_km
2024-09,strict_address_or_parcel,53,33.844550235547175,132.76682553637738,
2024-10,strict_address_or_parcel,11,33.849475343818185,132.75519977509092,1.2052526156654846
2024-11,strict_address_or_parcel,40,33.846094761625,132.754593000025,0.38005773192469544
2024-12,strict_address_or_parcel,38,33.84304854842106,132.76605997873682,1.1118640096170984
2025-01,strict_address_or_parcel,9,33.84443525955555,132.76266514933332,0.34939250444766773
2025-02,strict_address_or_parcel,34,33.841464762735285,132.7628269759412,0.3306425833201139
2025-03,strict_address_or_parcel,27,33.842292500851855,132.7658785225185,0.2964777725578926
2025-04,strict_address_or_parcel,15,33.836595725,132.76403522206664,0.655931873867297
2025-05,strict_address_or_parcel,40,33.845378107875,132.75086641069998,1.5597719978953053
2025-06,strict_address_or_parcel,33,33.831690022848484,132.76549324933333,2.035103114102667
2025-07,strict_address_or_parcel,15,33.8439185314,132.74367114006665,2.4312894527447613
2025-08,strict_address_or_parcel,35,33.84754597485715,132.75666459702856,1.2659486368489787
2025-09,strict_address_or_parcel,23,33.84937638491305,132.76232025752174,0.5605509315497677
2025-10,strict_address_or_parcel,11,33.85891142463637,132.76123766863637,1.0649520623758817
2025-11,strict_address_or_parcel,24,33.84611593508333,132.76537235170835,1.4731362306454332
2025-12,strict_address_or_parcel,26,33.83170432934615,132.77062262219232,1.6742593596142052
2026-01,strict_address_or_parcel,5,33.8338607346,132.7402659382,2.8141587287348444
2026-02,strict_address_or_parcel,48,33.843582786187504,132.7671171712917,2.7053462341133336
2026-03,strict_address_or_parcel,44,33.84803846488636,132.75642961086362,1.1043875202816458
2026-04,strict_address_or_parcel,14,33.8425964695,132.76287988814286,0.8491354562014632
2026-05,strict_address_or_parcel,7,33.83631401814286,132.769120835,0.9056792097205544
2026-06,strict_address_or_parcel,12,33.840157356,132.76387736108333,0.6458880419113266
2026-07,strict_address_or_parcel,22,33.8405668139091,132.76126909527275,0.2451585359440314
2024-09,town_or_better,131,33.84324498842748,132.76568314067174,
2024-10,town_or_better,55,33.852786396036365,132.76723433683637,1.0705849767276518
2024-11,town_or_better,121,33.84494969805785,132.76101394215704,1.0437090610166295
2024-12,town_or_better,116,33.84282230034483,132.76805182924141,0.6916854368682439
2025-01,town_or_better,49,33.84154245583674,132.7648188437551,0.33076553390501495
2025-02,town_or_better,119,33.84069688178992,132.76509183346218,0.09734537226578363
2025-03,town_or_better,103,33.85007988857281,132.76935275833011,1.1150849390570023
2025-04,town_or_better,71,33.8424267306338,132.76596558212677,0.9066644264771524
2025-05,town_or_better,163,33.84673561542945,132.76313258544783,0.5459084891086261
2025-06,town_or_better,110,33.835089343218186,132.7710511929818,1.4872474153208104
2025-07,town_or_better,64,33.84193378079688,132.76561595470312,0.9117157501320954
2025-08,town_or_better,116,33.84759762172414,132.76597031806895,0.6306409752701309
2025-09,town_or_better,92,33.84146542231522,132.76795546655435,0.7060870783135638
2025-10,town_or_better,53,33.84595242775471,132.76657017650942,0.5150747751784392
2025-11,town_or_better,86,33.84450271444186,132.7642894004767,0.265241481672721
2025-12,town_or_better,127,33.83961962648031,132.76975658407088,0.741467091641674
2026-01,town_or_better,40,33.835269316825006,132.77057804227502,0.4896468126916279
2026-02,town_or_better,155,33.84440857894839,132.7687453304645,1.0302411369652151
2026-03,town_or_better,148,33.843514773344594,132.76240509377027,0.5939203106636738
2026-04,town_or_better,52,33.84226549178846,132.77108195065387,0.8133028057435249
2026-05,town_or_better,67,33.84894164368656,132.76280828126863,1.0653291698864913
2026-06,town_or_better,56,33.84350062985715,132.76925123808928,0.8485790784347895
2026-07,town_or_better,71,33.84278777332394,132.76540563515496,0.36389780444689623
