source_authority,month,municipality_code,municipality_name,new_restaurant_permits,strict_address_or_parcel,town_or_better,coverage_status
愛媛県,2021-12,382027,今治市,34,0,0,complete_exact_monthly
愛媛県,2021-12,382035,宇和島市,6,0,0,complete_exact_monthly
愛媛県,2021-12,382043,八幡浜市,17,0,0,complete_exact_monthly
愛媛県,2021-12,382051,新居浜市,62,0,0,complete_exact_monthly
愛媛県,2021-12,382060,西条市,46,0,0,complete_exact_monthly
愛媛県,2021-12,382078,大洲市,24,0,0,complete_exact_monthly
愛媛県,2021-12,382108,伊予市,17,0,0,complete_exact_monthly
愛媛県,2021-12,382132,四国中央市,2,0,0,complete_exact_monthly
愛媛県,2021-12,382141,西予市,15,0,0,complete_exact_monthly
愛媛県,2021-12,382159,東温市,6,0,0,complete_exact_monthly
愛媛県,2021-12,383562,上島町,0,0,0,complete_exact_monthly
愛媛県,2021-12,383864,久万高原町,4,0,0,complete_exact_monthly
愛媛県,2021-12,384011,松前町,5,0,0,complete_exact_monthly
愛媛県,2021-12,384020,砥部町,6,0,0,complete_exact_monthly
愛媛県,2021-12,384224,内子町,7,0,0,complete_exact_monthly
愛媛県,2021-12,384429,伊方町,3,0,0,complete_exact_monthly
愛媛県,2021-12,384844,松野町,0,0,0,complete_exact_monthly
愛媛県,2021-12,384887,鬼北町,0,0,0,complete_exact_monthly
愛媛県,2021-12,385069,愛南町,0,0,0,complete_exact_monthly
愛媛県,2022-01,382027,今治市,16,0,0,complete_exact_monthly
愛媛県,2022-01,382035,宇和島市,41,0,0,complete_exact_monthly
愛媛県,2022-01,382043,八幡浜市,1,0,0,complete_exact_monthly
愛媛県,2022-01,382051,新居浜市,5,0,0,complete_exact_monthly
愛媛県,2022-01,382060,西条市,3,0,0,complete_exact_monthly
愛媛県,2022-01,382078,大洲市,2,0,0,complete_exact_monthly
愛媛県,2022-01,382108,伊予市,4,0,0,complete_exact_monthly
愛媛県,2022-01,382132,四国中央市,16,0,0,complete_exact_monthly
愛媛県,2022-01,382141,西予市,1,0,0,complete_exact_monthly
愛媛県,2022-01,382159,東温市,2,0,0,complete_exact_monthly
愛媛県,2022-01,383562,上島町,1,0,0,complete_exact_monthly
愛媛県,2022-01,383864,久万高原町,0,0,0,complete_exact_monthly
愛媛県,2022-01,384011,松前町,3,0,0,complete_exact_monthly
愛媛県,2022-01,384020,砥部町,0,0,0,complete_exact_monthly
愛媛県,2022-01,384224,内子町,1,0,0,complete_exact_monthly
愛媛県,2022-01,384429,伊方町,0,0,0,complete_exact_monthly
愛媛県,2022-01,384844,松野町,0,0,0,complete_exact_monthly
愛媛県,2022-01,384887,鬼北町,3,0,0,complete_exact_monthly
愛媛県,2022-01,385069,愛南町,9,0,0,complete_exact_monthly
愛媛県,2022-02,382027,今治市,46,0,0,complete_exact_monthly
愛媛県,2022-02,382035,宇和島市,3,0,0,complete_exact_monthly
愛媛県,2022-02,382043,八幡浜市,2,0,0,complete_exact_monthly
愛媛県,2022-02,382051,新居浜市,33,0,0,complete_exact_monthly
愛媛県,2022-02,382060,西条市,4,0,0,complete_exact_monthly
愛媛県,2022-02,382078,大洲市,0,0,0,complete_exact_monthly
愛媛県,2022-02,382108,伊予市,1,0,0,complete_exact_monthly
愛媛県,2022-02,382132,四国中央市,7,0,0,complete_exact_monthly
愛媛県,2022-02,382141,西予市,2,0,0,complete_exact_monthly
愛媛県,2022-02,382159,東温市,1,0,0,complete_exact_monthly
愛媛県,2022-02,383562,上島町,0,0,0,complete_exact_monthly
愛媛県,2022-02,383864,久万高原町,0,0,0,complete_exact_monthly
愛媛県,2022-02,384011,松前町,0,0,0,complete_exact_monthly
愛媛県,2022-02,384020,砥部町,0,0,0,complete_exact_monthly
愛媛県,2022-02,384224,内子町,0,0,0,complete_exact_monthly
愛媛県,2022-02,384429,伊方町,0,0,0,complete_exact_monthly
愛媛県,2022-02,384844,松野町,0,0,0,complete_exact_monthly
愛媛県,2022-02,384887,鬼北町,0,0,0,complete_exact_monthly
愛媛県,2022-02,385069,愛南町,0,0,0,complete_exact_monthly
愛媛県,2022-03,382027,今治市,44,0,0,complete_exact_monthly
愛媛県,2022-03,382035,宇和島市,29,0,0,complete_exact_monthly
愛媛県,2022-03,382043,八幡浜市,13,0,0,complete_exact_monthly
愛媛県,2022-03,382051,新居浜市,12,0,0,complete_exact_monthly
愛媛県,2022-03,382060,西条市,31,0,0,complete_exact_monthly
愛媛県,2022-03,382078,大洲市,28,0,0,complete_exact_monthly
愛媛県,2022-03,382108,伊予市,10,0,0,complete_exact_monthly
愛媛県,2022-03,382132,四国中央市,4,0,0,complete_exact_monthly
愛媛県,2022-03,382141,西予市,13,0,0,complete_exact_monthly
愛媛県,2022-03,382159,東温市,11,0,0,complete_exact_monthly
愛媛県,2022-03,383562,上島町,1,0,0,complete_exact_monthly
愛媛県,2022-03,383864,久万高原町,1,0,0,complete_exact_monthly
愛媛県,2022-03,384011,松前町,7,0,0,complete_exact_monthly
愛媛県,2022-03,384020,砥部町,2,0,0,complete_exact_monthly
愛媛県,2022-03,384224,内子町,12,0,0,complete_exact_monthly
愛媛県,2022-03,384429,伊方町,5,0,0,complete_exact_monthly
愛媛県,2022-03,384844,松野町,8,0,0,complete_exact_monthly
愛媛県,2022-03,384887,鬼北町,4,0,0,complete_exact_monthly
愛媛県,2022-03,385069,愛南町,11,0,0,complete_exact_monthly
愛媛県,2022-04,382027,今治市,10,0,0,complete_exact_monthly
愛媛県,2022-04,382035,宇和島市,6,0,0,complete_exact_monthly
愛媛県,2022-04,382043,八幡浜市,1,0,0,complete_exact_monthly
愛媛県,2022-04,382051,新居浜市,2,0,0,complete_exact_monthly
愛媛県,2022-04,382060,西条市,5,0,0,complete_exact_monthly
愛媛県,2022-04,382078,大洲市,1,0,0,complete_exact_monthly
愛媛県,2022-04,382108,伊予市,2,0,0,complete_exact_monthly
愛媛県,2022-04,382132,四国中央市,20,0,0,complete_exact_monthly
愛媛県,2022-04,382141,西予市,0,0,0,complete_exact_monthly
愛媛県,2022-04,382159,東温市,2,0,0,complete_exact_monthly
愛媛県,2022-04,383562,上島町,1,0,0,complete_exact_monthly
愛媛県,2022-04,383864,久万高原町,1,0,0,complete_exact_monthly
愛媛県,2022-04,384011,松前町,0,0,0,complete_exact_monthly
愛媛県,2022-04,384020,砥部町,0,0,0,complete_exact_monthly
愛媛県,2022-04,384224,内子町,2,0,0,complete_exact_monthly
愛媛県,2022-04,384429,伊方町,2,0,0,complete_exact_monthly
愛媛県,2022-04,384844,松野町,0,0,0,complete_exact_monthly
愛媛県,2022-04,384887,鬼北町,3,0,0,complete_exact_monthly
愛媛県,2022-04,385069,愛南町,0,0,0,complete_exact_monthly
松山市,2024-09,382019,松山市,139,53,131,complete_exact_monthly
松山市,2024-10,382019,松山市,57,11,55,complete_exact_monthly
松山市,2024-11,382019,松山市,123,40,121,complete_exact_monthly
松山市,2024-12,382019,松山市,123,38,116,complete_exact_monthly
松山市,2025-01,382019,松山市,54,9,49,complete_exact_monthly
松山市,2025-02,382019,松山市,124,34,119,complete_exact_monthly
松山市,2025-03,382019,松山市,114,27,103,complete_exact_monthly
松山市,2025-04,382019,松山市,78,15,71,complete_exact_monthly
松山市,2025-05,382019,松山市,165,40,163,complete_exact_monthly
松山市,2025-06,382019,松山市,118,33,110,complete_exact_monthly
松山市,2025-07,382019,松山市,65,15,64,complete_exact_monthly
松山市,2025-08,382019,松山市,126,35,116,complete_exact_monthly
松山市,2025-09,382019,松山市,98,23,92,complete_exact_monthly
松山市,2025-10,382019,松山市,58,11,53,complete_exact_monthly
松山市,2025-11,382019,松山市,87,24,86,complete_exact_monthly
松山市,2025-12,382019,松山市,131,26,127,complete_exact_monthly
松山市,2026-01,382019,松山市,45,5,40,complete_exact_monthly
松山市,2026-02,382019,松山市,158,48,155,complete_exact_monthly
松山市,2026-03,382019,松山市,152,44,148,complete_exact_monthly
松山市,2026-04,382019,松山市,61,14,52,complete_exact_monthly
松山市,2026-05,382019,松山市,70,7,67,complete_exact_monthly
松山市,2026-06,382019,松山市,61,12,56,complete_exact_monthly
松山市,2026-07,382019,松山市,74,22,71,complete_exact_monthly
愛媛県,2026-08,382027,今治市,3,1,2,complete_exact_monthly
愛媛県,2026-08,382035,宇和島市,0,0,0,complete_exact_monthly
愛媛県,2026-08,382043,八幡浜市,1,0,1,complete_exact_monthly
愛媛県,2026-08,382051,新居浜市,8,7,8,complete_exact_monthly
愛媛県,2026-08,382060,西条市,3,2,2,complete_exact_monthly
愛媛県,2026-08,382078,大洲市,1,0,1,complete_exact_monthly
愛媛県,2026-08,382108,伊予市,1,0,1,complete_exact_monthly
愛媛県,2026-08,382132,四国中央市,8,5,6,complete_exact_monthly
愛媛県,2026-08,382141,西予市,0,0,0,complete_exact_monthly
愛媛県,2026-08,382159,東温市,0,0,0,complete_exact_monthly
愛媛県,2026-08,383562,上島町,0,0,0,complete_exact_monthly
愛媛県,2026-08,383864,久万高原町,1,0,1,complete_exact_monthly
愛媛県,2026-08,384011,松前町,2,0,2,complete_exact_monthly
愛媛県,2026-08,384020,砥部町,1,0,1,complete_exact_monthly
愛媛県,2026-08,384224,内子町,0,0,0,complete_exact_monthly
愛媛県,2026-08,384429,伊方町,1,1,1,complete_exact_monthly
愛媛県,2026-08,384844,松野町,0,0,0,complete_exact_monthly
愛媛県,2026-08,384887,鬼北町,0,0,0,complete_exact_monthly
愛媛県,2026-08,385069,愛南町,1,1,1,complete_exact_monthly
