month,evidence_tier,mesh_1km,count,unique_facilities,locality_label,mesh_center_lat,mesh_center_lon
2021-06,retrospective_partial,50325682,7,7,天山一丁目,33.82083333333334,132.78125
2021-06,retrospective_partial,50326622,5,5,道後湯之町,33.85416666666667,132.78125
2021-06,retrospective_partial,50325692,4,4,中村三丁目 / 小坂三丁目 / 小坂五丁目,33.829166666666666,132.78125
2021-06,retrospective_partial,50325670,3,3,古川北二丁目 / 古川北四丁目,33.8125,132.75625
2021-06,retrospective_partial,50325693,3,3,畑寺三丁目 / 桑原四丁目 / 松末一丁目,33.829166666666666,132.79375
2021-06,retrospective_partial,50326537,3,3,住吉一丁目 / 三津三丁目 / 住吉二丁目,33.8625,132.71875
2021-06,retrospective_partial,50326640,3,3,鴨川一丁目 / 姫原二丁目,33.87083333333334,132.75625
2021-06,retrospective_partial,50325598,2,2,空港通七丁目 / 空港通六丁目,33.829166666666666,132.73125
2021-06,retrospective_partial,50325671,2,2,古川北四丁目 / 居相三丁目,33.8125,132.76874999999998
2021-06,retrospective_partial,50325690,2,2,竹原二丁目 / 小栗五丁目,33.829166666666666,132.75625
2021-06,retrospective_partial,50325691,2,2,祇園町 / 立花三丁目,33.829166666666666,132.76874999999998
2021-06,retrospective_partial,50326509,2,2,南江戸三丁目,33.837500000000006,132.74375
2021-06,retrospective_partial,50326527,2,2,大可賀二丁目 / 古三津六丁目,33.85416666666667,132.71875
2021-06,retrospective_partial,50326556,2,2,梅津寺町,33.87916666666666,132.70624999999998
2021-06,retrospective_partial,50326613,2,2,石手三丁目 / 紅葉町,33.84583333333333,132.79375
2021-06,retrospective_partial,50326630,2,2,姫原三丁目 / 山越四丁目,33.8625,132.75625
2021-06,retrospective_partial,50325578,1,1,余戸中六丁目,33.8125,132.73125
2021-06,retrospective_partial,50325579,1,1,保免中二丁目,33.8125,132.74375
2021-06,retrospective_partial,50325599,1,1,空港通一丁目,33.829166666666666,132.74375
2021-06,retrospective_partial,50325653,1,1,土居町,33.795833333333334,132.79375
2021-06,retrospective_partial,50325673,1,1,来住町,33.8125,132.79375
2021-06,retrospective_partial,50325674,1,1,鷹子町,33.8125,132.80625
2021-06,retrospective_partial,50325681,1,1,朝生田町一丁目,33.82083333333334,132.76874999999998
2021-06,retrospective_partial,50325684,1,1,鷹子町,33.82083333333334,132.80625
2021-06,retrospective_partial,50326536,1,1,三津一丁目,33.8625,132.70624999999998
2021-06,retrospective_partial,50326547,1,1,中須賀二丁目,33.87083333333334,132.71875
2021-06,retrospective_partial,50326602,1,1,此花町,33.837500000000006,132.78125
2021-06,retrospective_partial,50326610,1,1,宮西一丁目,33.84583333333333,132.75625
2021-06,retrospective_partial,50326650,1,1,吉藤四丁目,33.87916666666666,132.75625
2021-06,retrospective_partial,50327631,1,1,河野中須賀,33.94583333333334,132.76874999999998
2021-07,retrospective_partial,50326537,3,3,住吉二丁目,33.8625,132.71875
2021-07,retrospective_partial,50325589,1,1,保免中一丁目,33.82083333333334,132.74375
2021-07,retrospective_partial,50325599,1,1,空港通二丁目,33.829166666666666,132.74375
2021-07,retrospective_partial,50325680,1,1,和泉北一丁目,33.82083333333334,132.75625
2021-07,retrospective_partial,50325692,1,1,中村五丁目,33.829166666666666,132.78125
2021-07,retrospective_partial,50326536,1,1,三津一丁目,33.8625,132.70624999999998
2021-07,retrospective_partial,50326602,1,1,中村二丁目,33.837500000000006,132.78125
2021-07,retrospective_partial,50326620,1,1,六軒家町,33.85416666666667,132.75625
2021-07,retrospective_partial,50326630,1,1,山越四丁目,33.8625,132.75625
2021-08,retrospective_partial,50326602,4,4,此花町 / 小坂二丁目 / 紅葉町,33.837500000000006,132.78125
2021-08,retrospective_partial,50326622,4,4,道後湯之町 / 道後喜多町,33.85416666666667,132.78125
2021-08,retrospective_partial,50325692,3,3,小坂二丁目 / 小坂五丁目 / 束本二丁目,33.829166666666666,132.78125
2021-08,retrospective_partial,50325579,2,2,保免中二丁目 / 余戸東一丁目,33.8125,132.74375
2021-08,retrospective_partial,50325661,2,2,北井門五丁目 / 古川南三丁目,33.80416666666666,132.76874999999998
2021-08,retrospective_partial,50325691,2,2,室町二丁目 / 立花一丁目,33.829166666666666,132.76874999999998
2021-08,retrospective_partial,50326612,2,2,道後今市 / 道後町二丁目,33.84583333333333,132.78125
2021-08,retrospective_partial,50325578,1,1,余戸中六丁目,33.8125,132.73125
2021-08,retrospective_partial,50325598,1,1,空港通四丁目,33.829166666666666,132.73125
2021-08,retrospective_partial,50325670,1,1,和泉南五丁目,33.8125,132.75625
2021-08,retrospective_partial,50325674,1,1,鷹子町,33.8125,132.80625
2021-08,retrospective_partial,50325675,1,1,鷹子町,33.8125,132.81875
2021-08,retrospective_partial,50325681,1,1,朝生田町五丁目,33.82083333333334,132.76874999999998
2021-08,retrospective_partial,50326519,1,1,辻町,33.84583333333333,132.74375
2021-08,retrospective_partial,50326537,1,1,住吉二丁目,33.8625,132.71875
2021-08,retrospective_partial,50326538,1,1,古三津二丁目,33.8625,132.73125
2021-08,retrospective_partial,50326610,1,1,宮西一丁目,33.84583333333333,132.75625
2021-08,retrospective_partial,50326613,1,1,上市二丁目,33.84583333333333,132.79375
2021-08,retrospective_partial,50326620,1,1,六軒家町,33.85416666666667,132.75625
2021-09,retrospective_partial,50326622,6,6,道後湯之町 / 道後多幸町 / 道後緑台,33.85416666666667,132.78125
2021-09,retrospective_partial,50326529,2,2,六軒家町 / 衣山一丁目,33.85416666666667,132.74375
2021-09,retrospective_partial,50326602,2,2,樽味四丁目 / 築山町,33.837500000000006,132.78125
2021-09,retrospective_partial,50326630,2,2,山越一丁目 / 姫原二丁目,33.8625,132.75625
2021-09,retrospective_partial,50326640,2,2,吉藤二丁目 / 姫原二丁目,33.87083333333334,132.75625
2021-09,retrospective_partial,50325578,1,1,余戸東五丁目,33.8125,132.73125
2021-09,retrospective_partial,50325588,1,1,針田町,33.82083333333334,132.73125
2021-09,retrospective_partial,50325598,1,1,空港通五丁目,33.829166666666666,132.73125
2021-09,retrospective_partial,50325670,1,1,和泉南五丁目,33.8125,132.75625
2021-09,retrospective_partial,50325671,1,1,居相一丁目,33.8125,132.76874999999998
2021-09,retrospective_partial,50325672,1,1,越智三丁目,33.8125,132.78125
2021-09,retrospective_partial,50325673,1,1,来住町,33.8125,132.79375
2021-09,retrospective_partial,50325675,1,1,鷹子町,33.8125,132.81875
2021-09,retrospective_partial,50325680,1,1,土居田町,33.82083333333334,132.75625
2021-09,retrospective_partial,50325691,1,1,立花二丁目,33.829166666666666,132.76874999999998
2021-09,retrospective_partial,50326578,1,1,和気町一丁目,33.89583333333333,132.73125
2021-09,retrospective_partial,50326579,1,1,和気町一丁目,33.89583333333333,132.74375
2021-09,retrospective_partial,50326603,1,1,樽味二丁目,33.837500000000006,132.79375
2021-09,retrospective_partial,50326650,1,1,鴨川一丁目,33.87916666666666,132.75625
2021-09,retrospective_partial,50327471,1,1,津和地,33.97916666666667,132.51874999999998
2021-09,retrospective_partial,50327560,1,1,中島大浦,33.97083333333333,132.63125
2021-09,retrospective_partial,50327642,1,1,府中,33.954166666666666,132.78125
2021-10,retrospective_partial,50326537,2,2,住吉二丁目 / 三津三丁目,33.8625,132.71875
2021-10,retrospective_partial,50326622,2,2,道後湯之町,33.85416666666667,132.78125
2021-10,retrospective_partial,50325670,1,1,和泉南六丁目,33.8125,132.75625
2021-10,retrospective_partial,50325671,1,1,古川北一丁目,33.8125,132.76874999999998
2021-10,retrospective_partial,50325690,1,1,藤原二丁目,33.829166666666666,132.75625
2021-10,retrospective_partial,50325692,1,1,中村三丁目,33.829166666666666,132.78125
2021-10,retrospective_partial,50325693,1,1,畑寺二丁目,33.829166666666666,132.79375
2021-10,retrospective_partial,50326536,1,1,三津一丁目,33.8625,132.70624999999998
2021-10,retrospective_partial,50326603,1,1,枝松一丁目,33.837500000000006,132.79375
2021-10,retrospective_partial,50326613,1,1,東野二丁目,33.84583333333333,132.79375
2021-10,retrospective_partial,50326620,1,1,中央一丁目,33.85416666666667,132.75625
2021-10,retrospective_partial,50327631,1,1,河野中須賀,33.94583333333334,132.76874999999998
2021-11,retrospective_partial,50326537,4,4,住吉二丁目 / 元町,33.8625,132.71875
2021-11,retrospective_partial,50326527,2,2,若葉町,33.85416666666667,132.71875
2021-11,retrospective_partial,50326602,2,2,此花町 / 新立町,33.837500000000006,132.78125
2021-11,retrospective_partial,50326640,2,2,東長戸四丁目 / 吉藤五丁目,33.87083333333334,132.75625
2021-11,retrospective_partial,50325579,1,1,保免西一丁目,33.8125,132.74375
2021-11,retrospective_partial,50325589,1,1,保免中二丁目,33.82083333333334,132.74375
2021-11,retrospective_partial,50325596,1,1,南吉田町,33.829166666666666,132.70624999999998
2021-11,retrospective_partial,50325598,1,1,空港通七丁目,33.829166666666666,132.73125
2021-11,retrospective_partial,50325652,1,1,井門町,33.795833333333334,132.78125
2021-11,retrospective_partial,50325670,1,1,市坪北二丁目,33.8125,132.75625
2021-11,retrospective_partial,50325671,1,1,古川南一丁目,33.8125,132.76874999999998
2021-11,retrospective_partial,50325680,1,1,土居田町,33.82083333333334,132.75625
2021-11,retrospective_partial,50325682,1,1,星岡一丁目,33.82083333333334,132.78125
2021-11,retrospective_partial,50325690,1,1,竹原二丁目,33.829166666666666,132.75625
2021-11,retrospective_partial,50325691,1,1,立花五丁目,33.829166666666666,132.76874999999998
2021-11,retrospective_partial,50325692,1,1,束本一丁目,33.829166666666666,132.78125
2021-11,retrospective_partial,50326509,1,1,南江戸三丁目,33.837500000000006,132.74375
2021-11,retrospective_partial,50326538,1,1,古三津一丁目,33.8625,132.73125
2021-11,retrospective_partial,50326612,1,1,道後湯之町,33.84583333333333,132.78125
2021-11,retrospective_partial,50326630,1,1,山越四丁目,33.8625,132.75625
2021-11,retrospective_partial,50326650,1,1,鴨川一丁目,33.87916666666666,132.75625
2021-12,retrospective_partial,50326622,5,5,道後湯之町 / 道後北代 / 道後喜多町,33.85416666666667,132.78125
2021-12,retrospective_partial,50325692,4,4,中村三丁目 / 小坂三丁目 / 小坂二丁目,33.829166666666666,132.78125
2021-12,retrospective_partial,50325597,3,3,高岡町 / 南吉田町,33.829166666666666,132.71875
2021-12,retrospective_partial,50325673,3,3,来住町 / 北久米町,33.8125,132.79375
2021-12,retrospective_partial,50325671,2,2,西石井三丁目 / 西石井一丁目,33.8125,132.76874999999998
2021-12,retrospective_partial,50325675,2,2,鷹子町,33.8125,132.81875
2021-12,retrospective_partial,50326537,2,2,住吉一丁目 / 三杉町,33.8625,132.71875
2021-12,retrospective_partial,50326612,2,2,持田町三丁目 / 岩崎町二丁目,33.84583333333333,132.78125
2021-12,retrospective_partial,50326613,2,2,石手四丁目 / 東野二丁目,33.84583333333333,132.79375
2021-12,retrospective_partial,50326620,2,2,六軒家町 / 中央一丁目,33.85416666666667,132.75625
2021-12,retrospective_partial,50326630,2,2,山越五丁目 / 問屋町,33.8625,132.75625
2021-12,retrospective_partial,50325579,1,1,保免中二丁目,33.8125,132.74375
2021-12,retrospective_partial,50325598,1,1,空港通六丁目,33.829166666666666,132.73125
2021-12,retrospective_partial,50325672,1,1,東石井四丁目,33.8125,132.78125
2021-12,retrospective_partial,50325674,1,1,鷹子町,33.8125,132.80625
2021-12,retrospective_partial,50325681,1,1,朝生田町五丁目,33.82083333333334,132.76874999999998
2021-12,retrospective_partial,50325682,1,1,天山三丁目,33.82083333333334,132.78125
2021-12,retrospective_partial,50325691,1,1,祇園町,33.829166666666666,132.76874999999998
2021-12,retrospective_partial,50326509,1,1,南江戸四丁目,33.837500000000006,132.74375
2021-12,retrospective_partial,50326519,1,1,辻町,33.84583333333333,132.74375
2021-12,retrospective_partial,50326529,1,1,美沢一丁目,33.85416666666667,132.74375
2021-12,retrospective_partial,50326602,1,1,旭町,33.837500000000006,132.78125
2021-12,retrospective_partial,50326603,1,1,正円寺二丁目,33.837500000000006,132.79375
2021-12,retrospective_partial,50326610,1,1,宮西二丁目,33.84583333333333,132.75625
2021-12,retrospective_partial,50327662,1,1,中西内,33.97083333333333,132.78125
2022-01,retrospective_partial,50325577,2,2,余戸南六丁目 / 余戸西四丁目,33.8125,132.71875
2022-01,retrospective_partial,50326537,2,2,祓川一丁目 / 住吉二丁目,33.8625,132.71875
2022-01,retrospective_partial,50326610,2,2,宮西一丁目,33.84583333333333,132.75625
2022-01,retrospective_partial,50325598,1,1,高岡町,33.829166666666666,132.73125
2022-01,retrospective_partial,50325663,1,1,来住町,33.80416666666666,132.79375
2022-01,retrospective_partial,50325681,1,1,和泉南一丁目,33.82083333333334,132.76874999999998
2022-01,retrospective_partial,50325691,1,1,立花一丁目,33.829166666666666,132.76874999999998
2022-01,retrospective_partial,50325692,1,1,枝松四丁目,33.829166666666666,132.78125
2022-01,retrospective_partial,50326519,1,1,美沢一丁目,33.84583333333333,132.74375
2022-01,retrospective_partial,50326536,1,1,三津一丁目,33.8625,132.70624999999998
2022-01,retrospective_partial,50326602,1,1,日の出町,33.837500000000006,132.78125
2022-01,retrospective_partial,50326630,1,1,山越四丁目,33.8625,132.75625
2022-02,retrospective_partial,50325682,3,3,天山一丁目 / 天山三丁目 / 朝生田町一丁目,33.82083333333334,132.78125
2022-02,retrospective_partial,50326537,3,3,梅田町 / 住吉二丁目 / 会津町,33.8625,132.71875
2022-02,retrospective_partial,50326603,3,3,樽味四丁目 / 桑原四丁目,33.837500000000006,132.79375
2022-02,retrospective_partial,50325680,2,2,和泉北一丁目,33.82083333333334,132.75625
2022-02,retrospective_partial,50326529,2,2,山越六丁目 / 衣山二丁目,33.85416666666667,132.74375
2022-02,retrospective_partial,50326602,2,2,束本一丁目 / 日の出町,33.837500000000006,132.78125
2022-02,retrospective_partial,50326610,2,2,宮西一丁目,33.84583333333333,132.75625
2022-02,retrospective_partial,50326622,2,2,道後多幸町 / 道後樋又,33.85416666666667,132.78125
2022-02,retrospective_partial,50325596,1,1,高岡町,33.829166666666666,132.70624999999998
2022-02,retrospective_partial,50325664,1,1,来住町,33.80416666666666,132.80625
2022-02,retrospective_partial,50325670,1,1,古川北二丁目,33.8125,132.75625
2022-02,retrospective_partial,50325671,1,1,古川北一丁目,33.8125,132.76874999999998
2022-02,retrospective_partial,50325672,1,1,東石井二丁目,33.8125,132.78125
2022-02,retrospective_partial,50325673,1,1,北久米町,33.8125,132.79375
2022-02,retrospective_partial,50325690,1,1,小栗三丁目,33.829166666666666,132.75625
2022-02,retrospective_partial,50325691,1,1,祇園町,33.829166666666666,132.76874999999998
2022-02,retrospective_partial,50325692,1,1,中村三丁目,33.829166666666666,132.78125
2022-02,retrospective_partial,50325693,1,1,桑原四丁目,33.829166666666666,132.79375
2022-02,retrospective_partial,50326509,1,1,南江戸三丁目,33.837500000000006,132.74375
2022-02,retrospective_partial,50326519,1,1,美沢二丁目,33.84583333333333,132.74375
2022-02,retrospective_partial,50326547,1,1,港山町,33.87083333333334,132.71875
2022-02,retrospective_partial,50326569,1,1,和気町一丁目,33.8875,132.74375
2022-02,retrospective_partial,50326578,1,1,和気町一丁目,33.89583333333333,132.73125
2022-02,retrospective_partial,50326612,1,1,道後町一丁目,33.84583333333333,132.78125
2022-02,retrospective_partial,50326620,1,1,御幸二丁目,33.85416666666667,132.75625
2022-02,retrospective_partial,50326640,1,1,東長戸四丁目,33.87083333333334,132.75625
2022-02,retrospective_partial,50327652,1,1,中西外,33.962500000000006,132.78125
2022-03,retrospective_partial,50326622,6,6,道後湯之町 / 道後鷺谷町 / 道後喜多町,33.85416666666667,132.78125
2022-03,retrospective_partial,50326613,3,3,石手二丁目 / 東野二丁目,33.84583333333333,132.79375
2022-03,retrospective_partial,50325599,2,2,竹原三丁目 / 空港通三丁目,33.829166666666666,132.74375
2022-03,retrospective_partial,50326537,2,2,会津町 / 住吉二丁目,33.8625,132.71875
2022-03,retrospective_partial,50326612,2,2,道後町一丁目 / 岩崎町二丁目,33.84583333333333,132.78125
2022-03,retrospective_partial,50325578,1,1,余戸西六丁目,33.8125,132.73125
2022-03,retrospective_partial,50325663,1,1,来住町,33.80416666666666,132.79375
2022-03,retrospective_partial,50325672,1,1,越智二丁目,33.8125,132.78125
2022-03,retrospective_partial,50325673,1,1,来住町,33.8125,132.79375
2022-03,retrospective_partial,50325691,1,1,拓川町,33.829166666666666,132.76874999999998
2022-03,retrospective_partial,50325692,1,1,小坂五丁目,33.829166666666666,132.78125
2022-03,retrospective_partial,50325693,1,1,松末二丁目,33.829166666666666,132.79375
2022-03,retrospective_partial,50326600,1,1,南江戸一丁目,33.837500000000006,132.75625
2022-03,retrospective_partial,50326602,1,1,築山町,33.837500000000006,132.78125
2022-03,retrospective_partial,50326610,1,1,宮西一丁目,33.84583333333333,132.75625
2022-03,retrospective_partial,50326620,1,1,山越一丁目,33.85416666666667,132.75625
2022-03,retrospective_partial,50326621,1,1,道後樋又,33.85416666666667,132.76874999999998
2022-03,retrospective_partial,50326640,1,1,吉藤三丁目,33.87083333333334,132.75625
2022-03,retrospective_partial,50327470,1,1,津和地,33.97916666666667,132.50625
2022-04,retrospective_partial,50326537,2,2,三杉町 / 須賀町,33.8625,132.71875
2022-04,retrospective_partial,50325579,1,1,余戸南一丁目,33.8125,132.74375
2022-04,retrospective_partial,50325674,1,1,鷹子町,33.8125,132.80625
2022-04,retrospective_partial,50325680,1,1,土居田町,33.82083333333334,132.75625
2022-04,retrospective_partial,50325692,1,1,中村三丁目,33.829166666666666,132.78125
2022-04,retrospective_partial,50325693,1,1,松末二丁目,33.829166666666666,132.79375
2022-04,retrospective_partial,50326603,1,1,樽味三丁目,33.837500000000006,132.79375
2022-04,retrospective_partial,50326630,1,1,姫原二丁目,33.8625,132.75625
2022-04,retrospective_partial,50327691,1,1,大浦,33.99583333333334,132.76874999999998
2022-05,retrospective_partial,50326612,3,3,道後一万 / 岩崎町二丁目 / 持田町一丁目,33.84583333333333,132.78125
2022-05,retrospective_partial,50326613,2,2,道後姫塚,33.84583333333333,132.79375
2022-05,retrospective_partial,50326640,2,2,東長戸一丁目 / 鴨川二丁目,33.87083333333334,132.75625
2022-05,retrospective_partial,50327631,2,2,河野中須賀,33.94583333333334,132.76874999999998
2022-05,retrospective_partial,50325577,1,1,余戸西一丁目,33.8125,132.71875
2022-05,retrospective_partial,50325588,1,1,針田町,33.82083333333334,132.73125
2022-05,retrospective_partial,50325596,1,1,高岡町,33.829166666666666,132.70624999999998
2022-05,retrospective_partial,50325660,1,1,古川南三丁目,33.80416666666666,132.75625
2022-05,retrospective_partial,50325670,1,1,和泉南五丁目,33.8125,132.75625
2022-05,retrospective_partial,50325671,1,1,古川北三丁目,33.8125,132.76874999999998
2022-05,retrospective_partial,50325672,1,1,越智三丁目,33.8125,132.78125
2022-05,retrospective_partial,50325673,1,1,来住町,33.8125,132.79375
2022-05,retrospective_partial,50325674,1,1,鷹子町,33.8125,132.80625
2022-05,retrospective_partial,50325681,1,1,朝生田町五丁目,33.82083333333334,132.76874999999998
2022-05,retrospective_partial,50325682,1,1,東石井五丁目,33.82083333333334,132.78125
2022-05,retrospective_partial,50326509,1,1,南江戸三丁目,33.837500000000006,132.74375
2022-05,retrospective_partial,50326527,1,1,松江町,33.85416666666667,132.71875
2022-05,retrospective_partial,50326578,1,1,和気町一丁目,33.89583333333333,132.73125
2022-05,retrospective_partial,50326587,1,1,勝岡町,33.90416666666667,132.71875
2022-05,retrospective_partial,50326620,1,1,山越一丁目,33.85416666666667,132.75625
2022-05,retrospective_partial,50326623,1,1,道後湯月町,33.85416666666667,132.79375
2022-06,retrospective_partial,50325692,4,4,小坂二丁目 / 枝松六丁目 / 枝松五丁目,33.829166666666666,132.78125
2022-06,retrospective_partial,50325672,3,3,東石井二丁目 / 越智三丁目,33.8125,132.78125
2022-06,retrospective_partial,50326509,3,3,南江戸二丁目 / 南江戸四丁目 / 南江戸三丁目,33.837500000000006,132.74375
2022-06,retrospective_partial,50326622,3,3,道後湯之町 / 道後北代,33.85416666666667,132.78125
2022-06,retrospective_partial,50325682,2,2,東石井一丁目,33.82083333333334,132.78125
2022-06,retrospective_partial,50326519,2,2,南江戸五丁目 / 辻町,33.84583333333333,132.74375
2022-06,retrospective_partial,50326602,2,2,枝松一丁目 / 樽味四丁目,33.837500000000006,132.78125
2022-06,retrospective_partial,50325589,1,1,保免中一丁目,33.82083333333334,132.74375
2022-06,retrospective_partial,50325596,1,1,北吉田町,33.829166666666666,132.70624999999998
2022-06,retrospective_partial,50325598,1,1,空港通三丁目,33.829166666666666,132.73125
2022-06,retrospective_partial,50325599,1,1,空港通三丁目,33.829166666666666,132.74375
2022-06,retrospective_partial,50325663,1,1,来住町,33.80416666666666,132.79375
2022-06,retrospective_partial,50325664,1,1,来住町,33.80416666666666,132.80625
2022-06,retrospective_partial,50325670,1,1,古川北二丁目,33.8125,132.75625
2022-06,retrospective_partial,50325681,1,1,朝生田町七丁目,33.82083333333334,132.76874999999998
2022-06,retrospective_partial,50325691,1,1,立花五丁目,33.829166666666666,132.76874999999998
2022-06,retrospective_partial,50325693,1,1,畑寺二丁目,33.829166666666666,132.79375
2022-06,retrospective_partial,50326537,1,1,住吉二丁目,33.8625,132.71875
2022-06,retrospective_partial,50326538,1,1,東山町,33.8625,132.73125
2022-06,retrospective_partial,50326613,1,1,東野一丁目,33.84583333333333,132.79375
2022-06,retrospective_partial,50326640,1,1,東長戸四丁目,33.87083333333334,132.75625
2022-06,retrospective_partial,50327672,1,1,北条,33.97916666666667,132.78125
2022-07,retrospective_partial,50326622,2,2,道後鷺谷町 / 道後湯之町,33.85416666666667,132.78125
2022-07,retrospective_partial,50325589,1,1,針田町,33.82083333333334,132.74375
2022-07,retrospective_partial,50325680,1,1,土居田町,33.82083333333334,132.75625
2022-07,retrospective_partial,50325693,1,1,桑原三丁目,33.829166666666666,132.79375
2022-07,retrospective_partial,50326537,1,1,住吉二丁目,33.8625,132.71875
2022-07,retrospective_partial,50326614,1,1,石手一丁目,33.84583333333333,132.80625
2022-07,retrospective_partial,50326620,1,1,山越六丁目,33.85416666666667,132.75625
2022-07,retrospective_partial,50326640,1,1,東長戸一丁目,33.87083333333334,132.75625
2022-08,retrospective_partial,50326537,4,4,祓川一丁目 / 住吉二丁目 / 住吉一丁目,33.8625,132.71875
2022-08,retrospective_partial,50325682,3,3,天山三丁目 / 天山一丁目 / 東石井五丁目,33.82083333333334,132.78125
2022-08,retrospective_partial,50325599,2,2,空港通三丁目,33.829166666666666,132.74375
2022-08,retrospective_partial,50325663,2,2,来住町 / 今在家二丁目,33.80416666666666,132.79375
2022-08,retrospective_partial,50325579,1,1,保免西四丁目,33.8125,132.74375
2022-08,retrospective_partial,50325588,1,1,余戸中六丁目,33.82083333333334,132.73125
2022-08,retrospective_partial,50325596,1,1,北吉田町,33.829166666666666,132.70624999999998
2022-08,retrospective_partial,50325597,1,1,南吉田町,33.829166666666666,132.71875
2022-08,retrospective_partial,50325661,1,1,古川南一丁目,33.80416666666666,132.76874999999998
2022-08,retrospective_partial,50325662,1,1,北井門二丁目,33.80416666666666,132.78125
2022-08,retrospective_partial,50325670,1,1,古川西一丁目,33.8125,132.75625
2022-08,retrospective_partial,50325675,1,1,鷹子町,33.8125,132.81875
2022-08,retrospective_partial,50325681,1,1,西石井一丁目,33.82083333333334,132.76874999999998
2022-08,retrospective_partial,50325691,1,1,立花一丁目,33.829166666666666,132.76874999999998
2022-08,retrospective_partial,50326536,1,1,三津一丁目,33.8625,132.70624999999998
2022-08,retrospective_partial,50326602,1,1,此花町,33.837500000000006,132.78125
2022-08,retrospective_partial,50326612,1,1,道後一万,33.84583333333333,132.78125
2022-08,retrospective_partial,50326613,1,1,石手四丁目,33.84583333333333,132.79375
2022-08,retrospective_partial,50326622,1,1,道後湯之町,33.85416666666667,132.78125
2022-09,retrospective_partial,50326640,4,4,鴨川一丁目 / 東長戸四丁目 / 吉藤二丁目,33.87083333333334,132.75625
2022-09,retrospective_partial,50326622,3,3,道後湯之町 / 祝谷三丁目,33.85416666666667,132.78125
2022-09,retrospective_partial,50325681,2,2,中村五丁目 / 朝生田町四丁目,33.82083333333334,132.76874999999998
2022-09,retrospective_partial,50325692,2,2,中村三丁目 / 束本二丁目,33.829166666666666,132.78125
2022-09,retrospective_partial,50326537,2,2,辰巳町 / 中須賀三丁目,33.8625,132.71875
2022-09,retrospective_partial,50325578,1,1,余戸中三丁目,33.8125,132.73125
2022-09,retrospective_partial,50325587,1,1,南吉田町,33.82083333333334,132.71875
2022-09,retrospective_partial,50325661,1,1,古川南三丁目,33.80416666666666,132.76874999999998
2022-09,retrospective_partial,50325670,1,1,市坪北二丁目,33.8125,132.75625
2022-09,retrospective_partial,50325671,1,1,古川北三丁目,33.8125,132.76874999999998
2022-09,retrospective_partial,50325674,1,1,来住町,33.8125,132.80625
2022-09,retrospective_partial,50325690,1,1,小栗二丁目,33.829166666666666,132.75625
2022-09,retrospective_partial,50325691,1,1,立花二丁目,33.829166666666666,132.76874999999998
2022-09,retrospective_partial,50326519,1,1,朝日ケ丘二丁目,33.84583333333333,132.74375
2022-09,retrospective_partial,50326579,1,1,和気町一丁目,33.89583333333333,132.74375
2022-09,retrospective_partial,50326602,1,1,樽味四丁目,33.837500000000006,132.78125
2022-09,retrospective_partial,50326603,1,1,桑原二丁目,33.837500000000006,132.79375
2022-09,retrospective_partial,50326612,1,1,道後町二丁目,33.84583333333333,132.78125
2022-09,retrospective_partial,50326620,1,1,山越六丁目,33.85416666666667,132.75625
2022-09,retrospective_partial,50326630,1,1,山越二丁目,33.8625,132.75625
2022-10,retrospective_partial,50325693,2,2,桑原四丁目 / 畑寺二丁目,33.829166666666666,132.79375
2022-10,retrospective_partial,50326537,2,2,住吉二丁目 / 三杉町,33.8625,132.71875
2022-10,retrospective_partial,50326622,2,2,道後湯之町,33.85416666666667,132.78125
2022-10,retrospective_partial,50325568,1,1,余戸南四丁目,33.80416666666666,132.73125
2022-10,retrospective_partial,50325598,1,1,空港通三丁目,33.829166666666666,132.73125
2022-10,retrospective_partial,50325674,1,1,鷹子町,33.8125,132.80625
2022-10,retrospective_partial,50325682,1,1,天山一丁目,33.82083333333334,132.78125
2022-10,retrospective_partial,50326602,1,1,旭町,33.837500000000006,132.78125
2022-10,retrospective_partial,50326610,1,1,宮西一丁目,33.84583333333333,132.75625
2022-10,retrospective_partial,50326612,1,1,道後町二丁目,33.84583333333333,132.78125
2022-10,retrospective_partial,50326613,1,1,紅葉町,33.84583333333333,132.79375
2022-10,retrospective_partial,50326620,1,1,中央一丁目,33.85416666666667,132.75625
2022-10,retrospective_partial,50326621,1,1,道後樋又,33.85416666666667,132.76874999999998
2022-10,retrospective_partial,50326630,1,1,山越五丁目,33.8625,132.75625
2022-11,retrospective_partial,50325681,6,6,朝生田町五丁目 / 立花三丁目 / 和泉南一丁目,33.82083333333334,132.76874999999998
2022-11,retrospective_partial,50325670,3,3,古川西二丁目 / 古川西一丁目,33.8125,132.75625
2022-11,retrospective_partial,50326527,3,3,須賀町 / 古三津六丁目,33.85416666666667,132.71875
2022-11,retrospective_partial,50325674,2,2,鷹子町,33.8125,132.80625
2022-11,retrospective_partial,50325692,2,2,中村三丁目 / 小坂四丁目,33.829166666666666,132.78125
2022-11,retrospective_partial,50326537,2,2,中須賀三丁目 / 住吉二丁目,33.8625,132.71875
2022-11,retrospective_partial,50326603,2,2,桑原一丁目,33.837500000000006,132.79375
2022-11,retrospective_partial,50326622,2,2,道後町一丁目 / 道後北代,33.85416666666667,132.78125
2022-11,retrospective_partial,50326640,2,2,姫原二丁目,33.87083333333334,132.75625
2022-11,retrospective_partial,50325599,1,1,竹原三丁目,33.829166666666666,132.74375
2022-11,retrospective_partial,50325682,1,1,天山一丁目,33.82083333333334,132.78125
2022-11,retrospective_partial,50325690,1,1,小栗五丁目,33.829166666666666,132.75625
2022-11,retrospective_partial,50325691,1,1,立花一丁目,33.829166666666666,132.76874999999998
2022-11,retrospective_partial,50326579,1,1,和気町一丁目,33.89583333333333,132.74375
2022-11,retrospective_partial,50326602,1,1,旭町,33.837500000000006,132.78125
2022-11,retrospective_partial,50326612,1,1,岩崎町一丁目,33.84583333333333,132.78125
2022-11,retrospective_partial,50326613,1,1,東野一丁目,33.84583333333333,132.79375
2022-11,retrospective_partial,50326630,1,1,山越四丁目,33.8625,132.75625
2022-11,retrospective_partial,50326650,1,1,鴨川一丁目,33.87916666666666,132.75625
2022-11,retrospective_partial,50327631,1,1,河野中須賀,33.94583333333334,132.76874999999998
2022-12,retrospective_partial,50325692,5,5,枝松五丁目 / 小坂四丁目 / 小坂五丁目,33.829166666666666,132.78125
2022-12,retrospective_partial,50326537,4,4,三杉町 / 住吉一丁目 / 住吉二丁目,33.8625,132.71875
2022-12,retrospective_partial,50326602,4,4,湯渡町 / 中村一丁目 / 紅葉町,33.837500000000006,132.78125
2022-12,retrospective_partial,50325671,3,3,古川北四丁目 / 古川南一丁目 / 居相三丁目,33.8125,132.76874999999998
2022-12,retrospective_partial,50325681,3,3,中村五丁目 / 朝生田町一丁目 / 朝生田町五丁目,33.82083333333334,132.76874999999998
2022-12,retrospective_partial,50325682,3,3,天山一丁目 / 小坂五丁目,33.82083333333334,132.78125
2022-12,retrospective_partial,50325660,2,2,古川南一丁目 / 古川西三丁目,33.80416666666666,132.75625
2022-12,retrospective_partial,50325670,2,2,古川北一丁目 / 古川西一丁目,33.8125,132.75625
2022-12,retrospective_partial,50325672,2,2,星岡三丁目 / 東石井六丁目,33.8125,132.78125
2022-12,retrospective_partial,50326612,2,2,道後町二丁目,33.84583333333333,132.78125
2022-12,retrospective_partial,50326621,2,2,道後樋又 / 御幸一丁目,33.85416666666667,132.76874999999998
2022-12,retrospective_partial,50326622,2,2,道後湯之町,33.85416666666667,132.78125
2022-12,retrospective_partial,50325578,1,1,余戸東二丁目,33.8125,132.73125
2022-12,retrospective_partial,50325598,1,1,空港通四丁目,33.829166666666666,132.73125
2022-12,retrospective_partial,50325599,1,1,空港通二丁目,33.829166666666666,132.74375
2022-12,retrospective_partial,50325673,1,1,北久米町,33.8125,132.79375
2022-12,retrospective_partial,50325680,1,1,保免上一丁目,33.82083333333334,132.75625
2022-12,retrospective_partial,50325690,1,1,竹原二丁目,33.829166666666666,132.75625
2022-12,retrospective_partial,50326527,1,1,祓川一丁目,33.85416666666667,132.71875
2022-12,retrospective_partial,50326547,1,1,松ノ木一丁目,33.87083333333334,132.71875
2022-12,retrospective_partial,50326579,1,1,馬木町,33.89583333333333,132.74375
2022-12,retrospective_partial,50326613,1,1,石手五丁目,33.84583333333333,132.79375
2022-12,retrospective_partial,50326623,1,1,道後湯之町,33.85416666666667,132.79375
2022-12,retrospective_partial,50327560,1,1,中島大浦,33.97083333333333,132.63125
2023-01,retrospective_partial,50325670,2,2,古川西一丁目,33.8125,132.75625
2023-01,retrospective_partial,50326538,2,2,古三津三丁目 / 会津町,33.8625,132.73125
2023-01,retrospective_partial,50325661,1,1,北井門五丁目,33.80416666666666,132.76874999999998
2023-01,retrospective_partial,50325681,1,1,朝生田町五丁目,33.82083333333334,132.76874999999998
2023-01,retrospective_partial,50325692,1,1,枝松四丁目,33.829166666666666,132.78125
2023-01,retrospective_partial,50326537,1,1,神田町,33.8625,132.71875
2023-01,retrospective_partial,50326630,1,1,姫原三丁目,33.8625,132.75625
2023-01,retrospective_partial,50326632,1,1,祝谷四丁目,33.8625,132.78125
2023-01,retrospective_partial,50327661,1,1,土手内,33.97083333333333,132.76874999999998
2023-02,retrospective_partial,50326537,4,4,住吉二丁目,33.8625,132.71875
2023-02,retrospective_partial,50326622,3,3,道後湯月町 / 道後多幸町,33.85416666666667,132.78125
2023-02,retrospective_partial,50325671,2,2,居相三丁目 / 和泉南二丁目,33.8125,132.76874999999998
2023-02,retrospective_partial,50326610,2,2,宮西一丁目,33.84583333333333,132.75625
2023-02,retrospective_partial,50325598,1,1,空港通三丁目,33.829166666666666,132.73125
2023-02,retrospective_partial,50325670,1,1,古川西一丁目,33.8125,132.75625
2023-02,retrospective_partial,50325672,1,1,東石井四丁目,33.8125,132.78125
2023-02,retrospective_partial,50325680,1,1,和泉南二丁目,33.82083333333334,132.75625
2023-02,retrospective_partial,50325681,1,1,朝生田町三丁目,33.82083333333334,132.76874999999998
2023-02,retrospective_partial,50325682,1,1,東石井五丁目,33.82083333333334,132.78125
2023-02,retrospective_partial,50325690,1,1,小栗三丁目,33.829166666666666,132.75625
2023-02,retrospective_partial,50325693,1,1,畑寺二丁目,33.829166666666666,132.79375
2023-02,retrospective_partial,50326528,1,1,古三津三丁目,33.85416666666667,132.73125
2023-02,retrospective_partial,50326547,1,1,松ノ木一丁目,33.87083333333334,132.71875
2023-02,retrospective_partial,50326548,1,1,桜ケ丘,33.87083333333334,132.73125
2023-02,retrospective_partial,50326602,1,1,此花町,33.837500000000006,132.78125
2023-02,retrospective_partial,50326620,1,1,六軒家町,33.85416666666667,132.75625
2023-02,retrospective_partial,50327560,1,1,中島大浦,33.97083333333333,132.63125
2023-02,retrospective_partial,51320602,1,1,大浦,34.00416666666666,132.78125
2023-03,retrospective_partial,50325672,3,3,東石井五丁目 / 東石井三丁目 / 東石井四丁目,33.8125,132.78125
2023-03,retrospective_partial,50325681,3,3,西石井一丁目 / 立花三丁目 / 朝生田町五丁目,33.82083333333334,132.76874999999998
2023-03,retrospective_partial,50326537,3,3,住吉一丁目 / 中須賀三丁目 / 祓川二丁目,33.8625,132.71875
2023-03,retrospective_partial,50325670,2,2,和泉南五丁目 / 古川西一丁目,33.8125,132.75625
2023-03,retrospective_partial,50325694,2,2,畑寺四丁目,33.829166666666666,132.80625
2023-03,retrospective_partial,50326519,2,2,美沢一丁目 / 辻町,33.84583333333333,132.74375
2023-03,retrospective_partial,50327672,2,2,北条,33.97916666666667,132.78125
2023-03,retrospective_partial,50325598,1,1,空港通三丁目,33.829166666666666,132.73125
2023-03,retrospective_partial,50325692,1,1,束本一丁目,33.829166666666666,132.78125
2023-03,retrospective_partial,50326548,1,1,高山町,33.87083333333334,132.73125
2023-03,retrospective_partial,50326579,1,1,和気町一丁目,33.89583333333333,132.74375
2023-03,retrospective_partial,50326589,1,1,和気町二丁目,33.90416666666667,132.74375
2023-03,retrospective_partial,50326610,1,1,宮西一丁目,33.84583333333333,132.75625
2023-03,retrospective_partial,50326622,1,1,道後鷺谷町,33.85416666666667,132.78125
2023-03,retrospective_partial,50326630,1,1,問屋町,33.8625,132.75625
2023-03,retrospective_partial,50326650,1,1,鴨川一丁目,33.87916666666666,132.75625
2023-03,retrospective_partial,50327631,1,1,河野中須賀,33.94583333333334,132.76874999999998
2023-03,retrospective_partial,50327642,1,1,河野別府,33.954166666666666,132.78125
2023-03,retrospective_partial,50327691,1,1,大浦,33.99583333333334,132.76874999999998
2023-04,retrospective_partial,50325670,3,3,古川西一丁目 / 古川北一丁目,33.8125,132.75625
2023-04,retrospective_partial,50325579,2,2,保免西二丁目 / 余戸東一丁目,33.8125,132.74375
2023-04,retrospective_partial,50325671,1,1,居相四丁目,33.8125,132.76874999999998
2023-04,retrospective_partial,50325680,1,1,和泉北三丁目,33.82083333333334,132.75625
2023-04,retrospective_partial,50325692,1,1,枝松五丁目,33.829166666666666,132.78125
2023-04,retrospective_partial,50326537,1,1,住吉二丁目,33.8625,132.71875
2023-04,retrospective_partial,50326610,1,1,宮西一丁目,33.84583333333333,132.75625
2023-04,retrospective_partial,50326613,1,1,石手二丁目,33.84583333333333,132.79375
2023-04,retrospective_partial,50326622,1,1,道後湯之町,33.85416666666667,132.78125
2023-05,retrospective_partial,50326537,4,4,住吉一丁目 / 三杉町 / 神田町,33.8625,132.71875
2023-05,retrospective_partial,50326622,4,4,道後鷺谷町 / 道後湯之町,33.85416666666667,132.78125
2023-05,retrospective_partial,50325681,2,2,西石井二丁目 / 立花三丁目,33.82083333333334,132.76874999999998
2023-05,retrospective_partial,50326519,2,2,美沢一丁目 / 朝美二丁目,33.84583333333333,132.74375
2023-05,retrospective_partial,50326529,2,2,衣山二丁目 / 六軒家町,33.85416666666667,132.74375
2023-05,retrospective_partial,50326602,2,2,紅葉町 / 此花町,33.837500000000006,132.78125
2023-05,retrospective_partial,50325587,1,1,南吉田町,33.82083333333334,132.71875
2023-05,retrospective_partial,50325588,1,1,余戸西六丁目,33.82083333333334,132.73125
2023-05,retrospective_partial,50325671,1,1,古川北二丁目,33.8125,132.76874999999998
2023-05,retrospective_partial,50325682,1,1,東石井五丁目,33.82083333333334,132.78125
2023-05,retrospective_partial,50325691,1,1,立花二丁目,33.829166666666666,132.76874999999998
2023-05,retrospective_partial,50325692,1,1,中村四丁目,33.829166666666666,132.78125
2023-05,retrospective_partial,50325693,1,1,桑原四丁目,33.829166666666666,132.79375
2023-05,retrospective_partial,50326509,1,1,南江戸二丁目,33.837500000000006,132.74375
2023-05,retrospective_partial,50326527,1,1,若葉町,33.85416666666667,132.71875
2023-05,retrospective_partial,50326538,1,1,会津町,33.8625,132.73125
2023-05,retrospective_partial,50326548,1,1,内浜町,33.87083333333334,132.73125
2023-05,retrospective_partial,50326612,1,1,岩崎町二丁目,33.84583333333333,132.78125
2023-05,retrospective_partial,50326613,1,1,東野二丁目,33.84583333333333,132.79375
2023-05,retrospective_partial,50326630,1,1,山越一丁目,33.8625,132.75625
2023-06,retrospective_partial,50325693,3,3,畑寺一丁目 / 桑原六丁目 / 束本二丁目,33.829166666666666,132.79375
2023-06,retrospective_partial,50325670,2,2,古川西二丁目 / 古川北一丁目,33.8125,132.75625
2023-06,retrospective_partial,50325692,2,2,枝松三丁目 / 束本一丁目,33.829166666666666,132.78125
2023-06,retrospective_partial,50326537,2,2,住吉二丁目,33.8625,132.71875
2023-06,retrospective_partial,50326603,2,2,樽味四丁目,33.837500000000006,132.79375
2023-06,retrospective_partial,50326622,2,2,道後湯之町 / 道後湯月町,33.85416666666667,132.78125
2023-06,retrospective_partial,50325588,1,1,余戸中六丁目,33.82083333333334,132.73125
2023-06,retrospective_partial,50325599,1,1,空港通一丁目,33.829166666666666,132.74375
2023-06,retrospective_partial,50325653,1,1,土居町,33.795833333333334,132.79375
2023-06,retrospective_partial,50325663,1,1,来住町,33.80416666666666,132.79375
2023-06,retrospective_partial,50325664,1,1,来住町,33.80416666666666,132.80625
2023-06,retrospective_partial,50325671,1,1,古川北一丁目,33.8125,132.76874999999998
2023-06,retrospective_partial,50325672,1,1,東石井三丁目,33.8125,132.78125
2023-06,retrospective_partial,50325675,1,1,鷹子町,33.8125,132.81875
2023-06,retrospective_partial,50325682,1,1,天山一丁目,33.82083333333334,132.78125
2023-06,retrospective_partial,50325683,1,1,星岡一丁目,33.82083333333334,132.79375
2023-06,retrospective_partial,50325690,1,1,雄郡二丁目,33.829166666666666,132.75625
2023-06,retrospective_partial,50325691,1,1,立花三丁目,33.829166666666666,132.76874999999998
2023-06,retrospective_partial,50326506,1,1,北吉田町,33.837500000000006,132.70624999999998
2023-06,retrospective_partial,50326509,1,1,南江戸三丁目,33.837500000000006,132.74375
2023-06,retrospective_partial,50326519,1,1,朝美二丁目,33.84583333333333,132.74375
2023-06,retrospective_partial,50326600,1,1,竹原二丁目,33.837500000000006,132.75625
2023-06,retrospective_partial,50326602,1,1,新立町,33.837500000000006,132.78125
2023-06,retrospective_partial,50326612,1,1,道後町一丁目,33.84583333333333,132.78125
2023-07,retrospective_partial,50325693,3,3,松末一丁目 / 束本二丁目 / 束本一丁目,33.829166666666666,132.79375
2023-07,retrospective_partial,50326622,3,3,道後湯之町 / 道後緑台,33.85416666666667,132.78125
2023-07,retrospective_partial,50326537,2,2,住吉一丁目 / 梅田町,33.8625,132.71875
2023-07,retrospective_partial,50327560,2,2,中島大浦,33.97083333333333,132.63125
2023-07,retrospective_partial,50325670,1,1,古川南一丁目,33.8125,132.75625
2023-07,retrospective_partial,50325674,1,1,鷹子町,33.8125,132.80625
2023-07,retrospective_partial,50325675,1,1,鷹子町,33.8125,132.81875
2023-07,retrospective_partial,50325691,1,1,祇園町,33.829166666666666,132.76874999999998
2023-07,retrospective_partial,50326549,1,1,東長戸三丁目,33.87083333333334,132.74375
2023-07,retrospective_partial,50326602,1,1,築山町,33.837500000000006,132.78125
2023-07,retrospective_partial,50326621,1,1,御幸二丁目,33.85416666666667,132.76874999999998
2023-07,retrospective_partial,50326650,1,1,鴨川一丁目,33.87916666666666,132.75625
2023-08,retrospective_partial,50326602,4,4,築山町 / 枝松一丁目 / 樽味四丁目,33.837500000000006,132.78125
2023-08,retrospective_partial,50326622,3,3,道後鷺谷町 / 道後北代,33.85416666666667,132.78125
2023-08,retrospective_partial,50325672,2,2,居相一丁目 / 越智三丁目,33.8125,132.78125
2023-08,retrospective_partial,50325680,2,2,土居田町 / 和泉北一丁目,33.82083333333334,132.75625
2023-08,retrospective_partial,50326610,2,2,宮西一丁目,33.84583333333333,132.75625
2023-08,retrospective_partial,50326620,2,2,山越一丁目 / 中央一丁目,33.85416666666667,132.75625
2023-08,retrospective_partial,50325587,1,1,余戸西六丁目,33.82083333333334,132.71875
2023-08,retrospective_partial,50325588,1,1,余戸中六丁目,33.82083333333334,132.73125
2023-08,retrospective_partial,50325589,1,1,土居田町,33.82083333333334,132.74375
2023-08,retrospective_partial,50325597,1,1,高岡町,33.829166666666666,132.71875
2023-08,retrospective_partial,50325671,1,1,古川北二丁目,33.8125,132.76874999999998
2023-08,retrospective_partial,50325681,1,1,朝生田町五丁目,33.82083333333334,132.76874999999998
2023-08,retrospective_partial,50325690,1,1,小栗五丁目,33.829166666666666,132.75625
2023-08,retrospective_partial,50326509,1,1,南江戸四丁目,33.837500000000006,132.74375
2023-08,retrospective_partial,50326527,1,1,大可賀二丁目,33.85416666666667,132.71875
2023-08,retrospective_partial,50326537,1,1,中須賀三丁目,33.8625,132.71875
2023-08,retrospective_partial,50326603,1,1,樽味二丁目,33.837500000000006,132.79375
2023-09,retrospective_partial,50326622,4,4,道後湯之町 / 道後湯月町,33.85416666666667,132.78125
2023-09,retrospective_partial,50325579,2,2,保免西二丁目 / 余戸東五丁目,33.8125,132.74375
2023-09,retrospective_partial,50325596,2,2,南吉田町,33.829166666666666,132.70624999999998
2023-09,retrospective_partial,50325663,2,2,来住町 / 今在家三丁目,33.80416666666666,132.79375
2023-09,retrospective_partial,50325681,2,2,朝生田町五丁目 / 朝生田町三丁目,33.82083333333334,132.76874999999998
2023-09,retrospective_partial,50325692,2,2,小坂四丁目,33.829166666666666,132.78125
2023-09,retrospective_partial,50326610,2,2,宮西一丁目,33.84583333333333,132.75625
2023-09,retrospective_partial,50325578,1,1,余戸東二丁目,33.8125,132.73125
2023-09,retrospective_partial,50325587,1,1,南吉田町,33.82083333333334,132.71875
2023-09,retrospective_partial,50325598,1,1,空港通七丁目,33.829166666666666,132.73125
2023-09,retrospective_partial,50325670,1,1,市坪北一丁目,33.8125,132.75625
2023-09,retrospective_partial,50325671,1,1,居相一丁目,33.8125,132.76874999999998
2023-09,retrospective_partial,50325675,1,1,鷹子町,33.8125,132.81875
2023-09,retrospective_partial,50325690,1,1,小栗五丁目,33.829166666666666,132.75625
2023-09,retrospective_partial,50326528,1,1,古三津五丁目,33.85416666666667,132.73125
2023-09,retrospective_partial,50326537,1,1,住吉二丁目,33.8625,132.71875
2023-09,retrospective_partial,50326579,1,1,馬木町,33.89583333333333,132.74375
2023-09,retrospective_partial,50326603,1,1,桑原二丁目,33.837500000000006,132.79375
2023-09,retrospective_partial,50326612,1,1,道後町一丁目,33.84583333333333,132.78125
2023-09,retrospective_partial,50326621,1,1,道後樋又,33.85416666666667,132.76874999999998
2023-09,retrospective_partial,50326640,1,1,吉藤二丁目,33.87083333333334,132.75625
2023-09,retrospective_partial,50327540,1,1,長師,33.954166666666666,132.63125
2023-10,retrospective_partial,50325681,3,3,朝生田町三丁目 / 朝生田町一丁目,33.82083333333334,132.76874999999998
2023-10,retrospective_partial,50326612,2,2,岩崎町二丁目 / 道後湯之町,33.84583333333333,132.78125
2023-10,retrospective_partial,50325578,1,1,余戸南三丁目,33.8125,132.73125
2023-10,retrospective_partial,50325598,1,1,空港通六丁目,33.829166666666666,132.73125
2023-10,retrospective_partial,50325671,1,1,西石井四丁目,33.8125,132.76874999999998
2023-10,retrospective_partial,50325673,1,1,来住町,33.8125,132.79375
2023-10,retrospective_partial,50325690,1,1,雄郡二丁目,33.829166666666666,132.75625
2023-10,retrospective_partial,50326536,1,1,三津一丁目,33.8625,132.70624999999998
2023-10,retrospective_partial,50326602,1,1,新立町,33.837500000000006,132.78125
2023-10,retrospective_partial,50326603,1,1,桑原三丁目,33.837500000000006,132.79375
2023-10,retrospective_partial,50326620,1,1,六軒家町,33.85416666666667,132.75625
2023-11,retrospective_partial,50326622,8,8,道後湯之町 / 道後多幸町 / 道後湯月町,33.85416666666667,132.78125
2023-11,retrospective_partial,50326537,5,5,三津二丁目 / 須賀町 / 住吉一丁目,33.8625,132.71875
2023-11,retrospective_partial,50326612,3,3,岩崎町一丁目 / 道後一万,33.84583333333333,132.78125
2023-11,retrospective_partial,50325670,2,2,和泉南四丁目 / 市坪北一丁目,33.8125,132.75625
2023-11,retrospective_partial,50325671,2,2,古川北四丁目 / 西石井六丁目,33.8125,132.76874999999998
2023-11,retrospective_partial,50326538,2,2,古三津三丁目 / 古三津二丁目,33.8625,132.73125
2023-11,retrospective_partial,50325577,1,1,余戸南六丁目,33.8125,132.71875
2023-11,retrospective_partial,50325579,1,1,保免西二丁目,33.8125,132.74375
2023-11,retrospective_partial,50325598,1,1,空港通七丁目,33.829166666666666,132.73125
2023-11,retrospective_partial,50325663,1,1,来住町,33.80416666666666,132.79375
2023-11,retrospective_partial,50325672,1,1,東石井二丁目,33.8125,132.78125
2023-11,retrospective_partial,50325680,1,1,和泉北四丁目,33.82083333333334,132.75625
2023-11,retrospective_partial,50325690,1,1,小栗四丁目,33.829166666666666,132.75625
2023-11,retrospective_partial,50326527,1,1,大可賀二丁目,33.85416666666667,132.71875
2023-11,retrospective_partial,50326566,1,1,高浜町二丁目,33.8875,132.70624999999998
2023-11,retrospective_partial,50326602,1,1,束本一丁目,33.837500000000006,132.78125
2023-11,retrospective_partial,50326603,1,1,桑原一丁目,33.837500000000006,132.79375
2023-11,retrospective_partial,50326610,1,1,宮西一丁目,33.84583333333333,132.75625
2023-11,retrospective_partial,50326613,1,1,東野一丁目,33.84583333333333,132.79375
2023-11,retrospective_partial,50326620,1,1,山越一丁目,33.85416666666667,132.75625
2023-11,retrospective_partial,50326623,1,1,道後湯月町,33.85416666666667,132.79375
2023-11,retrospective_partial,50326640,1,1,鴨川二丁目,33.87083333333334,132.75625
2023-11,retrospective_partial,50327661,1,1,土手内,33.97083333333333,132.76874999999998
2023-12,retrospective_partial,50326537,3,3,住吉一丁目 / 住吉二丁目,33.8625,132.71875
2023-12,retrospective_partial,50325598,2,2,空港通三丁目 / 空港通六丁目,33.829166666666666,132.73125
2023-12,retrospective_partial,50326602,2,2,束本一丁目 / 枝松二丁目,33.837500000000006,132.78125
2023-12,retrospective_partial,50325663,1,1,来住町,33.80416666666666,132.79375
2023-12,retrospective_partial,50325671,1,1,古川北三丁目,33.8125,132.76874999999998
2023-12,retrospective_partial,50325673,1,1,来住町,33.8125,132.79375
2023-12,retrospective_partial,50325675,1,1,鷹子町,33.8125,132.81875
2023-12,retrospective_partial,50325680,1,1,和泉北三丁目,33.82083333333334,132.75625
2023-12,retrospective_partial,50325682,1,1,星岡一丁目,33.82083333333334,132.78125
2023-12,retrospective_partial,50325683,1,1,星岡一丁目,33.82083333333334,132.79375
2023-12,retrospective_partial,50325693,1,1,桑原五丁目,33.829166666666666,132.79375
2023-12,retrospective_partial,50325694,1,1,畑寺三丁目,33.829166666666666,132.80625
2023-12,retrospective_partial,50326519,1,1,美沢二丁目,33.84583333333333,132.74375
2023-12,retrospective_partial,50326556,1,1,高浜町一丁目,33.87916666666666,132.70624999999998
2023-12,retrospective_partial,50326603,1,1,東野一丁目,33.837500000000006,132.79375
2023-12,retrospective_partial,50326604,1,1,東野四丁目,33.837500000000006,132.80625
2023-12,retrospective_partial,50326610,1,1,宮西一丁目,33.84583333333333,132.75625
2023-12,retrospective_partial,50326613,1,1,東野二丁目,33.84583333333333,132.79375
2023-12,retrospective_partial,50326620,1,1,中央一丁目,33.85416666666667,132.75625
2024-01,retrospective_partial,50326622,2,2,道後湯之町 / 祝谷五丁目,33.85416666666667,132.78125
2024-01,retrospective_partial,50325588,1,1,余戸中六丁目,33.82083333333334,132.73125
2024-01,retrospective_partial,50325681,1,1,立花三丁目,33.82083333333334,132.76874999999998
2024-01,retrospective_partial,50325682,1,1,東石井二丁目,33.82083333333334,132.78125
2024-01,retrospective_partial,50325692,1,1,中村五丁目,33.829166666666666,132.78125
2024-01,retrospective_partial,50326612,1,1,岩崎町一丁目,33.84583333333333,132.78125
2024-01,retrospective_partial,50326620,1,1,中央一丁目,33.85416666666667,132.75625
2024-02,retrospective_partial,50326622,6,6,道後喜多町 / 道後北代 / 道後多幸町,33.85416666666667,132.78125
2024-02,retrospective_partial,50325692,4,4,枝松五丁目 / 小坂三丁目 / 枝松四丁目,33.829166666666666,132.78125
2024-02,retrospective_partial,50325680,3,3,土居田町 / 和泉北一丁目 / 和泉南三丁目,33.82083333333334,132.75625
2024-02,retrospective_partial,50325681,3,3,朝生田町六丁目,33.82083333333334,132.76874999999998
2024-02,retrospective_partial,50326527,3,3,大可賀二丁目 / 松江町 / 古三津五丁目,33.85416666666667,132.71875
2024-02,retrospective_partial,50326537,3,3,三津二丁目 / 三杉町 / 会津町,33.8625,132.71875
2024-02,retrospective_partial,50325597,2,2,高岡町,33.829166666666666,132.71875
2024-02,retrospective_partial,50325672,2,2,東石井三丁目 / 東石井七丁目,33.8125,132.78125
2024-02,retrospective_partial,50326600,2,2,竹原二丁目,33.837500000000006,132.75625
2024-02,retrospective_partial,50326614,2,2,石手一丁目,33.84583333333333,132.80625
2024-02,retrospective_partial,50325578,1,1,余戸南四丁目,33.8125,132.73125
2024-02,retrospective_partial,50325579,1,1,保免西四丁目,33.8125,132.74375
2024-02,retrospective_partial,50325598,1,1,空港通六丁目,33.829166666666666,132.73125
2024-02,retrospective_partial,50325661,1,1,古川南一丁目,33.80416666666666,132.76874999999998
2024-02,retrospective_partial,50325671,1,1,古川北二丁目,33.8125,132.76874999999998
2024-02,retrospective_partial,50325674,1,1,鷹子町,33.8125,132.80625
2024-02,retrospective_partial,50325682,1,1,東石井二丁目,33.82083333333334,132.78125
2024-02,retrospective_partial,50325690,1,1,和泉北一丁目,33.829166666666666,132.75625
2024-02,retrospective_partial,50325691,1,1,立花二丁目,33.829166666666666,132.76874999999998
2024-02,retrospective_partial,50326548,1,1,高山町,33.87083333333334,132.73125
2024-02,retrospective_partial,50326602,1,1,御宝町,33.837500000000006,132.78125
2024-02,retrospective_partial,50326610,1,1,宮西一丁目,33.84583333333333,132.75625
2024-02,retrospective_partial,50326613,1,1,紅葉町,33.84583333333333,132.79375
2024-02,retrospective_partial,50326620,1,1,美沢一丁目,33.85416666666667,132.75625
2024-02,retrospective_partial,50326621,1,1,道後樋又,33.85416666666667,132.76874999999998
2024-02,retrospective_partial,50327621,1,1,鹿峰,33.9375,132.76874999999998
2024-02,retrospective_partial,50327651,1,1,柳原,33.962500000000006,132.76874999999998
2024-02,retrospective_partial,50327672,1,1,北条,33.97916666666667,132.78125
2024-03,retrospective_partial,50326603,5,5,樽味四丁目 / 正円寺一丁目 / 桑原二丁目,33.837500000000006,132.79375
2024-03,retrospective_partial,50326622,5,5,道後湯之町 / 道後鷺谷町 / 道後多幸町,33.85416666666667,132.78125
2024-03,retrospective_partial,50325599,4,4,空港通一丁目 / 空港通二丁目 / 竹原四丁目,33.829166666666666,132.74375
2024-03,retrospective_partial,50325693,4,4,桑原四丁目 / 束本一丁目 / 畑寺三丁目,33.829166666666666,132.79375
2024-03,retrospective_partial,50325681,3,3,朝生田町二丁目 / 朝生田町五丁目,33.82083333333334,132.76874999999998
2024-03,retrospective_partial,50325589,2,2,土居田町,33.82083333333334,132.74375
2024-03,retrospective_partial,50326588,2,2,和気町二丁目 / 勝岡町,33.90416666666667,132.73125
2024-03,retrospective_partial,50326620,2,2,中央一丁目 / 美沢一丁目,33.85416666666667,132.75625
2024-03,retrospective_partial,50325568,1,1,余戸南四丁目,33.80416666666666,132.73125
2024-03,retrospective_partial,50325598,1,1,高岡町,33.829166666666666,132.73125
2024-03,retrospective_partial,50325662,1,1,北井門二丁目,33.80416666666666,132.78125
2024-03,retrospective_partial,50325663,1,1,来住町,33.80416666666666,132.79375
2024-03,retrospective_partial,50325672,1,1,東石井六丁目,33.8125,132.78125
2024-03,retrospective_partial,50325673,1,1,来住町,33.8125,132.79375
2024-03,retrospective_partial,50325682,1,1,天山三丁目,33.82083333333334,132.78125
2024-03,retrospective_partial,50326547,1,1,港山町,33.87083333333334,132.71875
2024-03,retrospective_partial,50326602,1,1,築山町,33.837500000000006,132.78125
2024-03,retrospective_partial,50326612,1,1,道後一万,33.84583333333333,132.78125
2024-03,retrospective_partial,50326640,1,1,吉藤三丁目,33.87083333333334,132.75625
2024-03,retrospective_partial,50326650,1,1,鴨川一丁目,33.87916666666666,132.75625
2024-03,retrospective_partial,50327631,1,1,河野中須賀,33.94583333333334,132.76874999999998
2024-03,retrospective_partial,50327662,1,1,中西外,33.97083333333333,132.78125
2024-04,retrospective_partial,50326622,3,3,道後湯之町 / 祝谷三丁目,33.85416666666667,132.78125
2024-04,retrospective_partial,50325670,2,2,和泉南五丁目 / 古川北一丁目,33.8125,132.75625
2024-04,retrospective_partial,50326630,2,2,姫原三丁目 / 問屋町,33.8625,132.75625
2024-04,retrospective_partial,50325692,1,1,枝松四丁目,33.829166666666666,132.78125
2024-04,retrospective_partial,50326528,1,1,古三津三丁目,33.85416666666667,132.73125
2024-04,retrospective_partial,50326537,1,1,住吉一丁目,33.8625,132.71875
2024-04,retrospective_partial,50326548,1,1,高山町,33.87083333333334,132.73125
2024-04,retrospective_partial,50326602,1,1,此花町,33.837500000000006,132.78125
2024-04,retrospective_partial,50326620,1,1,中央一丁目,33.85416666666667,132.75625
2024-05,retrospective_partial,50325690,4,4,竹原二丁目 / 藤原一丁目 / 藤原二丁目,33.829166666666666,132.75625
2024-05,retrospective_partial,50326630,3,3,姫原一丁目 / 姫原二丁目 / 山越二丁目,33.8625,132.75625
2024-05,retrospective_partial,50325671,2,2,古川北三丁目,33.8125,132.76874999999998
2024-05,retrospective_partial,50326602,2,2,築山町 / 束本一丁目,33.837500000000006,132.78125
2024-05,retrospective_partial,50326610,2,2,宮西一丁目,33.84583333333333,132.75625
2024-05,retrospective_partial,50326620,2,2,中央一丁目,33.85416666666667,132.75625
2024-05,retrospective_partial,50326622,2,2,道後湯之町 / 道後今市,33.85416666666667,132.78125
2024-05,retrospective_partial,50326640,2,1,東長戸四丁目,33.87083333333334,132.75625
2024-05,retrospective_partial,50325579,1,1,市坪西町,33.8125,132.74375
2024-05,retrospective_partial,50325597,1,1,南吉田町,33.829166666666666,132.71875
2024-05,retrospective_partial,50325598,1,1,空港通四丁目,33.829166666666666,132.73125
2024-05,retrospective_partial,50325599,1,1,空港通二丁目,33.829166666666666,132.74375
2024-05,retrospective_partial,50325664,1,1,来住町,33.80416666666666,132.80625
2024-05,retrospective_partial,50325681,1,1,西石井一丁目,33.82083333333334,132.76874999999998
2024-05,retrospective_partial,50325691,1,1,小栗一丁目,33.829166666666666,132.76874999999998
2024-05,retrospective_partial,50326506,1,1,北吉田町,33.837500000000006,132.70624999999998
2024-05,retrospective_partial,50326529,1,1,美沢一丁目,33.85416666666667,132.74375
2024-05,retrospective_partial,50326579,1,1,内宮町,33.89583333333333,132.74375
2024-05,retrospective_partial,50326603,1,1,樽味二丁目,33.837500000000006,132.79375
2024-05,retrospective_partial,50326613,1,1,道後姫塚,33.84583333333333,132.79375
2024-05,retrospective_partial,50326621,1,1,道後樋又,33.85416666666667,132.76874999999998
2024-05,retrospective_partial,50327438,1,1,神浦,33.94583333333334,132.60625
2024-06,retrospective_partial,50326622,4,4,道後湯之町 / 道後多幸町 / 道後喜多町,33.85416666666667,132.78125
2024-06,retrospective_partial,50325588,3,3,余戸中四丁目 / 余戸中六丁目,33.82083333333334,132.73125
2024-06,retrospective_partial,50325670,3,3,和泉南五丁目,33.8125,132.75625
2024-06,retrospective_partial,50325682,3,3,朝生田町一丁目 / 星岡二丁目,33.82083333333334,132.78125
2024-06,retrospective_partial,50325579,2,2,市坪西町,33.8125,132.74375
2024-06,retrospective_partial,50325681,2,2,朝生田町五丁目 / 立花三丁目,33.82083333333334,132.76874999999998
2024-06,retrospective_partial,50325691,2,2,立花一丁目 / 祇園町,33.829166666666666,132.76874999999998
2024-06,retrospective_partial,50325692,2,2,中村三丁目 / 小坂五丁目,33.829166666666666,132.78125
2024-06,retrospective_partial,50326527,2,2,古三津六丁目 / 祓川一丁目,33.85416666666667,132.71875
2024-06,retrospective_partial,50326587,2,2,勝岡町,33.90416666666667,132.71875
2024-06,retrospective_partial,50326612,2,2,岩崎町二丁目 / 持田町一丁目,33.84583333333333,132.78125
2024-06,retrospective_partial,50326613,2,2,東野二丁目,33.84583333333333,132.79375
2024-06,retrospective_partial,50326630,2,2,山越五丁目 / 山越三丁目,33.8625,132.75625
2024-06,retrospective_partial,50325578,1,1,余戸東四丁目,33.8125,132.73125
2024-06,retrospective_partial,50325597,1,1,南吉田町,33.829166666666666,132.71875
2024-06,retrospective_partial,50325652,1,1,井門町,33.795833333333334,132.78125
2024-06,retrospective_partial,50325663,1,1,来住町,33.80416666666666,132.79375
2024-06,retrospective_partial,50325671,1,1,古川北四丁目,33.8125,132.76874999999998
2024-06,retrospective_partial,50325675,1,1,鷹子町,33.8125,132.81875
2024-06,retrospective_partial,50325693,1,1,桑原四丁目,33.829166666666666,132.79375
2024-06,retrospective_partial,50326548,1,1,桜ケ丘,33.87083333333334,132.73125
2024-06,retrospective_partial,50326602,1,1,枝松一丁目,33.837500000000006,132.78125
2024-06,retrospective_partial,50326610,1,1,宮西一丁目,33.84583333333333,132.75625
2024-06,retrospective_partial,50326620,1,1,御幸二丁目,33.85416666666667,132.75625
2024-06,retrospective_partial,50327560,1,1,中島大浦,33.97083333333333,132.63125
2024-07,retrospective_partial,50325681,2,2,朝生田町二丁目,33.82083333333334,132.76874999999998
2024-07,retrospective_partial,50326622,2,2,道後湯之町 / 道後樋又,33.85416666666667,132.78125
2024-07,retrospective_partial,50325577,1,1,余戸西三丁目,33.8125,132.71875
2024-07,retrospective_partial,50325671,1,1,古川北二丁目,33.8125,132.76874999999998
2024-07,retrospective_partial,50325690,1,1,藤原二丁目,33.829166666666666,132.75625
2024-07,retrospective_partial,50326537,1,1,三津一丁目,33.8625,132.71875
2024-07,retrospective_partial,50326623,1,1,道後湯月町,33.85416666666667,132.79375
2024-07,retrospective_partial,50326630,1,1,姫原二丁目,33.8625,132.75625
2024-08,retrospective_partial,50326536,3,3,三津三丁目,33.8625,132.70624999999998
2024-08,retrospective_partial,50325673,2,2,今在家一丁目 / 来住町,33.8125,132.79375
2024-08,retrospective_partial,50326547,2,2,春美町 / 中須賀二丁目,33.87083333333334,132.71875
2024-08,retrospective_partial,50326630,2,2,山越四丁目,33.8625,132.75625
2024-08,retrospective_partial,50325589,1,1,保免中一丁目,33.82083333333334,132.74375
2024-08,retrospective_partial,50325598,1,1,空港通六丁目,33.829166666666666,132.73125
2024-08,retrospective_partial,50325599,1,1,土居田町,33.829166666666666,132.74375
2024-08,retrospective_partial,50325664,1,1,来住町,33.80416666666666,132.80625
2024-08,retrospective_partial,50325671,1,1,古川北四丁目,33.8125,132.76874999999998
2024-08,retrospective_partial,50325680,1,1,和泉北一丁目,33.82083333333334,132.75625
2024-08,retrospective_partial,50326515,1,1,大可賀三丁目,33.84583333333333,132.69375
2024-08,retrospective_partial,50326527,1,1,古三津六丁目,33.85416666666667,132.71875
2024-08,retrospective_partial,50326537,1,1,三杉町,33.8625,132.71875
2024-08,retrospective_partial,50326600,1,1,竹原二丁目,33.837500000000006,132.75625
2024-08,retrospective_partial,50326603,1,1,正円寺三丁目,33.837500000000006,132.79375
2024-08,retrospective_partial,50326613,1,1,東野一丁目,33.84583333333333,132.79375
2024-08,retrospective_partial,50326621,1,1,道後樋又,33.85416666666667,132.76874999999998
2024-08,retrospective_partial,50326622,1,1,道後湯之町,33.85416666666667,132.78125
2024-08,retrospective_partial,50326660,1,1,平田町,33.8875,132.75625
2024-08,retrospective_partial,50327641,1,1,府中,33.954166666666666,132.76874999999998
2024-09,exact_monthly,50326622,15,15,道後湯之町 / 道後鷺谷町 / 道後多幸町,33.85416666666667,132.78125
2024-09,exact_monthly,50325670,4,4,古川北二丁目 / 古川西一丁目 / 古川北一丁目,33.8125,132.75625
2024-09,exact_monthly,50325672,4,4,東石井四丁目 / 東石井三丁目 / 東石井六丁目,33.8125,132.78125
2024-09,exact_monthly,50325690,3,3,小栗三丁目 / 竹原二丁目,33.829166666666666,132.75625
2024-09,exact_monthly,50325691,3,3,室町二丁目 / 立花六丁目 / 立花四丁目,33.829166666666666,132.76874999999998
2024-09,exact_monthly,50326537,3,3,中須賀三丁目 / 三津三丁目 / 三津二丁目,33.8625,132.71875
2024-09,exact_monthly,50325681,2,2,朝生田町四丁目 / 朝生田町五丁目,33.82083333333334,132.76874999999998
2024-09,exact_monthly,50326640,2,2,東長戸一丁目 / 姫原二丁目,33.87083333333334,132.75625
2024-09,exact_monthly,50325568,1,1,余戸南五丁目,33.80416666666666,132.73125
2024-09,exact_monthly,50325598,1,1,空港通六丁目,33.829166666666666,132.73125
2024-09,exact_monthly,50325673,1,1,越智一丁目,33.8125,132.79375
2024-09,exact_monthly,50325682,1,1,天山二丁目,33.82083333333334,132.78125
2024-09,exact_monthly,50325692,1,1,中村四丁目,33.829166666666666,132.78125
2024-09,exact_monthly,50326519,1,1,朝日ケ丘二丁目,33.84583333333333,132.74375
2024-09,exact_monthly,50326527,1,1,若葉町,33.85416666666667,132.71875
2024-09,exact_monthly,50326529,1,1,衣山一丁目,33.85416666666667,132.74375
2024-09,exact_monthly,50326538,1,1,古三津二丁目,33.8625,132.73125
2024-09,exact_monthly,50326603,1,1,桑原一丁目,33.837500000000006,132.79375
2024-09,exact_monthly,50326612,1,1,道後町二丁目,33.84583333333333,132.78125
2024-09,exact_monthly,50326613,1,1,石手二丁目,33.84583333333333,132.79375
2024-09,exact_monthly,50326620,1,1,中央一丁目,33.85416666666667,132.75625
2024-09,exact_monthly,50326621,1,1,道後樋又,33.85416666666667,132.76874999999998
2024-09,exact_monthly,50326630,1,1,東長戸二丁目,33.8625,132.75625
2024-09,exact_monthly,50327641,1,1,河野中須賀,33.954166666666666,132.76874999999998
2024-09,exact_monthly,50327663,1,1,中西内,33.97083333333333,132.79375
2024-10,exact_monthly,50326537,2,2,中須賀三丁目 / 住吉二丁目,33.8625,132.71875
2024-10,exact_monthly,50325599,1,1,空港通一丁目,33.829166666666666,132.74375
2024-10,exact_monthly,50325672,1,1,越智三丁目,33.8125,132.78125
2024-10,exact_monthly,50325681,1,1,朝生田町五丁目,33.82083333333334,132.76874999999998
2024-10,exact_monthly,50325691,1,1,立花一丁目,33.829166666666666,132.76874999999998
2024-10,exact_monthly,50325692,1,1,中村四丁目,33.829166666666666,132.78125
2024-10,exact_monthly,50326509,1,1,南江戸三丁目,33.837500000000006,132.74375
2024-10,exact_monthly,50326610,1,1,宮西一丁目,33.84583333333333,132.75625
2024-10,exact_monthly,50326630,1,1,山越四丁目,33.8625,132.75625
2024-10,exact_monthly,50327631,1,1,河野中須賀,33.94583333333334,132.76874999999998
2024-11,exact_monthly,50325599,4,4,空港通二丁目 / 竹原三丁目,33.829166666666666,132.74375
2024-11,exact_monthly,50325690,3,3,藤原二丁目,33.829166666666666,132.75625
2024-11,exact_monthly,50325692,3,3,束本一丁目 / 中村三丁目,33.829166666666666,132.78125
2024-11,exact_monthly,50325589,2,2,保免中二丁目 / 土居田町,33.82083333333334,132.74375
2024-11,exact_monthly,50325671,2,2,古川北三丁目 / 居相四丁目,33.8125,132.76874999999998
2024-11,exact_monthly,50325681,2,2,朝生田町一丁目,33.82083333333334,132.76874999999998
2024-11,exact_monthly,50326537,2,2,住吉一丁目 / 住吉二丁目,33.8625,132.71875
2024-11,exact_monthly,50326602,2,2,樽味一丁目 / 紅葉町,33.837500000000006,132.78125
2024-11,exact_monthly,50325578,1,1,余戸南三丁目,33.8125,132.73125
2024-11,exact_monthly,50325579,1,1,保免中二丁目,33.8125,132.74375
2024-11,exact_monthly,50325597,1,1,高岡町,33.829166666666666,132.71875
2024-11,exact_monthly,50325598,1,1,空港通六丁目,33.829166666666666,132.73125
2024-11,exact_monthly,50325662,1,1,北井門二丁目,33.80416666666666,132.78125
2024-11,exact_monthly,50325663,1,1,土居町,33.80416666666666,132.79375
2024-11,exact_monthly,50325672,1,1,星岡五丁目,33.8125,132.78125
2024-11,exact_monthly,50325680,1,1,和泉南二丁目,33.82083333333334,132.75625
2024-11,exact_monthly,50325694,1,1,畑寺三丁目,33.829166666666666,132.80625
2024-11,exact_monthly,50326527,1,1,松江町,33.85416666666667,132.71875
2024-11,exact_monthly,50326528,1,1,古三津三丁目,33.85416666666667,132.73125
2024-11,exact_monthly,50326536,1,1,三津三丁目,33.8625,132.70624999999998
2024-11,exact_monthly,50326538,1,1,中須賀一丁目,33.8625,132.73125
2024-11,exact_monthly,50326579,1,1,和気町一丁目,33.89583333333333,132.74375
2024-11,exact_monthly,50326613,1,1,石手二丁目,33.84583333333333,132.79375
2024-11,exact_monthly,50326623,1,1,道後湯月町,33.85416666666667,132.79375
2024-11,exact_monthly,50327570,1,1,中島大浦,33.97916666666667,132.63125
2024-11,exact_monthly,50327641,1,1,柳原,33.954166666666666,132.76874999999998
2024-11,exact_monthly,50327651,1,1,柳原,33.962500000000006,132.76874999999998
2024-11,exact_monthly,50327652,1,1,府中,33.962500000000006,132.78125
2024-12,exact_monthly,50326622,8,8,道後湯之町 / 祝谷町一丁目 / 道後鷺谷町,33.85416666666667,132.78125
2024-12,exact_monthly,50325671,4,4,西石井六丁目 / 西石井一丁目 / 古川北三丁目,33.8125,132.76874999999998
2024-12,exact_monthly,50325692,3,3,中村四丁目 / 束本一丁目 / 中村三丁目,33.829166666666666,132.78125
2024-12,exact_monthly,50326630,3,3,山越五丁目,33.8625,132.75625
2024-12,exact_monthly,50326602,2,2,小坂一丁目 / 樽味四丁目,33.837500000000006,132.78125
2024-12,exact_monthly,50326640,2,2,東長戸一丁目,33.87083333333334,132.75625
2024-12,exact_monthly,50325597,1,1,南吉田町,33.829166666666666,132.71875
2024-12,exact_monthly,50325651,1,1,井門町,33.795833333333334,132.76874999999998
2024-12,exact_monthly,50325672,1,1,東石井六丁目,33.8125,132.78125
2024-12,exact_monthly,50325673,1,1,来住町,33.8125,132.79375
2024-12,exact_monthly,50325680,1,1,土居田町,33.82083333333334,132.75625
2024-12,exact_monthly,50325682,1,1,天山三丁目,33.82083333333334,132.78125
2024-12,exact_monthly,50326509,1,1,南江戸二丁目,33.837500000000006,132.74375
2024-12,exact_monthly,50326529,1,1,衣山一丁目,33.85416666666667,132.74375
2024-12,exact_monthly,50326538,1,1,古三津二丁目,33.8625,132.73125
2024-12,exact_monthly,50326547,1,1,松ノ木一丁目,33.87083333333334,132.71875
2024-12,exact_monthly,50326566,1,1,高浜町二丁目,33.8875,132.70624999999998
2024-12,exact_monthly,50326578,1,1,勝岡町,33.89583333333333,132.73125
2024-12,exact_monthly,50326610,1,1,宮西一丁目,33.84583333333333,132.75625
2024-12,exact_monthly,50326612,1,1,道後町一丁目,33.84583333333333,132.78125
2024-12,exact_monthly,50326613,1,1,石手三丁目,33.84583333333333,132.79375
2024-12,exact_monthly,50326623,1,1,道後湯之町,33.85416666666667,132.79375
2025-01,exact_monthly,50326622,2,2,道後湯之町,33.85416666666667,132.78125
2025-01,exact_monthly,50325670,1,1,和泉南三丁目,33.8125,132.75625
2025-01,exact_monthly,50325681,1,1,朝生田町六丁目,33.82083333333334,132.76874999999998
2025-01,exact_monthly,50325682,1,1,天山一丁目,33.82083333333334,132.78125
2025-01,exact_monthly,50325691,1,1,立花六丁目,33.829166666666666,132.76874999999998
2025-01,exact_monthly,50326536,1,1,三津一丁目,33.8625,132.70624999999998
2025-01,exact_monthly,50326579,1,1,和気町一丁目,33.89583333333333,132.74375
2025-01,exact_monthly,50326621,1,1,道後樋又,33.85416666666667,132.76874999999998
2025-02,exact_monthly,50326622,6,6,道後湯之町 / 道後喜多町 / 道後湯月町,33.85416666666667,132.78125
2025-02,exact_monthly,50326537,3,3,三津三丁目 / 祓川二丁目 / 古三津一丁目,33.8625,132.71875
2025-02,exact_monthly,50325671,2,2,古川北一丁目 / 古川南一丁目,33.8125,132.76874999999998
2025-02,exact_monthly,50325673,2,2,来住町,33.8125,132.79375
2025-02,exact_monthly,50325693,2,2,松末一丁目,33.829166666666666,132.79375
2025-02,exact_monthly,50326509,2,2,竹原三丁目 / 南江戸四丁目,33.837500000000006,132.74375
2025-02,exact_monthly,50326538,2,2,会津町,33.8625,132.73125
2025-02,exact_monthly,50326612,2,2,道後公園 / 岩崎町二丁目,33.84583333333333,132.78125
2025-02,exact_monthly,50325568,1,1,余戸南四丁目,33.80416666666666,132.73125
2025-02,exact_monthly,50325598,1,1,空港通五丁目,33.829166666666666,132.73125
2025-02,exact_monthly,50325670,1,1,古川北一丁目,33.8125,132.75625
2025-02,exact_monthly,50325675,1,1,鷹子町,33.8125,132.81875
2025-02,exact_monthly,50325681,1,1,朝生田町二丁目,33.82083333333334,132.76874999999998
2025-02,exact_monthly,50325682,1,1,天山一丁目,33.82083333333334,132.78125
2025-02,exact_monthly,50325690,1,1,藤原二丁目,33.829166666666666,132.75625
2025-02,exact_monthly,50325691,1,1,小栗一丁目,33.829166666666666,132.76874999999998
2025-02,exact_monthly,50326602,1,1,新立町,33.837500000000006,132.78125
2025-02,exact_monthly,50326614,1,1,石手一丁目,33.84583333333333,132.80625
2025-02,exact_monthly,50326623,1,1,道後湯之町,33.85416666666667,132.79375
2025-02,exact_monthly,50326640,1,1,東長戸一丁目,33.87083333333334,132.75625
2025-02,exact_monthly,50327550,1,1,長師,33.962500000000006,132.63125
2025-03,exact_monthly,50325671,2,2,居相四丁目 / 居相五丁目,33.8125,132.76874999999998
2025-03,exact_monthly,50325681,2,2,朝生田町一丁目 / 立花三丁目,33.82083333333334,132.76874999999998
2025-03,exact_monthly,50325692,2,2,中村四丁目 / 束本二丁目,33.829166666666666,132.78125
2025-03,exact_monthly,50326620,2,2,中央一丁目 / 山越六丁目,33.85416666666667,132.75625
2025-03,exact_monthly,50326622,2,2,祝谷町一丁目 / 道後湯之町,33.85416666666667,132.78125
2025-03,exact_monthly,50325578,1,1,余戸南二丁目,33.8125,132.73125
2025-03,exact_monthly,50325663,1,1,来住町,33.80416666666666,132.79375
2025-03,exact_monthly,50325680,1,1,土居田町,33.82083333333334,132.75625
2025-03,exact_monthly,50325682,1,1,中村五丁目,33.82083333333334,132.78125
2025-03,exact_monthly,50325690,1,1,小栗二丁目,33.829166666666666,132.75625
2025-03,exact_monthly,50325691,1,1,立花一丁目,33.829166666666666,132.76874999999998
2025-03,exact_monthly,50325693,1,1,桑原四丁目,33.829166666666666,132.79375
2025-03,exact_monthly,50326509,1,1,南江戸三丁目,33.837500000000006,132.74375
2025-03,exact_monthly,50326527,1,1,須賀町,33.85416666666667,132.71875
2025-03,exact_monthly,50326528,1,1,古三津三丁目,33.85416666666667,132.73125
2025-03,exact_monthly,50326548,1,1,内浜町,33.87083333333334,132.73125
2025-03,exact_monthly,50326549,1,1,東長戸二丁目,33.87083333333334,132.74375
2025-03,exact_monthly,50326602,1,1,日の出町,33.837500000000006,132.78125
2025-03,exact_monthly,50326603,1,1,樽味四丁目,33.837500000000006,132.79375
2025-03,exact_monthly,50326613,1,1,上市二丁目,33.84583333333333,132.79375
2025-03,exact_monthly,50326640,1,1,鴨川二丁目,33.87083333333334,132.75625
2025-03,exact_monthly,50327652,1,1,府中,33.962500000000006,132.78125
2025-04,exact_monthly,50325663,2,2,来住町,33.80416666666666,132.79375
2025-04,exact_monthly,50325680,2,2,保免上一丁目 / 和泉北一丁目,33.82083333333334,132.75625
2025-04,exact_monthly,50326622,2,2,道後樋又 / 道後喜多町,33.85416666666667,132.78125
2025-04,exact_monthly,50325585,1,1,南吉田町,33.82083333333334,132.69375
2025-04,exact_monthly,50325671,1,1,居相二丁目,33.8125,132.76874999999998
2025-04,exact_monthly,50325673,1,1,今在家一丁目,33.8125,132.79375
2025-04,exact_monthly,50325693,1,1,松末一丁目,33.829166666666666,132.79375
2025-04,exact_monthly,50326537,1,1,住吉一丁目,33.8625,132.71875
2025-04,exact_monthly,50326579,1,1,馬木町,33.89583333333333,132.74375
2025-04,exact_monthly,50326620,1,1,中央一丁目,33.85416666666667,132.75625
2025-04,exact_monthly,50326621,1,1,道後樋又,33.85416666666667,132.76874999999998
2025-04,exact_monthly,50326630,1,1,山越三丁目,33.8625,132.75625
2025-05,exact_monthly,50326622,5,5,道後湯之町 / 道後緑台 / 道後鷺谷町,33.85416666666667,132.78125
2025-05,exact_monthly,50325597,3,3,南吉田町,33.829166666666666,132.71875
2025-05,exact_monthly,50326527,3,3,松江町 / 祓川一丁目 / 古三津六丁目,33.85416666666667,132.71875
2025-05,exact_monthly,50325598,2,2,高岡町,33.829166666666666,132.73125
2025-05,exact_monthly,50325599,2,2,竹原四丁目 / 空港通一丁目,33.829166666666666,132.74375
2025-05,exact_monthly,50326509,2,2,南江戸三丁目 / 南江戸四丁目,33.837500000000006,132.74375
2025-05,exact_monthly,50326538,2,2,古三津二丁目,33.8625,132.73125
2025-05,exact_monthly,50326620,2,2,中央一丁目,33.85416666666667,132.75625
2025-05,exact_monthly,50326630,2,2,東長戸一丁目 / 姫原三丁目,33.8625,132.75625
2025-05,exact_monthly,50325578,1,1,余戸東二丁目,33.8125,132.73125
2025-05,exact_monthly,50325589,1,1,保免中二丁目,33.82083333333334,132.74375
2025-05,exact_monthly,50325672,1,1,東石井六丁目,33.8125,132.78125
2025-05,exact_monthly,50325673,1,1,来住町,33.8125,132.79375
2025-05,exact_monthly,50325681,1,1,和泉南一丁目,33.82083333333334,132.76874999999998
2025-05,exact_monthly,50325682,1,1,天山一丁目,33.82083333333334,132.78125
2025-05,exact_monthly,50325691,1,1,祇園町,33.829166666666666,132.76874999999998
2025-05,exact_monthly,50325692,1,1,中村三丁目,33.829166666666666,132.78125
2025-05,exact_monthly,50326519,1,1,美沢一丁目,33.84583333333333,132.74375
2025-05,exact_monthly,50326528,1,1,古三津二丁目,33.85416666666667,132.73125
2025-05,exact_monthly,50326529,1,1,美沢一丁目,33.85416666666667,132.74375
2025-05,exact_monthly,50326537,1,1,三津一丁目,33.8625,132.71875
2025-05,exact_monthly,50326547,1,1,春美町,33.87083333333334,132.71875
2025-05,exact_monthly,50326603,1,1,桑原一丁目,33.837500000000006,132.79375
2025-05,exact_monthly,50326610,1,1,宮西一丁目,33.84583333333333,132.75625
2025-05,exact_monthly,50326623,1,1,道後湯月町,33.85416666666667,132.79375
2025-05,exact_monthly,50327652,1,1,河野別府,33.962500000000006,132.78125
2025-06,exact_monthly,50325671,4,4,居相四丁目 / 居相五丁目 / 古川北四丁目,33.8125,132.76874999999998
2025-06,exact_monthly,50325682,3,3,天山一丁目 / 星岡二丁目,33.82083333333334,132.78125
2025-06,exact_monthly,50325670,2,2,古川西二丁目 / 市坪北一丁目,33.8125,132.75625
2025-06,exact_monthly,50325674,2,2,来住町 / 鷹子町,33.8125,132.80625
2025-06,exact_monthly,50325680,2,2,土居田町 / 和泉南二丁目,33.82083333333334,132.75625
2025-06,exact_monthly,50326602,2,2,束本一丁目 / 小坂一丁目,33.837500000000006,132.78125
2025-06,exact_monthly,50325568,1,1,余戸南二丁目,33.80416666666666,132.73125
2025-06,exact_monthly,50325589,1,1,土居田町,33.82083333333334,132.74375
2025-06,exact_monthly,50325596,1,1,高岡町,33.829166666666666,132.70624999999998
2025-06,exact_monthly,50325597,1,1,高岡町,33.829166666666666,132.71875
2025-06,exact_monthly,50325598,1,1,空港通三丁目,33.829166666666666,132.73125
2025-06,exact_monthly,50325661,1,1,古川南二丁目,33.80416666666666,132.76874999999998
2025-06,exact_monthly,50325662,1,1,北井門一丁目,33.80416666666666,132.78125
2025-06,exact_monthly,50325672,1,1,東石井四丁目,33.8125,132.78125
2025-06,exact_monthly,50325673,1,1,来住町,33.8125,132.79375
2025-06,exact_monthly,50325681,1,1,朝生田町二丁目,33.82083333333334,132.76874999999998
2025-06,exact_monthly,50325691,1,1,立花一丁目,33.829166666666666,132.76874999999998
2025-06,exact_monthly,50325692,1,1,中村三丁目,33.829166666666666,132.78125
2025-06,exact_monthly,50326528,1,1,古三津二丁目,33.85416666666667,132.73125
2025-06,exact_monthly,50326610,1,1,宮西一丁目,33.84583333333333,132.75625
2025-06,exact_monthly,50326622,1,1,祝谷四丁目,33.85416666666667,132.78125
2025-06,exact_monthly,50326630,1,1,東長戸二丁目,33.8625,132.75625
2025-06,exact_monthly,50327631,1,1,河野中須賀,33.94583333333334,132.76874999999998
2025-06,exact_monthly,50327671,1,1,北条,33.97916666666667,132.76874999999998
2025-07,exact_monthly,50325597,2,2,高岡町 / 南吉田町,33.829166666666666,132.71875
2025-07,exact_monthly,50325599,2,2,空港通一丁目,33.829166666666666,132.74375
2025-07,exact_monthly,50325670,1,1,古川西二丁目,33.8125,132.75625
2025-07,exact_monthly,50325680,1,1,和泉南三丁目,33.82083333333334,132.75625
2025-07,exact_monthly,50325681,1,1,朝生田町六丁目,33.82083333333334,132.76874999999998
2025-07,exact_monthly,50325691,1,1,室町二丁目,33.829166666666666,132.76874999999998
2025-07,exact_monthly,50325693,1,1,束本二丁目,33.829166666666666,132.79375
2025-07,exact_monthly,50326547,1,1,辰巳町,33.87083333333334,132.71875
2025-07,exact_monthly,50326588,1,1,和気町二丁目,33.90416666666667,132.73125
2025-07,exact_monthly,50326600,1,1,南江戸一丁目,33.837500000000006,132.75625
2025-07,exact_monthly,50326602,1,1,束本一丁目,33.837500000000006,132.78125
2025-07,exact_monthly,50326622,1,1,道後湯之町,33.85416666666667,132.78125
2025-07,exact_monthly,50327448,1,1,神浦,33.954166666666666,132.60625
2025-08,exact_monthly,50326537,5,5,祓川二丁目 / 三津一丁目 / 三津二丁目,33.8625,132.71875
2025-08,exact_monthly,50326602,3,3,樽味四丁目 / 束本一丁目 / 湯渡町,33.837500000000006,132.78125
2025-08,exact_monthly,50326622,3,3,道後喜多町 / 道後湯月町 / 道後樋又,33.85416666666667,132.78125
2025-08,exact_monthly,50325680,2,2,和泉北一丁目 / 和泉北二丁目,33.82083333333334,132.75625
2025-08,exact_monthly,50325690,2,2,竹原二丁目 / 小栗二丁目,33.829166666666666,132.75625
2025-08,exact_monthly,50326529,2,2,六軒家町 / 中央一丁目,33.85416666666667,132.74375
2025-08,exact_monthly,50326610,2,2,宮西一丁目,33.84583333333333,132.75625
2025-08,exact_monthly,50325578,1,1,余戸南二丁目,33.8125,132.73125
2025-08,exact_monthly,50325579,1,1,余戸南一丁目,33.8125,132.74375
2025-08,exact_monthly,50325587,1,1,南吉田町,33.82083333333334,132.71875
2025-08,exact_monthly,50325589,1,1,土居田町,33.82083333333334,132.74375
2025-08,exact_monthly,50325597,1,1,南吉田町,33.829166666666666,132.71875
2025-08,exact_monthly,50325599,1,1,空港通一丁目,33.829166666666666,132.74375
2025-08,exact_monthly,50325652,1,1,井門町,33.795833333333334,132.78125
2025-08,exact_monthly,50325672,1,1,東石井六丁目,33.8125,132.78125
2025-08,exact_monthly,50325675,1,1,鷹子町,33.8125,132.81875
2025-08,exact_monthly,50325682,1,1,天山一丁目,33.82083333333334,132.78125
2025-08,exact_monthly,50325693,1,1,桑原六丁目,33.829166666666666,132.79375
2025-08,exact_monthly,50326538,1,1,会津町,33.8625,132.73125
2025-08,exact_monthly,50326630,1,1,姫原三丁目,33.8625,132.75625
2025-08,exact_monthly,50327631,1,1,河野中須賀,33.94583333333334,132.76874999999998
2025-08,exact_monthly,50327642,1,1,河野別府,33.954166666666666,132.78125
2025-08,exact_monthly,50327652,1,1,中西外,33.962500000000006,132.78125
2025-09,exact_monthly,50325579,2,2,保免西三丁目 / 市坪西町,33.8125,132.74375
2025-09,exact_monthly,50325680,2,2,土居田町,33.82083333333334,132.75625
2025-09,exact_monthly,50325682,2,2,天山一丁目,33.82083333333334,132.78125
2025-09,exact_monthly,50325693,2,2,松末二丁目 / 畑寺三丁目,33.829166666666666,132.79375
2025-09,exact_monthly,50326537,2,2,住吉二丁目 / 古三津一丁目,33.8625,132.71875
2025-09,exact_monthly,50326622,2,2,道後湯之町,33.85416666666667,132.78125
2025-09,exact_monthly,50325663,1,1,今在家二丁目,33.80416666666666,132.79375
2025-09,exact_monthly,50325672,1,1,東石井六丁目,33.8125,132.78125
2025-09,exact_monthly,50325674,1,1,鷹子町,33.8125,132.80625
2025-09,exact_monthly,50325681,1,1,朝生田町五丁目,33.82083333333334,132.76874999999998
2025-09,exact_monthly,50326546,1,1,三津一丁目,33.87083333333334,132.70624999999998
2025-09,exact_monthly,50326603,1,1,樽味四丁目,33.837500000000006,132.79375
2025-09,exact_monthly,50326613,1,1,東野二丁目,33.84583333333333,132.79375
2025-09,exact_monthly,50326630,1,1,山越五丁目,33.8625,132.75625
2025-09,exact_monthly,50327540,1,1,長師,33.954166666666666,132.63125
2025-09,exact_monthly,50327651,1,1,柳原,33.962500000000006,132.76874999999998
2025-09,exact_monthly,50327652,1,1,中西外,33.962500000000006,132.78125
2025-10,exact_monthly,50326537,2,2,神田町 / 元町,33.8625,132.71875
2025-10,exact_monthly,50326622,2,2,道後湯之町,33.85416666666667,132.78125
2025-10,exact_monthly,50325598,1,1,空港通六丁目,33.829166666666666,132.73125
2025-10,exact_monthly,50325691,1,1,立花一丁目,33.829166666666666,132.76874999999998
2025-10,exact_monthly,50325692,1,1,中村三丁目,33.829166666666666,132.78125
2025-10,exact_monthly,50325693,1,1,畑寺二丁目,33.829166666666666,132.79375
2025-10,exact_monthly,50326578,1,1,勝岡町,33.89583333333333,132.73125
2025-10,exact_monthly,50326623,1,1,道後湯之町,33.85416666666667,132.79375
2025-10,exact_monthly,50327642,1,1,河野別府,33.954166666666666,132.78125
2025-11,exact_monthly,50326622,6,6,道後湯之町 / 道後鷺谷町 / 道後喜多町,33.85416666666667,132.78125
2025-11,exact_monthly,50325681,2,2,朝生田町五丁目 / 朝生田町一丁目,33.82083333333334,132.76874999999998
2025-11,exact_monthly,50325690,2,2,小栗六丁目 / 小栗二丁目,33.829166666666666,132.75625
2025-11,exact_monthly,50326602,2,2,湯渡町 / 御宝町,33.837500000000006,132.78125
2025-11,exact_monthly,50326610,2,2,宮西一丁目,33.84583333333333,132.75625
2025-11,exact_monthly,50325599,1,1,空港通三丁目,33.829166666666666,132.74375
2025-11,exact_monthly,50325670,1,1,古川北一丁目,33.8125,132.75625
2025-11,exact_monthly,50325675,1,1,鷹子町,33.8125,132.81875
2025-11,exact_monthly,50325692,1,1,枝松五丁目,33.829166666666666,132.78125
2025-11,exact_monthly,50325693,1,1,畑寺二丁目,33.829166666666666,132.79375
2025-11,exact_monthly,50326537,1,1,三津二丁目,33.8625,132.71875
2025-11,exact_monthly,50326620,1,1,山越六丁目,33.85416666666667,132.75625
2025-11,exact_monthly,50326623,1,1,道後湯之町,33.85416666666667,132.79375
2025-11,exact_monthly,50326630,1,1,山越五丁目,33.8625,132.75625
2025-11,exact_monthly,50327560,1,1,中島大浦,33.97083333333333,132.63125
2025-12,exact_monthly,50325681,4,4,朝生田町一丁目 / 朝生田町六丁目,33.82083333333334,132.76874999999998
2025-12,exact_monthly,50325682,3,3,天山三丁目 / 東石井五丁目 / 天山二丁目,33.82083333333334,132.78125
2025-12,exact_monthly,50326622,3,3,道後湯之町,33.85416666666667,132.78125
2025-12,exact_monthly,50325691,2,2,祇園町 / 立花二丁目,33.829166666666666,132.76874999999998
2025-12,exact_monthly,50325692,2,2,束本一丁目,33.829166666666666,132.78125
2025-12,exact_monthly,50325578,1,1,余戸中四丁目,33.8125,132.73125
2025-12,exact_monthly,50325670,1,1,古川北三丁目,33.8125,132.75625
2025-12,exact_monthly,50325671,1,1,古川北四丁目,33.8125,132.76874999999998
2025-12,exact_monthly,50325674,1,1,来住町,33.8125,132.80625
2025-12,exact_monthly,50325680,1,1,保免上一丁目,33.82083333333334,132.75625
2025-12,exact_monthly,50325693,1,1,畑寺三丁目,33.829166666666666,132.79375
2025-12,exact_monthly,50326527,1,1,清住一丁目,33.85416666666667,132.71875
2025-12,exact_monthly,50326528,1,1,古三津三丁目,33.85416666666667,132.73125
2025-12,exact_monthly,50326603,1,1,桑原三丁目,33.837500000000006,132.79375
2025-12,exact_monthly,50326610,1,1,宮西一丁目,33.84583333333333,132.75625
2025-12,exact_monthly,50326623,1,1,道後湯之町,33.85416666666667,132.79375
2025-12,exact_monthly,50326640,1,1,鴨川一丁目,33.87083333333334,132.75625
2026-01,exact_monthly,50326537,2,2,住吉二丁目 / 住吉一丁目,33.8625,132.71875
2026-01,exact_monthly,50325599,1,1,空港通二丁目,33.829166666666666,132.74375
2026-01,exact_monthly,50325661,1,1,井門町,33.80416666666666,132.76874999999998
2026-01,exact_monthly,50325670,1,1,古川北二丁目,33.8125,132.75625
2026-02,exact_monthly,50326622,14,14,道後湯之町 / 道後緑台 / 祝谷町一丁目,33.85416666666667,132.78125
2026-02,exact_monthly,50326612,3,3,道後町一丁目 / 道後町二丁目 / 岩崎町二丁目,33.84583333333333,132.78125
2026-02,exact_monthly,50326630,3,3,山越二丁目 / 問屋町,33.8625,132.75625
2026-02,exact_monthly,50325597,2,2,高岡町,33.829166666666666,132.71875
2026-02,exact_monthly,50325671,2,2,西石井四丁目 / 居相三丁目,33.8125,132.76874999999998
2026-02,exact_monthly,50325681,2,2,朝生田町六丁目 / 朝生田町二丁目,33.82083333333334,132.76874999999998
2026-02,exact_monthly,50326509,2,2,南江戸二丁目 / 南江戸三丁目,33.837500000000006,132.74375
2026-02,exact_monthly,50326613,2,2,石手四丁目 / 東野二丁目,33.84583333333333,132.79375
2026-02,exact_monthly,50326620,2,2,美沢一丁目 / 御幸二丁目,33.85416666666667,132.75625
2026-02,exact_monthly,50325598,1,1,高岡町,33.829166666666666,132.73125
2026-02,exact_monthly,50325599,1,1,空港通二丁目,33.829166666666666,132.74375
2026-02,exact_monthly,50325673,1,1,北久米町,33.8125,132.79375
2026-02,exact_monthly,50325675,1,1,鷹子町,33.8125,132.81875
2026-02,exact_monthly,50325680,1,1,保免上一丁目,33.82083333333334,132.75625
2026-02,exact_monthly,50325682,1,1,朝生田町一丁目,33.82083333333334,132.78125
2026-02,exact_monthly,50325690,1,1,小栗六丁目,33.829166666666666,132.75625
2026-02,exact_monthly,50325691,1,1,立花五丁目,33.829166666666666,132.76874999999998
2026-02,exact_monthly,50325693,1,1,桑原三丁目,33.829166666666666,132.79375
2026-02,exact_monthly,50326527,1,1,須賀町,33.85416666666667,132.71875
2026-02,exact_monthly,50326529,1,1,美沢二丁目,33.85416666666667,132.74375
2026-02,exact_monthly,50326537,1,1,三津二丁目,33.8625,132.71875
2026-02,exact_monthly,50326588,1,1,和気町二丁目,33.90416666666667,132.73125
2026-02,exact_monthly,50326602,1,1,新立町,33.837500000000006,132.78125
2026-02,exact_monthly,50326610,1,1,宮西二丁目,33.84583333333333,132.75625
2026-02,exact_monthly,50326640,1,1,鴨川二丁目,33.87083333333334,132.75625
2026-03,exact_monthly,50325579,5,5,余戸東一丁目 / 保免西三丁目 / 余戸南一丁目,33.8125,132.74375
2026-03,exact_monthly,50325671,3,3,古川北四丁目 / 居相四丁目 / 古川南一丁目,33.8125,132.76874999999998
2026-03,exact_monthly,50325673,3,3,来住町,33.8125,132.79375
2026-03,exact_monthly,50326537,3,3,住吉二丁目 / 会津町,33.8625,132.71875
2026-03,exact_monthly,50326610,3,3,宮西一丁目 / 宮西二丁目,33.84583333333333,132.75625
2026-03,exact_monthly,50326622,3,3,道後湯之町 / 道後湯月町,33.85416666666667,132.78125
2026-03,exact_monthly,50325598,2,2,空港通六丁目,33.829166666666666,132.73125
2026-03,exact_monthly,50325693,2,2,束本二丁目 / 束本一丁目,33.829166666666666,132.79375
2026-03,exact_monthly,50326527,2,2,清住一丁目 / 祓川一丁目,33.85416666666667,132.71875
2026-03,exact_monthly,50326603,2,2,樽味四丁目 / 正円寺一丁目,33.837500000000006,132.79375
2026-03,exact_monthly,50325578,1,1,余戸南一丁目,33.8125,132.73125
2026-03,exact_monthly,50325585,1,1,南吉田町,33.82083333333334,132.69375
2026-03,exact_monthly,50325670,1,1,古川西一丁目,33.8125,132.75625
2026-03,exact_monthly,50325672,1,1,越智三丁目,33.8125,132.78125
2026-03,exact_monthly,50325681,1,1,朝生田町五丁目,33.82083333333334,132.76874999999998
2026-03,exact_monthly,50325682,1,1,朝生田町一丁目,33.82083333333334,132.78125
2026-03,exact_monthly,50325691,1,1,祇園町,33.829166666666666,132.76874999999998
2026-03,exact_monthly,50326528,1,1,古三津五丁目,33.85416666666667,132.73125
2026-03,exact_monthly,50326613,1,1,石手四丁目,33.84583333333333,132.79375
2026-03,exact_monthly,50326621,1,1,道後樋又,33.85416666666667,132.76874999999998
2026-03,exact_monthly,50326630,1,1,山越六丁目,33.8625,132.75625
2026-03,exact_monthly,50327570,1,1,中島大浦,33.97916666666667,132.63125
2026-03,exact_monthly,50327651,1,1,柳原,33.962500000000006,132.76874999999998
2026-03,exact_monthly,50327661,1,1,土手内,33.97083333333333,132.76874999999998
2026-03,exact_monthly,50327662,1,1,中西外,33.97083333333333,132.78125
2026-03,exact_monthly,50327671,1,1,北条,33.97916666666667,132.76874999999998
2026-04,exact_monthly,50325579,3,3,保免中二丁目 / 市坪西町 / 保免中三丁目,33.8125,132.74375
2026-04,exact_monthly,50326610,2,2,宮西一丁目,33.84583333333333,132.75625
2026-04,exact_monthly,50326622,2,2,道後喜多町 / 道後湯之町,33.85416666666667,132.78125
2026-04,exact_monthly,50325589,1,1,土居田町,33.82083333333334,132.74375
2026-04,exact_monthly,50325672,1,1,東石井六丁目,33.8125,132.78125
2026-04,exact_monthly,50325681,1,1,朝生田町五丁目,33.82083333333334,132.76874999999998
2026-04,exact_monthly,50326537,1,1,三津一丁目,33.8625,132.71875
2026-04,exact_monthly,50326613,1,1,石手二丁目,33.84583333333333,132.79375
2026-04,exact_monthly,50326623,1,1,道後湯之町,33.85416666666667,132.79375
2026-04,exact_monthly,50327631,1,1,河野中須賀,33.94583333333334,132.76874999999998
2026-05,exact_monthly,50325671,1,1,居相四丁目,33.8125,132.76874999999998
2026-05,exact_monthly,50325680,1,1,保免上一丁目,33.82083333333334,132.75625
2026-05,exact_monthly,50325681,1,1,朝生田町五丁目,33.82083333333334,132.76874999999998
2026-05,exact_monthly,50325682,1,1,朝生田町一丁目,33.82083333333334,132.78125
2026-05,exact_monthly,50325693,1,1,桑原七丁目,33.829166666666666,132.79375
2026-05,exact_monthly,50326588,1,1,和気町二丁目,33.90416666666667,132.73125
2026-05,exact_monthly,50326622,1,1,道後湯之町,33.85416666666667,132.78125
2026-06,exact_monthly,50325692,2,2,中村三丁目 / 中村四丁目,33.829166666666666,132.78125
2026-06,exact_monthly,50325579,1,1,市坪西町,33.8125,132.74375
2026-06,exact_monthly,50325596,1,1,北吉田町,33.829166666666666,132.70624999999998
2026-06,exact_monthly,50325598,1,1,空港通三丁目,33.829166666666666,132.73125
2026-06,exact_monthly,50325599,1,1,土居田町,33.829166666666666,132.74375
2026-06,exact_monthly,50325674,1,1,鷹子町,33.8125,132.80625
2026-06,exact_monthly,50325681,1,1,朝生田町四丁目,33.82083333333334,132.76874999999998
2026-06,exact_monthly,50325690,1,1,小栗三丁目,33.829166666666666,132.75625
2026-06,exact_monthly,50326602,1,1,新立町,33.837500000000006,132.78125
2026-06,exact_monthly,50326623,1,1,道後湯之町,33.85416666666667,132.79375
2026-06,exact_monthly,50327661,1,1,土手内,33.97083333333333,132.76874999999998
2026-07,exact_monthly,50325597,3,2,南吉田町 / 高岡町,33.829166666666666,132.71875
2026-07,exact_monthly,50326622,3,3,道後湯之町,33.85416666666667,132.78125
2026-07,exact_monthly,50325670,2,1,古川北一丁目,33.8125,132.75625
2026-07,exact_monthly,50326602,2,2,日の出町 / 束本一丁目,33.837500000000006,132.78125
2026-07,exact_monthly,50325579,1,1,余戸南一丁目,33.8125,132.74375
2026-07,exact_monthly,50325599,1,1,空港通一丁目,33.829166666666666,132.74375
2026-07,exact_monthly,50325671,1,1,古川北二丁目,33.8125,132.76874999999998
2026-07,exact_monthly,50325672,1,1,東石井六丁目,33.8125,132.78125
2026-07,exact_monthly,50325681,1,1,朝生田町六丁目,33.82083333333334,132.76874999999998
2026-07,exact_monthly,50325693,1,1,束本二丁目,33.829166666666666,132.79375
2026-07,exact_monthly,50326537,1,1,三津二丁目,33.8625,132.71875
2026-07,exact_monthly,50326569,1,1,馬木町,33.8875,132.74375
2026-07,exact_monthly,50326603,1,1,桑原二丁目,33.837500000000006,132.79375
2026-07,exact_monthly,50326613,1,1,石手四丁目,33.84583333333333,132.79375
2026-07,exact_monthly,50326640,1,1,東長戸四丁目,33.87083333333334,132.75625
2026-07,exact_monthly,50327621,1,1,久保,33.9375,132.76874999999998
