mesh_1km,trajectory_class,trajectory_score,active_months,longest_active_streak,retrospective_active_months,exact_active_months,rank1_months,top3_months,total_strict_events,first_active_month,last_active_month,peak_month,peak_count,peak_locality_label,mesh_center_lat,mesh_center_lon
50326622,persistent_city_core,293.5,50,13,31,19,17,34,180,2021-06,2026-07,2024-09,15,道後湯之町 / 道後鷺谷町 / 道後多幸町,33.85416666666667,132.78125
50326537,persistent_city_core,203.5,47,16,32,15,12,20,103,2021-06,2026-07,2023-11,5,三津二丁目 / 須賀町 / 住吉一丁目,33.8625,132.71875
50325681,persistent_city_core,126.5,41,6,23,18,4,12,69,2021-06,2026-07,2022-11,6,朝生田町五丁目 / 立花三丁目 / 和泉南一丁目,33.82083333333334,132.76874999999998
50325692,persistent_city_core,114.0,35,7,24,11,3,11,65,2021-06,2026-06,2022-12,5,枝松五丁目 / 小坂四丁目 / 小坂五丁目,33.829166666666666,132.78125
50326602,persistent_city_core,101.5,39,5,28,11,2,7,62,2021-06,2026-07,2021-08,4,此花町 / 小坂二丁目 / 紅葉町,33.837500000000006,132.78125
50325670,persistent_city_core,100.5,32,6,22,10,2,12,51,2021-06,2026-07,2024-09,4,古川北二丁目 / 古川西一丁目 / 古川北一丁目,33.8125,132.75625
50325671,persistent_city_core,99.0,34,5,23,11,3,9,53,2021-06,2026-07,2024-12,4,西石井六丁目 / 西石井一丁目 / 古川北三丁目,33.8125,132.76874999999998
50325682,persistent_city_core,87.5,31,4,18,13,2,6,51,2021-06,2026-05,2021-06,7,天山一丁目,33.82083333333334,132.78125
50325693,recurring_cluster,76.5,28,6,15,13,3,3,41,2021-06,2026-07,2024-03,4,桑原四丁目 / 束本一丁目 / 畑寺三丁目,33.829166666666666,132.79375
50326630,recurring_cluster,69.5,29,7,18,11,0,3,42,2021-06,2026-03,2024-05,3,姫原一丁目 / 姫原二丁目 / 山越二丁目,33.8625,132.75625
50325672,episodic_cluster,65.5,25,4,14,11,1,5,35,2021-09,2026-07,2024-09,4,東石井四丁目 / 東石井三丁目 / 東石井六丁目,33.8125,132.78125
50325579,episodic_cluster,65.0,19,2,12,7,3,7,30,2021-06,2026-07,2026-03,5,余戸東一丁目 / 保免西三丁目 / 余戸南一丁目,33.8125,132.74375
50326612,recurring_cluster,62.5,23,5,19,4,1,4,36,2021-08,2026-02,2022-05,3,道後一万 / 岩崎町二丁目 / 持田町一丁目,33.84583333333333,132.78125
50325599,episodic_cluster,62.5,21,2,11,10,1,8,31,2021-06,2026-07,2024-03,4,空港通一丁目 / 空港通二丁目 / 竹原四丁目,33.829166666666666,132.74375
50325680,episodic_cluster,60.5,25,4,14,11,0,5,33,2021-07,2026-05,2024-02,3,土居田町 / 和泉北一丁目 / 和泉南三丁目,33.82083333333334,132.75625
50325690,episodic_cluster,60.0,24,4,16,8,1,3,34,2021-06,2026-06,2024-05,4,竹原二丁目 / 藤原一丁目 / 藤原二丁目,33.829166666666666,132.75625
50326620,recurring_cluster,59.5,27,9,21,6,0,0,34,2021-07,2026-02,2021-12,2,六軒家町 / 中央一丁目,33.85416666666667,132.75625
50326610,episodic_cluster,59.0,27,4,17,10,0,2,38,2021-06,2026-04,2026-03,3,宮西一丁目 / 宮西二丁目,33.84583333333333,132.75625
50325691,persistent_city_core,58.5,30,5,18,12,0,0,36,2021-06,2026-03,2024-09,3,室町二丁目 / 立花六丁目 / 立花四丁目,33.829166666666666,132.76874999999998
50326603,recurring_cluster,58.5,23,5,16,7,1,2,32,2021-09,2026-07,2024-03,5,樽味四丁目 / 正円寺一丁目 / 桑原二丁目,33.837500000000006,132.79375
50326613,episodic_cluster,57.0,28,3,19,9,0,2,35,2021-06,2026-07,2022-03,3,石手二丁目 / 東野二丁目,33.84583333333333,132.79375
50325598,episodic_cluster,56.0,28,4,19,9,0,2,32,2021-06,2026-06,2021-06,2,空港通七丁目 / 空港通六丁目,33.829166666666666,132.73125
50326640,episodic_cluster,53.0,21,3,14,7,1,2,33,2021-06,2026-07,2022-09,4,鴨川一丁目 / 東長戸四丁目 / 吉藤二丁目,33.87083333333334,132.75625
50325597,episodic_cluster,48.5,14,4,6,8,2,4,23,2021-12,2026-07,2021-12,3,高岡町 / 南吉田町,33.829166666666666,132.71875
50326527,episodic_cluster,44.0,18,2,11,7,0,3,28,2021-06,2026-03,2022-11,3,須賀町 / 古三津六丁目,33.85416666666667,132.71875
50325673,episodic_cluster,43.0,19,3,11,8,0,2,25,2021-06,2026-03,2021-12,3,来住町 / 北久米町,33.8125,132.79375
50326509,episodic_cluster,33.5,15,2,9,6,0,1,21,2021-06,2026-02,2022-06,3,南江戸二丁目 / 南江戸四丁目 / 南江戸三丁目,33.837500000000006,132.74375
50325663,episodic_cluster,32.5,14,2,10,4,1,1,17,2022-01,2025-09,2022-08,2,来住町 / 今在家二丁目,33.80416666666666,132.79375
50325674,episodic_cluster,30.5,14,3,10,4,0,1,16,2021-06,2026-06,2022-11,2,鷹子町,33.8125,132.80625
50325578,episodic_cluster,30.0,16,2,10,6,0,1,16,2021-06,2026-03,2021-06,1,余戸中六丁目,33.8125,132.73125
50325589,episodic_cluster,28.0,12,2,7,5,0,2,14,2021-07,2026-04,2024-03,2,土居田町,33.82083333333334,132.74375
50326538,episodic_cluster,27.0,12,2,6,6,0,1,16,2021-08,2025-08,2023-01,2,古三津三丁目 / 会津町,33.8625,132.73125
50326519,episodic_cluster,26.0,12,3,10,2,0,0,15,2021-08,2025-05,2022-06,2,南江戸五丁目 / 辻町,33.84583333333333,132.74375
50326536,episodic_cluster,25.5,9,2,7,2,1,1,11,2021-06,2025-01,2024-08,3,三津三丁目,33.8625,132.70624999999998
50325675,episodic_cluster,25.0,13,2,9,4,0,0,14,2021-08,2026-02,2021-12,2,鷹子町,33.8125,132.81875
50326623,episodic_cluster,25.0,13,3,4,9,0,0,13,2022-05,2026-06,2022-05,1,道後湯月町,33.85416666666667,132.79375
50326621,episodic_cluster,23.5,12,2,8,4,0,0,13,2022-03,2026-03,2022-12,2,道後樋又 / 御幸一丁目,33.85416666666667,132.76874999999998
50325588,episodic_cluster,23.0,8,2,8,0,0,2,10,2021-09,2024-06,2024-06,3,余戸中四丁目 / 余戸中六丁目,33.82083333333334,132.73125
50326529,episodic_cluster,22.5,10,1,5,5,0,1,14,2021-09,2026-02,2021-09,2,六軒家町 / 衣山一丁目,33.85416666666667,132.74375
50325596,episodic_cluster,21.5,8,2,6,2,0,2,9,2021-11,2026-06,2023-09,2,南吉田町,33.829166666666666,132.70624999999998
50325661,episodic_cluster,20.0,7,2,5,2,0,2,8,2021-08,2026-01,2021-08,2,北井門五丁目 / 古川南三丁目,33.80416666666666,132.76874999999998
50326547,episodic_cluster,19.5,9,1,6,3,0,1,10,2021-06,2025-07,2024-08,2,春美町 / 中須賀二丁目,33.87083333333334,132.71875
50326579,episodic_cluster,19.0,10,2,7,3,0,0,10,2021-09,2025-04,2021-09,1,和気町一丁目,33.89583333333333,132.74375
50327631,episodic_cluster,19.0,10,1,6,4,0,0,11,2021-06,2026-04,2022-05,2,河野中須賀,33.94583333333334,132.76874999999998
50326528,episodic_cluster,17.5,9,2,3,6,0,0,9,2023-02,2026-03,2023-02,1,古三津三丁目,33.85416666666667,132.73125
50325577,episodic_cluster,17.0,4,1,4,0,1,2,5,2022-01,2024-07,2022-01,2,余戸南六丁目 / 余戸西四丁目,33.8125,132.71875
50326548,episodic_cluster,14.5,7,2,6,1,0,0,7,2023-02,2025-03,2023-02,1,桜ケ丘,33.87083333333334,132.73125
50326650,episodic_cluster,13.0,7,1,7,0,0,0,7,2021-06,2024-03,2021-06,1,吉藤四丁目,33.87916666666666,132.75625
50327560,episodic_cluster,13.0,6,1,5,1,0,0,7,2021-09,2025-11,2023-07,2,中島大浦,33.97083333333333,132.63125
50327652,emerging_exact_period_cluster,13.0,6,2,1,5,0,0,6,2022-02,2025-09,2022-02,1,中西外,33.962500000000006,132.78125
50325587,episodic_cluster,11.5,5,2,4,1,0,0,5,2022-09,2025-08,2022-09,1,南吉田町,33.82083333333334,132.71875
50326600,episodic_cluster,11.5,5,1,4,1,0,0,6,2022-03,2025-07,2024-02,2,竹原二丁目,33.837500000000006,132.75625
50325568,episodic_cluster,10.0,5,1,2,3,0,0,5,2022-10,2025-06,2022-10,1,余戸南四丁目,33.80416666666666,132.73125
50325664,episodic_cluster,10.0,5,1,5,0,0,0,5,2022-02,2024-08,2022-02,1,来住町,33.80416666666666,132.80625
50326578,episodic_cluster,10.0,5,1,3,2,0,0,5,2021-09,2025-10,2021-09,1,和気町一丁目,33.89583333333333,132.73125
50326588,episodic_cluster,10.0,4,1,1,3,0,0,5,2024-03,2026-05,2024-03,2,和気町二丁目 / 勝岡町,33.90416666666667,132.73125
50325662,episodic_cluster,8.5,4,1,2,2,0,0,4,2022-08,2025-06,2022-08,1,北井門二丁目,33.80416666666666,132.78125
50327642,episodic_cluster,8.5,4,1,2,2,0,0,4,2021-09,2025-10,2021-09,1,府中,33.954166666666666,132.78125
50327651,episodic_cluster,8.5,4,1,1,3,0,0,4,2024-02,2026-03,2024-02,1,柳原,33.962500000000006,132.76874999999998
50327661,episodic_cluster,8.5,4,1,2,2,0,0,4,2023-01,2026-06,2023-01,1,土手内,33.97083333333333,132.76874999999998
50325694,episodic_cluster,8.5,3,1,2,1,0,0,4,2023-03,2024-11,2023-03,2,畑寺四丁目,33.829166666666666,132.80625
50326614,episodic_cluster,8.5,3,1,2,1,0,0,4,2022-07,2025-02,2024-02,2,石手一丁目,33.84583333333333,132.80625
50327641,episodic_cluster,8.5,3,2,1,2,0,0,3,2024-08,2024-11,2024-08,1,府中,33.954166666666666,132.76874999999998
50327672,episodic_cluster,8.5,3,1,3,0,0,0,4,2022-06,2024-02,2023-03,2,北条,33.97916666666667,132.78125
50325652,episodic_cluster,7.0,3,1,2,1,0,0,3,2021-11,2025-08,2021-11,1,井門町,33.795833333333334,132.78125
50327662,episodic_cluster,7.0,3,1,2,1,0,0,3,2021-12,2026-03,2021-12,1,中西内,33.97083333333333,132.78125
50325660,episodic_cluster,7.0,2,1,2,0,0,0,3,2022-05,2022-12,2022-12,2,古川南一丁目 / 古川西三丁目,33.80416666666666,132.75625
50326556,episodic_cluster,7.0,2,1,2,0,0,0,3,2021-06,2023-12,2021-06,2,梅津寺町,33.87916666666666,132.70624999999998
50326587,episodic_cluster,7.0,2,1,2,0,0,0,3,2022-05,2024-06,2024-06,2,勝岡町,33.90416666666667,132.71875
50325585,episodic_cluster,5.5,2,1,0,2,0,0,2,2025-04,2026-03,2025-04,1,南吉田町,33.82083333333334,132.69375
50325653,episodic_cluster,5.5,2,1,2,0,0,0,2,2021-06,2023-06,2021-06,1,土居町,33.795833333333334,132.79375
50325683,episodic_cluster,5.5,2,1,2,0,0,0,2,2023-06,2023-12,2023-06,1,星岡一丁目,33.82083333333334,132.79375
50326506,episodic_cluster,5.5,2,1,2,0,0,0,2,2023-06,2024-05,2023-06,1,北吉田町,33.837500000000006,132.70624999999998
50326549,episodic_cluster,5.5,2,1,1,1,0,0,2,2023-07,2025-03,2023-07,1,東長戸三丁目,33.87083333333334,132.74375
50326566,episodic_cluster,5.5,2,1,1,1,0,0,2,2023-11,2024-12,2023-11,1,高浜町二丁目,33.8875,132.70624999999998
50326569,episodic_cluster,5.5,2,1,1,1,0,0,2,2022-02,2026-07,2022-02,1,和気町一丁目,33.8875,132.74375
50327540,episodic_cluster,5.5,2,1,1,1,0,0,2,2023-09,2025-09,2023-09,1,長師,33.954166666666666,132.63125
50327570,episodic_cluster,5.5,2,1,0,2,0,0,2,2024-11,2026-03,2024-11,1,中島大浦,33.97916666666667,132.63125
50327621,episodic_cluster,5.5,2,1,1,1,0,0,2,2024-02,2026-07,2024-02,1,鹿峰,33.9375,132.76874999999998
50327671,episodic_cluster,5.5,2,1,0,2,0,0,2,2025-06,2026-03,2025-06,1,北条,33.97916666666667,132.76874999999998
50327691,episodic_cluster,5.5,2,1,2,0,0,0,2,2022-04,2023-03,2022-04,1,大浦,33.99583333333334,132.76874999999998
50325651,episodic_cluster,4.0,1,1,0,1,0,0,1,2024-12,2024-12,2024-12,1,井門町,33.795833333333334,132.76874999999998
50325684,episodic_cluster,4.0,1,1,1,0,0,0,1,2021-06,2021-06,2021-06,1,鷹子町,33.82083333333334,132.80625
50326515,episodic_cluster,4.0,1,1,1,0,0,0,1,2024-08,2024-08,2024-08,1,大可賀三丁目,33.84583333333333,132.69375
50326546,episodic_cluster,4.0,1,1,0,1,0,0,1,2025-09,2025-09,2025-09,1,三津一丁目,33.87083333333334,132.70624999999998
50326589,episodic_cluster,4.0,1,1,1,0,0,0,1,2023-03,2023-03,2023-03,1,和気町二丁目,33.90416666666667,132.74375
50326604,episodic_cluster,4.0,1,1,1,0,0,0,1,2023-12,2023-12,2023-12,1,東野四丁目,33.837500000000006,132.80625
50326632,episodic_cluster,4.0,1,1,1,0,0,0,1,2023-01,2023-01,2023-01,1,祝谷四丁目,33.8625,132.78125
50326660,episodic_cluster,4.0,1,1,1,0,0,0,1,2024-08,2024-08,2024-08,1,平田町,33.8875,132.75625
50327438,episodic_cluster,4.0,1,1,1,0,0,0,1,2024-05,2024-05,2024-05,1,神浦,33.94583333333334,132.60625
50327448,episodic_cluster,4.0,1,1,0,1,0,0,1,2025-07,2025-07,2025-07,1,神浦,33.954166666666666,132.60625
50327470,episodic_cluster,4.0,1,1,1,0,0,0,1,2022-03,2022-03,2022-03,1,津和地,33.97916666666667,132.50625
50327471,episodic_cluster,4.0,1,1,1,0,0,0,1,2021-09,2021-09,2021-09,1,津和地,33.97916666666667,132.51874999999998
50327550,episodic_cluster,4.0,1,1,0,1,0,0,1,2025-02,2025-02,2025-02,1,長師,33.962500000000006,132.63125
50327663,episodic_cluster,4.0,1,1,0,1,0,0,1,2024-09,2024-09,2024-09,1,中西内,33.97083333333333,132.79375
51320602,episodic_cluster,4.0,1,1,1,0,0,0,1,2023-02,2023-02,2023-02,1,大浦,34.00416666666666,132.78125
