month,evidence_tier,total_events,display_events_town_or_better,strict_events,strict_share_total,spatial_reliability,active_meshes_1km,top_mesh,top_mesh_count,top_mesh_share,top_mesh_locality,top_mesh_center_lat,top_mesh_center_lon,hhi_1km,normalized_entropy_1km,centroid_lat,centroid_lon,dispersion_mean_km,dispersion_p75_km,active_mesh_jaccard_prev,mesh_churn_prev,top5_jaccard_prev,top5_turnover_prev,new_active_meshes,lost_active_meshes,dominant_mesh_changed,top_mesh_growth_vs_prev,surge_mesh,surge_mesh_count,max_mesh_delta_vs_prev,surge_mesh_locality,surge_mesh_center_lat,surge_mesh_center_lon,centroid_move_km,hhi_change,entropy_change,dispersion_change_km,persistent_emergence_count,surge_location_count,strongest_location_score,abs_hhi_change,abs_entropy_change,positive_mesh_delta,total_events_pct,centroid_move_km_pct,mesh_churn_prev_pct,abs_hhi_change_pct,positive_mesh_delta_pct,strongest_location_score_pct,top_mesh_share_pct,volume_component,movement_component,churn_component,structure_component,hotspot_component,visual_interest_score,evidence_confidence_score,source_boundary_flag,editorial_priority_score,primary_scene_type,camera_mesh,camera_locality,camera_lat,camera_lon,scene_rank
2024-09,exact_monthly,139,131,53,0.381294964028777,1.0,25,50326622,15,0.2830188679245283,道後湯之町 / 道後鷺谷町 / 道後多幸町,33.85416666666667,132.78125,0.11000355998576006,0.8561190253227364,33.844550235547175,132.76682553637735,3.1158213911094124,3.6663399914727552,0.2857142857142857,0.7142857142857143,0.0,1.0,15,10,True,14,50326622,15,14,道後湯之町 / 道後鷺谷町 / 道後多幸町,33.85416666666667,132.78125,1.465742184572631,0.05080355998576007,-0.11883025591883445,-0.898618055513221,1,3,57.0,0.05080355998576007,0.11883025591883445,14,0.8695652173913043,0.6956521739130435,0.21739130434782608,0.6521739130434783,0.9782608695652174,0.9565217391304348,0.9130434782608695,0.8695652173913043,0.6956521739130435,0.21739130434782608,0.9130434782608695,0.9782608695652174,78.15217391304347,100.0,False,100.0,evidence_transition,,,33.844550235547175,132.76682553637735,1
2026-02,exact_monthly,158,155,48,0.3037974683544304,1.0,25,50326622,14,0.2916666666666667,道後湯之町 / 道後緑台 / 祝谷町一丁目,33.85416666666667,132.78125,0.11024305555555557,0.867030223300878,33.843582786187504,132.76711717129163,2.6713987216036905,3.024638137847874,0.07407407407407407,0.9259259259259259,0.0,1.0,23,2,True,14,50326622,14,14,道後湯之町 / 道後緑台 / 祝谷町一丁目,33.85416666666667,132.78125,2.7053462341085215,-0.16975694444444445,-0.09393382414280327,-0.4820326798713821,0,1,59.0,0.16975694444444445,0.09393382414280327,14,0.9565217391304348,0.9565217391304348,0.8695652173913043,0.9565217391304348,0.9782608695652174,1.0,0.9565217391304348,0.9565217391304348,0.9565217391304348,0.8695652173913043,0.9565217391304348,1.0,95.43478260869566,100.0,False,96.34782608695653,hotspot_emergence_or_surge,50326622,道後湯之町 / 道後緑台 / 祝谷町一丁目,33.85416666666667,132.78125,2
2025-05,exact_monthly,165,163,40,0.24242424242424243,1.0,26,50326622,5,0.125,道後湯之町 / 道後緑台 / 道後鷺谷町,33.85416666666667,132.78125,0.052500000000000005,0.9560685760045258,33.845378107875,132.75086641069998,3.069138738926495,3.564903268759732,0.15151515151515152,0.8484848484848485,0.1111111111111111,0.8888888888888888,21,7,True,3,50326622,5,3,道後湯之町 / 道後緑台 / 道後鷺谷町,33.85416666666667,132.78125,1.559771997897352,-0.04083333333333333,-0.022153816810759563,-0.3979671200108168,1,1,24.5,0.04083333333333333,0.022153816810759563,3,1.0,0.782608695652174,0.717391304347826,0.5217391304347826,0.5869565217391305,0.6956521739130435,0.2608695652173913,1.0,0.782608695652174,0.717391304347826,0.5217391304347826,0.6956521739130435,75.32608695652173,100.0,False,80.26086956521739,volume_spike,,,33.845378107875,132.75086641069998,3
2024-02,retrospective_partial,124,119,48,0.3870967741935484,1.0,28,50326622,6,0.125,道後喜多町 / 道後北代 / 道後多幸町,33.85416666666667,132.78125,0.05295138888888889,0.9427779523458872,33.843573644624996,132.76155647591665,3.5962515799897887,4.0653998024551825,0.16666666666666666,0.8333333333333334,0.42857142857142855,0.5714285714285714,23,2,False,4,50326622,6,4,道後喜多町 / 道後北代 / 道後多幸町,33.85416666666667,132.78125,1.1736762746980918,-0.1032986111111111,-0.03679181220117378,1.3877094008898023,1,2,28.0,0.1032986111111111,0.03679181220117378,4,0.7948717948717948,0.47368421052631576,0.6578947368421053,1.0,0.8333333333333334,0.9230769230769231,0.358974358974359,0.7948717948717948,0.47368421052631576,0.6578947368421053,1.0,0.9230769230769231,79.92240215924427,65.0,False,76.93792172739542,concentration_change,50326622,道後喜多町 / 道後北代 / 道後多幸町,33.85416666666667,132.78125,4
2023-11,retrospective_partial,133,129,39,0.2932330827067669,1.0,23,50326622,8,0.20512820512820512,道後湯之町 / 道後多幸町 / 道後湯月町,33.85416666666667,132.78125,0.08349769888231424,0.905606733802975,33.84637557576923,132.7596805418205,3.567781270273721,4.127820719922726,0.25925925925925924,0.7407407407407407,0.25,0.75,16,4,True,8,50326622,8,8,道後湯之町 / 道後多幸町 / 道後湯月町,33.85416666666667,132.78125,1.674426777314374,-0.02874719907686943,-0.055494199571465064,0.9731634854137687,0,2,36.0,0.02874719907686943,0.055494199571465064,8,0.9230769230769231,0.6842105263157895,0.3026315789473684,0.42105263157894735,1.0,1.0,0.8205128205128205,0.9230769230769231,0.6842105263157895,0.3026315789473684,0.8205128205128205,1.0,79.28981106612686,65.0,False,76.43184885290148,hotspot_emergence_or_surge,50326622,道後湯之町 / 道後多幸町 / 道後湯月町,33.85416666666667,132.78125,5
2024-12,exact_monthly,123,116,38,0.3089430894308943,1.0,22,50326622,8,0.21052631578947367,道後湯之町 / 祝谷町一丁目 / 道後鷺谷町,33.85416666666667,132.78125,0.08448753462603872,0.9082551772982815,33.843048548421045,132.76605997873685,2.9383954016127305,3.4913149080941106,0.21951219512195122,0.7804878048780488,0.25,0.75,13,19,True,8,50326622,8,8,道後湯之町 / 祝谷町一丁目 / 道後鷺谷町,33.85416666666667,132.78125,1.11186400962008,0.03823753462603871,-0.05572268473061681,-1.5548978234100188,0,1,38.0,0.03823753462603871,0.05572268473061681,8,0.6739130434782609,0.5652173913043478,0.43478260869565216,0.4782608695652174,0.9130434782608695,0.9130434782608695,0.7391304347826086,0.6739130434782609,0.5652173913043478,0.43478260869565216,0.7391304347826086,0.9130434782608695,69.45652173913044,100.0,False,75.56521739130434,hotspot_emergence_or_surge,50326622,道後湯之町 / 祝谷町一丁目 / 道後鷺谷町,33.85416666666667,132.78125,6
2025-08,exact_monthly,126,116,35,0.2777777777777778,1.0,23,50326537,5,0.14285714285714285,祓川二丁目 / 三津一丁目 / 三津二丁目,33.8625,132.71875,0.06122448979591839,0.9499813994583776,33.84754597485714,132.7566645970286,3.944453660115142,4.511982999297922,0.2,0.8,0.1111111111111111,0.8888888888888888,17,7,True,5,50326537,5,5,祓川二丁目 / 三津一丁目 / 三津二丁目,33.8625,132.71875,1.2659486368484754,-0.02321995464852606,-0.033745996801035294,-0.33522752449100457,1,1,35.5,0.02321995464852606,0.033745996801035294,5,0.782608695652174,0.6521739130434783,0.6086956521739131,0.34782608695652173,0.8478260869565217,0.8695652173913043,0.45652173913043476,0.782608695652174,0.6521739130434783,0.6086956521739131,0.45652173913043476,0.8695652173913043,69.34782608695652,100.0,False,75.47826086956522,hotspot_emergence_or_surge,50326537,祓川二丁目 / 三津一丁目 / 三津二丁目,33.8625,132.71875,7
2026-03,exact_monthly,152,148,44,0.2894736842105263,1.0,26,50325579,5,0.11363636363636363,余戸東一丁目 / 保免西三丁目 / 余戸南一丁目,33.8125,132.74375,0.05268595041322313,0.9517045456364854,33.848038464886365,132.75642961086362,4.75089231128255,4.508469373527138,0.34210526315789475,0.6578947368421053,0.1111111111111111,0.8888888888888888,13,12,True,5,50325579,5,5,余戸東一丁目 / 保免西三丁目 / 余戸南一丁目,33.8125,132.74375,1.1043875202773086,-0.057557105142332435,0.08467432233560745,2.0794935896788598,1,1,33.5,0.057557105142332435,0.08467432233560745,5,0.9130434782608695,0.5217391304347826,0.08695652173913043,0.7391304347826086,0.8478260869565217,0.8260869565217391,0.17391304347826086,0.9130434782608695,0.5217391304347826,0.08695652173913043,0.7391304347826086,0.8478260869565217,67.93478260869566,100.0,False,74.34782608695653,volume_spike,,,33.848038464886365,132.75642961086362,8
2025-02,exact_monthly,124,119,34,0.27419354838709675,1.0,21,50326622,6,0.17647058823529413,道後湯之町 / 道後喜多町 / 道後湯月町,33.85416666666667,132.78125,0.07093425605536333,0.9422138203929157,33.84146476273529,132.76282697594118,3.5126418106812145,4.110972055994003,0.20833333333333334,0.7916666666666666,0.1111111111111111,0.8888888888888888,16,3,False,4,50326622,6,4,道後湯之町 / 道後喜多町 / 道後湯月町,33.85416666666667,132.78125,0.33064258331920604,-0.06486821308043914,-0.04035377268044793,0.4979413414850171,0,1,28.0,0.06486821308043914,0.04035377268044793,4,0.7391304347826086,0.13043478260869565,0.5217391304347826,0.8695652173913043,0.7391304347826086,0.782608695652174,0.6086956521739131,0.7391304347826086,0.13043478260869565,0.5217391304347826,0.8695652173913043,0.782608695652174,65.21739130434783,100.0,False,72.17391304347827,concentration_change,50326622,道後湯之町 / 道後喜多町 / 道後湯月町,33.85416666666667,132.78125,9
2021-08,retrospective_partial,106,99,31,0.29245283018867924,1.0,19,50326602,4,0.12903225806451613,此花町 / 小坂二丁目 / 紅葉町,33.837500000000006,132.78125,0.07180020811654526,0.9479020725859495,33.834271420129035,132.76910464135483,2.4807810086290556,3.184207125103163,0.16666666666666666,0.8333333333333334,0.1111111111111111,0.8888888888888888,15,5,True,3,50326622,4,4,道後湯之町 / 道後喜多町,33.85416666666667,132.78125,2.685341603467752,-0.06869565965204978,-0.007063460372483066,-0.3907078253412486,0,2,22.0,0.06869565965204978,0.007063460372483066,4,0.5512820512820513,0.9210526315789473,0.6578947368421053,0.7631578947368421,0.8333333333333334,0.717948717948718,0.3974358974358974,0.5512820512820513,0.9210526315789473,0.6578947368421053,0.7631578947368421,0.8333333333333334,73.56275303643726,65.0,False,71.85020242914982,centroid_shift,,,33.834271420129035,132.76910464135483,10
2025-11,exact_monthly,87,86,24,0.27586206896551724,1.0,15,50326622,6,0.25,道後湯之町 / 道後鷺谷町 / 道後喜多町,33.85416666666667,132.78125,0.10763888888888885,0.9228281299353804,33.84611593508333,132.76537235170835,3.1595847930224132,2.8918004646102085,0.2631578947368421,0.736842105263158,0.1111111111111111,0.8888888888888888,10,4,True,4,50326622,6,4,道後湯之町 / 道後鷺谷町 / 道後喜多町,33.85416666666667,132.78125,1.47313623064467,-0.01632805325987148,-0.053786538737332745,-1.1520172084204385,0,1,26.0,0.01632805325987148,0.053786538737332745,4,0.4782608695652174,0.7391304347826086,0.30434782608695654,0.17391304347826086,0.7391304347826086,0.7391304347826086,0.8695652173913043,0.4782608695652174,0.7391304347826086,0.30434782608695654,0.8695652173913043,0.7391304347826086,63.47826086956522,100.0,False,70.78260869565219,concentration_change,50326622,道後湯之町 / 道後鷺谷町 / 道後喜多町,33.85416666666667,132.78125,11
2024-05,retrospective_partial,119,116,33,0.2773109243697479,1.0,22,50325690,4,0.12121212121212122,竹原二丁目 / 藤原一丁目 / 藤原二丁目,33.829166666666666,132.75625,0.05785123966942148,0.962958148138285,33.84442893827273,132.75523527990907,3.0892253999627752,3.4671747511666204,0.14814814814814814,0.8518518518518519,0.1111111111111111,0.8888888888888888,18,5,True,4,50325690,4,4,竹原二丁目 / 藤原一丁目 / 藤原二丁目,33.829166666666666,132.75625,0.5759286408143223,-0.07824343488679156,0.008050119720574345,0.4175569207626397,0,1,20.0,0.07824343488679156,0.008050119720574345,4,0.7307692307692307,0.23684210526315788,0.7368421052631579,0.868421052631579,0.8333333333333334,0.6410256410256411,0.3076923076923077,0.7307692307692307,0.23684210526315788,0.7368421052631579,0.868421052631579,0.8333333333333334,71.07624831309042,65.0,False,69.86099865047234,concentration_change,50325690,竹原二丁目 / 藤原一丁目 / 藤原二丁目,33.829166666666666,132.75625,12
2024-11,exact_monthly,123,121,40,0.3252032520325203,1.0,28,50325599,4,0.1,空港通二丁目 / 竹原三丁目,33.829166666666666,132.74375,0.04625000000000001,0.9639778620288983,33.846094761625,132.754593000025,4.493293225022749,4.378623324171952,0.15151515151515152,0.8484848484848485,0.1111111111111111,0.8888888888888888,23,5,True,3,50325690,3,3,藤原二丁目,33.829166666666666,132.75625,0.380057731923914,-0.06118801652892561,-0.022682096644966454,0.9966617682480274,0,1,16.5,0.06118801652892561,0.022682096644966454,3,0.6739130434782609,0.21739130434782608,0.717391304347826,0.8260869565217391,0.5869565217391305,0.5652173913043478,0.13043478260869565,0.6739130434782609,0.21739130434782608,0.717391304347826,0.8260869565217391,0.5869565217391305,62.06521739130435,100.0,False,69.65217391304348,concentration_change,50325690,藤原二丁目,33.829166666666666,132.75625,13
2025-12,exact_monthly,131,127,26,0.1984732824427481,1.0,17,50325681,4,0.15384615384615385,朝生田町一丁目 / 朝生田町六丁目,33.82083333333334,132.76874999999998,0.07988165680473373,0.9475659669430425,33.83170432934615,132.7706226221923,2.3168199663910274,2.6175706622939994,0.28,0.72,0.25,0.75,10,8,True,2,50325682,3,3,天山三丁目 / 東石井五丁目 / 天山二丁目,33.82083333333334,132.78125,1.674259359613445,-0.02775723208415512,0.024737837007662078,-0.8427648266313859,0,0,15.0,0.02775723208415512,0.024737837007662078,3,0.8260869565217391,0.8260869565217391,0.2608695652173913,0.391304347826087,0.5869565217391305,0.5217391304347826,0.5217391304347826,0.8260869565217391,0.8260869565217391,0.2608695652173913,0.5217391304347826,0.5869565217391305,62.06521739130435,100.0,False,69.65217391304348,volume_spike,,,33.83170432934615,132.7706226221923,14
2022-08,retrospective_partial,99,95,26,0.26262626262626265,1.0,19,50326537,4,0.15384615384615385,祓川一丁目 / 住吉二丁目 / 住吉一丁目,33.8625,132.71875,0.07100591715976332,0.9548234886828065,33.830928671423074,132.75664273811537,3.3976562388450082,4.55520187738514,0.08,0.92,0.1111111111111111,0.8888888888888888,17,6,True,3,50326537,4,3,祓川一丁目 / 住吉二丁目 / 住吉一丁目,33.8625,132.71875,1.861025983463266,-0.06479655197603915,-0.02774410439055708,0.38843967892038567,0,1,22.5,0.06479655197603915,0.02774410439055708,3,0.46153846153846156,0.7368421052631579,0.9736842105263158,0.6842105263157895,0.6410256410256411,0.782051282051282,0.6153846153846154,0.46153846153846156,0.7368421052631579,0.9736842105263158,0.6842105263157895,0.782051282051282,70.43184885290148,65.0,False,69.34547908232119,spatial_reconfiguration,,,33.830928671423074,132.75664273811537,15
2023-08,retrospective_partial,105,100,26,0.24761904761904763,1.0,17,50326602,4,0.15384615384615385,築山町 / 枝松一丁目 / 樽味四丁目,33.837500000000006,132.78125,0.07692307692307694,0.9546691837369874,33.835486846692305,132.75986024300002,2.536820912098455,3.1939697286203046,0.11538461538461539,0.8846153846153846,0.1111111111111111,0.8888888888888888,14,9,True,3,50326602,4,3,築山町 / 枝松一丁目 / 樽味四丁目,33.837500000000006,132.78125,2.3709703051727122,-0.028015194681861325,0.0008567115120968749,-2.658521829223279,0,1,20.5,0.028015194681861325,0.0008567115120968749,3,0.5128205128205128,0.8947368421052632,0.8947368421052632,0.39473684210526316,0.6410256410256411,0.6923076923076923,0.6153846153846154,0.5128205128205128,0.8947368421052632,0.8947368421052632,0.6153846153846154,0.6923076923076923,69.27800269905534,65.0,False,68.42240215924427,centroid_shift,,,33.835486846692305,132.75986024300002,16
2021-09,retrospective_partial,112,109,31,0.2767857142857143,1.0,22,50326622,6,0.1935483870967742,道後湯之町 / 道後多幸町 / 道後緑台,33.85416666666667,132.78125,0.07180020811654528,0.9408859312926895,33.85636493267742,132.75499643835485,4.802797236363678,4.852459794894013,0.20588235294117646,0.7941176470588236,0.25,0.75,15,12,True,2,50326640,2,2,吉藤二丁目 / 姫原二丁目,33.87083333333334,132.75625,2.780817061194477,1.3877787807814457e-17,-0.007016141293260003,2.3220162277346224,0,0,19.0,1.3877787807814457e-17,0.007016141293260003,2,0.6410256410256411,0.9473684210526315,0.5,0.02631578947368421,0.358974358974359,0.5897435897435898,0.7435897435897436,0.6410256410256411,0.9473684210526315,0.5,0.7435897435897436,0.5897435897435898,67.35155195681511,65.0,False,66.88124156545209,centroid_shift,,,33.85636493267742,132.75499643835485,17
2024-03,retrospective_partial,125,116,41,0.328,1.0,22,50326603,5,0.12195121951219512,樽味四丁目 / 正円寺一丁目 / 桑原二丁目,33.837500000000006,132.79375,0.06960142772159428,0.9280711537270755,33.84407161612195,132.76839967039024,3.5575028230573693,3.955060807769476,0.16279069767441862,0.8372093023255813,0.25,0.75,15,21,True,5,50326603,5,5,樽味四丁目 / 正円寺一丁目 / 桑原二丁目,33.837500000000006,132.79375,0.6344177510865343,0.01665003883270539,-0.014706798618811745,-0.038748756932419415,0,3,23.5,0.01665003883270539,0.014706798618811745,5,0.8205128205128205,0.2631578947368421,0.7105263157894737,0.2631578947368421,0.9358974358974359,0.8461538461538461,0.3333333333333333,0.8205128205128205,0.2631578947368421,0.7105263157894737,0.3333333333333333,0.9358974358974359,65.18218623481782,65.0,False,65.14574898785426,hotspot_emergence_or_surge,50326603,樽味四丁目 / 正円寺一丁目 / 桑原二丁目,33.837500000000006,132.79375,18
2024-08,retrospective_partial,106,100,25,0.2358490566037736,1.0,20,50326536,3,0.12,三津三丁目,33.8625,132.70624999999998,0.05919999999999999,0.9749492812415709,33.8479845198,132.75150230047998,4.014439446622633,4.511445927961664,0.16666666666666666,0.8333333333333334,0.0,1.0,16,4,True,3,50326536,3,3,三津三丁目,33.8625,132.70624999999998,1.3073854573375905,-0.08080000000000002,0.0009732496124499335,1.1625314309136519,0,0,12.5,0.08080000000000002,0.0009732496124499335,3,0.5512820512820513,0.5,0.6578947368421053,0.8947368421052632,0.6410256410256411,0.41025641025641024,0.28205128205128205,0.5512820512820513,0.5,0.6578947368421053,0.8947368421052632,0.6410256410256411,65.07085020242916,65.0,False,65.05668016194332,concentration_change,50326536,三津三丁目,33.8625,132.70624999999998,19
2021-12,retrospective_partial,138,128,43,0.3115942028985507,1.0,25,50326622,5,0.11627906976744186,道後湯之町 / 道後北代 / 道後喜多町,33.85416666666667,132.78125,0.05462412114656571,0.9525462180083976,33.83855248390698,132.76959245418604,3.0784915523689005,3.8299777568203757,0.3142857142857143,0.6857142857142857,0.0,1.0,14,10,True,5,50326622,5,5,道後湯之町 / 道後北代 / 道後喜多町,33.85416666666667,132.78125,1.9404470051498508,-0.007104273915162676,-0.011948962070106206,-0.14223064387251982,1,2,25.5,0.007104273915162676,0.011948962070106206,5,0.9487179487179487,0.8157894736842105,0.13157894736842105,0.15789473684210525,0.9358974358974359,0.8974358974358975,0.1794871794871795,0.9487179487179487,0.8157894736842105,0.13157894736842105,0.1794871794871795,0.9358974358974359,64.91565452091767,65.0,False,64.93252361673413,volume_spike,,,33.83855248390698,132.76959245418604,20
2022-11,retrospective_partial,132,126,35,0.26515151515151514,1.0,20,50325681,6,0.17142857142857143,朝生田町五丁目 / 立花三丁目 / 和泉南一丁目,33.82083333333334,132.76874999999998,0.07265306122448978,0.9420752725948344,33.84213149874286,132.76464069617143,3.298104697920857,4.093611350761993,0.3076923076923077,0.6923076923076923,0.0,1.0,12,6,True,6,50325681,6,6,朝生田町五丁目 / 立花三丁目 / 和泉南一丁目,33.82083333333334,132.76874999999998,0.15472287976245938,-0.006931713862015396,-0.03879510624589333,0.4919864242354488,0,1,31.0,0.006931713862015396,0.03879510624589333,6,0.8974358974358975,0.05263157894736842,0.18421052631578946,0.13157894736842105,0.9743589743589743,0.9487179487179487,0.6923076923076923,0.8974358974358975,0.05263157894736842,0.18421052631578946,0.6923076923076923,0.9743589743589743,64.193657219973,65.0,False,64.35492577597842,hotspot_emergence_or_surge,50325681,朝生田町五丁目 / 立花三丁目 / 和泉南一丁目,33.82083333333334,132.76874999999998,21
2023-05,retrospective_partial,89,85,30,0.33707865168539325,1.0,20,50326537,4,0.13333333333333333,住吉一丁目 / 三杉町 / 神田町,33.8625,132.71875,0.06888888888888886,0.950245007654518,33.84421907603333,132.75642390313334,2.917604393744521,3.8532013508834337,0.20833333333333334,0.7916666666666666,0.0,1.0,15,4,True,3,50326622,4,3,道後鷺谷町 / 道後湯之町,33.85416666666667,132.78125,1.8812919330358941,-0.07,-0.003107266452651136,0.33629842979015967,0,2,22.5,0.07,0.003107266452651136,3,0.38461538461538464,0.7631578947368421,0.47368421052631576,0.7894736842105263,0.6410256410256411,0.782051282051282,0.47435897435897434,0.38461538461538464,0.7631578947368421,0.47368421052631576,0.7894736842105263,0.782051282051282,63.50877192982456,65.0,False,63.80701754385965,concentration_change,50326622,道後鷺谷町 / 道後湯之町,33.85416666666667,132.78125,22
2022-09,retrospective_partial,113,106,28,0.24778761061946902,1.0,20,50326640,4,0.14285714285714285,鴨川一丁目 / 東長戸四丁目 / 吉藤二丁目,33.87083333333334,132.75625,0.0663265306122449,0.957336036238216,33.842398517,132.76148836678573,3.1246312333702755,3.725816105371683,0.25806451612903225,0.7419354838709677,0.1111111111111111,0.8888888888888888,12,11,True,4,50326640,4,4,鴨川一丁目 / 東長戸四丁目 / 吉藤二丁目,33.87083333333334,132.75625,1.3516369636176921,-0.004679386547518413,0.0025125475554094168,-0.27302500547473274,0,1,20.0,0.004679386547518413,0.0025125475554094168,4,0.6666666666666666,0.5789473684210527,0.35526315789473684,0.07894736842105263,0.8333333333333334,0.6410256410256411,0.5256410256410257,0.6666666666666666,0.5789473684210527,0.35526315789473684,0.5256410256410257,0.8333333333333334,62.02597840755736,65.0,False,62.62078272604589,hotspot_emergence_or_surge,50326640,鴨川一丁目 / 東長戸四丁目 / 吉藤二丁目,33.87083333333334,132.75625,23
2022-05,retrospective_partial,107,104,26,0.24299065420560748,1.0,21,50326612,3,0.11538461538461539,道後一万 / 岩崎町二丁目 / 持田町一丁目,33.84583333333333,132.78125,0.056213017751479306,0.9759745906786296,33.84818843934616,132.76198723726924,4.211654730136684,5.106812674131882,0.034482758620689655,0.9655172413793104,0.0,1.0,20,8,True,3,50326612,3,3,道後一万 / 岩崎町二丁目 / 持田町一丁目,33.84583333333333,132.78125,0.4935481883058022,-0.06378698224852072,-0.00888407110891698,-0.8033709056936686,0,0,12.5,0.06378698224852072,0.00888407110891698,3,0.5897435897435898,0.15789473684210525,1.0,0.6578947368421053,0.6410256410256411,0.41025641025641024,0.15384615384615385,0.5897435897435898,0.15789473684210525,1.0,0.6578947368421053,0.6410256410256411,61.29554655870446,65.0,False,62.03643724696357,spatial_reconfiguration,,,33.84818843934616,132.76198723726924,24
2025-06,exact_monthly,118,110,33,0.2796610169491525,1.0,24,50325671,4,0.12121212121212122,居相四丁目 / 居相五丁目 / 古川北四丁目,33.8125,132.76874999999998,0.054178145087236,0.9630303702047539,33.831690022848484,132.76549324933333,3.3895155291200316,4.0691407540952085,0.35135135135135137,0.6486486486486487,0.0,1.0,11,13,True,4,50325671,4,4,居相四丁目 / 居相五丁目 / 古川北四丁目,33.8125,132.76874999999998,2.035103114102667,0.0016781450872359951,0.006961794200228133,0.3203767901935368,0,1,18.0,0.0016781450872359951,0.006961794200228133,4,0.6086956521739131,0.8695652173913043,0.043478260869565216,0.043478260869565216,0.7391304347826086,0.6086956521739131,0.21739130434782608,0.6086956521739131,0.8695652173913043,0.043478260869565216,0.21739130434782608,0.7391304347826086,51.73913043478262,100.0,False,61.3913043478261,centroid_shift,,,33.831690022848484,132.76549324933333,25
2022-03,retrospective_partial,120,116,29,0.24166666666666667,1.0,19,50326622,6,0.20689655172413793,道後湯之町 / 道後鷺谷町 / 道後喜多町,33.85416666666667,132.78125,0.08442330558858502,0.9304073492672307,33.84583655913792,132.76249032162067,3.6788884877232175,3.392920522090077,0.35294117647058826,0.6470588235294117,0.1111111111111111,0.8888888888888888,7,15,True,4,50326622,6,4,道後湯之町 / 道後鷺谷町 / 道後喜多町,33.85416666666667,132.78125,0.16728405891072712,0.03871693439744928,-0.038991771358761085,0.43488330494437255,0,1,24.0,0.03871693439744928,0.038991771358761085,4,0.7692307692307693,0.07894736842105263,0.07894736842105263,0.5263157894736842,0.8333333333333334,0.8717948717948718,0.8461538461538461,0.7692307692307693,0.07894736842105263,0.07894736842105263,0.8461538461538461,0.8717948717948718,60.31713900134953,65.0,False,61.253711201079625,hotspot_emergence_or_surge,50326622,道後湯之町 / 道後鷺谷町 / 道後喜多町,33.85416666666667,132.78125,26
2023-02,retrospective_partial,88,85,26,0.29545454545454547,1.0,19,50326537,4,0.15384615384615385,住吉二丁目,33.8625,132.71875,0.07100591715976332,0.9548234886828065,33.85209032946154,132.75022972446155,4.364612859005158,4.508981285167817,0.12,0.88,0.0,1.0,16,6,True,3,50326622,3,3,道後湯月町 / 道後多幸町,33.85416666666667,132.78125,0.6586382336402131,-0.05296102498899702,-0.02179117998990665,-0.012334249129890118,0,1,22.5,0.05296102498899702,0.02179117998990665,3,0.358974358974359,0.2894736842105263,0.8552631578947368,0.5789473684210527,0.6410256410256411,0.782051282051282,0.6153846153846154,0.358974358974359,0.2894736842105263,0.8552631578947368,0.6153846153846154,0.782051282051282,58.004385964912274,65.0,False,59.40350877192982,spatial_reconfiguration,,,33.85209032946154,132.75022972446155,27
2022-06,retrospective_partial,118,116,34,0.288135593220339,1.0,22,50325692,4,0.11764705882352941,小坂二丁目 / 枝松六丁目 / 枝松五丁目,33.829166666666666,132.78125,0.06055363321799308,0.9544151815963609,33.836819474794126,132.76688128082355,3.0864225743414226,2.857772162412404,0.22857142857142856,0.7714285714285715,0.0,1.0,14,13,True,4,50325692,4,4,小坂二丁目 / 枝松六丁目 / 枝松五丁目,33.829166666666666,132.78125,1.3425459696566655,0.004340615466513771,-0.02155940908226872,-1.1252321557952611,0,1,20.0,0.004340615466513771,0.02155940908226872,4,0.6923076923076923,0.5526315789473685,0.42105263157894735,0.05263157894736842,0.8333333333333334,0.6410256410256411,0.24358974358974358,0.6923076923076923,0.5526315789473685,0.42105263157894735,0.24358974358974358,0.8333333333333334,57.61808367071525,65.0,False,59.0944669365722,hotspot_emergence_or_surge,50325692,小坂二丁目 / 枝松六丁目 / 枝松五丁目,33.829166666666666,132.78125,28
2021-11,retrospective_partial,104,103,27,0.25961538461538464,1.0,21,50326537,4,0.14814814814814814,住吉二丁目 / 元町,33.8625,132.71875,0.061728395061728385,0.9644951800785038,33.84141843114815,132.74886771114814,3.2207221962414203,3.7726497923351214,0.17857142857142858,0.8214285714285714,0.1111111111111111,0.8888888888888888,16,7,False,2,50326640,2,2,東長戸四丁目 / 吉藤五丁目,33.87083333333334,132.75625,1.5536062237888157,-0.030108339632149185,-0.017841632547820563,-0.6096476675405293,0,0,17.0,0.030108339632149185,0.017841632547820563,2,0.48717948717948717,0.6578947368421053,0.6052631578947368,0.4473684210526316,0.358974358974359,0.5512820512820513,0.5641025641025641,0.48717948717948717,0.6578947368421053,0.6052631578947368,0.5641025641025641,0.5512820512820513,56.19095816464237,65.0,False,57.9527665317139,centroid_shift,,,33.84141843114815,132.74886771114814,29
2022-02,retrospective_partial,95,90,38,0.4,1.0,27,50325682,3,0.07894736842105263,天山一丁目 / 天山三丁目 / 朝生田町一丁目,33.82083333333334,132.78125,0.045706371191135735,0.9693991206259918,33.844332468078946,132.76252817557895,3.244005182778845,3.8805142950059084,0.18181818181818182,0.8181818181818181,0.1111111111111111,0.8888888888888888,21,6,True,3,50326603,3,3,樽味四丁目 / 桑原四丁目,33.837500000000006,132.79375,1.5110597517285183,-0.0476269621421976,-0.008823272189293574,0.19664946853486942,0,0,12.5,0.0476269621421976,0.008823272189293574,3,0.4358974358974359,0.631578947368421,0.5657894736842105,0.5526315789473685,0.6410256410256411,0.41025641025641024,0.02564102564102564,0.4358974358974359,0.631578947368421,0.5657894736842105,0.5526315789473685,0.6410256410256411,55.93623481781377,65.0,False,57.74898785425102,hotspot_emergence_or_surge,50326603,樽味四丁目 / 桑原四丁目,33.837500000000006,132.79375,30
2023-06,retrospective_partial,143,134,31,0.21678321678321677,1.0,24,50325693,3,0.0967741935483871,畑寺一丁目 / 桑原六丁目 / 束本二丁目,33.829166666666666,132.79375,0.048907388137356914,0.976721662763761,33.829757145,132.77098957525806,2.673022108331789,3.2108347655156395,0.375,0.625,0.1111111111111111,0.8888888888888888,12,8,True,2,50326603,2,2,樽味四丁目,33.837500000000006,132.79375,2.0966212184093007,-0.019981500751531947,0.02647665510924302,-0.24458228541273197,0,0,11.0,0.019981500751531947,0.02647665510924302,2,0.9743589743589743,0.868421052631579,0.05263157894736842,0.3157894736842105,0.358974358974359,0.2564102564102564,0.07692307692307693,0.9743589743589743,0.868421052631579,0.05263157894736842,0.3157894736842105,0.358974358974359,53.46491228070176,65.0,False,55.77192982456141,volume_spike,,,33.829757145,132.77098957525806,31
2021-06,retrospective_partial,202,199,60,0.297029702970297,1.0,30,50325682,7,0.11666666666666667,天山一丁目,33.82083333333334,132.78125,0.048888888888888905,0.9447013180741368,33.83947906325,132.7628328295667,3.2712877526285125,3.88660342839003,,,,,0,0,False,7,,0,0,,,,,,,,4,3,33.5,,,0,1.0,0.0,0.0,0.0,0.02564102564102564,0.9743589743589743,0.20512820512820512,1.0,0.0,0.0,0.20512820512820512,0.9743589743589743,53.46153846153846,65.0,True,55.769230769230774,source_boundary_opening,,,33.83947906325,132.7628328295667,32
2026-07,exact_monthly,74,71,22,0.2972972972972973,1.0,16,50325597,3,0.13636363636363635,南吉田町 / 高岡町,33.829166666666666,132.71875,0.07851239669421486,0.9613377341556092,33.84056681390909,132.76126909527272,3.6308769423773857,3.884308390171978,0.17391304347826086,0.8260869565217391,0.1111111111111111,0.8888888888888888,12,7,True,3,50326622,3,3,道後湯之町,33.85416666666667,132.78125,0.24515853594646395,-0.018709825528007373,-0.026771357418511443,-0.06687222922860281,1,0,18.5,0.018709825528007373,0.026771357418511443,3,0.391304347826087,0.043478260869565216,0.6521739130434783,0.21739130434782608,0.5869565217391305,0.6521739130434783,0.391304347826087,0.391304347826087,0.043478260869565216,0.6521739130434783,0.391304347826087,0.6521739130434783,44.34782608695652,100.0,False,55.47826086956522,spatial_reconfiguration,,,33.84056681390909,132.76126909527272,33
2022-12,retrospective_partial,131,127,46,0.3511450381679389,1.0,24,50325692,5,0.10869565217391304,枝松五丁目 / 小坂四丁目 / 小坂五丁目,33.829166666666666,132.78125,0.05671077504725898,0.9492730760147035,33.83752124932609,132.7618006564565,3.2901875259013327,3.249949768323826,0.41935483870967744,0.5806451612903225,0.25,0.75,11,7,True,3,50326602,4,3,湯渡町 / 中村一丁目 / 紅葉町,33.837500000000006,132.78125,0.5758461483971522,-0.0159422861772308,0.0071978034198690866,-0.007917172019524354,0,2,22.5,0.0159422861772308,0.0071978034198690866,3,0.8717948717948718,0.21052631578947367,0.02631578947368421,0.23684210526315788,0.6410256410256411,0.782051282051282,0.1282051282051282,0.8717948717948718,0.21052631578947367,0.02631578947368421,0.23684210526315788,0.782051282051282,49.63562753036437,65.0,False,52.7085020242915,volume_spike,,,33.83752124932609,132.7618006564565,34
2023-03,retrospective_partial,127,123,29,0.2283464566929134,1.0,19,50325672,3,0.10344827586206896,東石井五丁目 / 東石井三丁目 / 東石井四丁目,33.8125,132.78125,0.06539833531510107,0.9628775442143533,33.86441993503448,132.76173516020688,5.499289144645314,5.870989033477277,0.26666666666666666,0.7333333333333334,0.1111111111111111,0.8888888888888888,11,11,True,2,50327672,2,2,北条,33.97916666666667,132.78125,1.7344447847645905,-0.005607581844662243,0.008054055531546811,1.1346762856401558,0,0,12.0,0.005607581844662243,0.008054055531546811,2,0.8461538461538461,0.7105263157894737,0.2631578947368421,0.10526315789473684,0.358974358974359,0.358974358974359,0.10256410256410256,0.8461538461538461,0.7105263157894737,0.2631578947368421,0.10526315789473684,0.358974358974359,46.838731443994604,65.0,False,50.470985155195685,volume_spike,,,33.86441993503448,132.76173516020688,35
2025-07,exact_monthly,65,64,15,0.23076923076923078,0.75,13,50325597,2,0.13333333333333333,高岡町 / 南吉田町,33.829166666666666,132.71875,0.08444444444444445,0.9837273962594129,33.84391853140001,132.74367114006668,4.279681184606146,4.093471634646927,0.23333333333333334,0.7666666666666666,0.25,0.75,6,17,True,1,50325599,2,2,空港通一丁目,33.829166666666666,132.74375,2.431289452743027,0.030266299357208447,0.02069702605465895,0.8901656554861148,0,0,9.5,0.030266299357208447,0.02069702605465895,2,0.30434782608695654,0.9130434782608695,0.391304347826087,0.43478260869565216,0.41304347826086957,0.21739130434782608,0.32608695652173914,0.30434782608695654,0.6847826086956521,0.29347826086956524,0.32608695652173914,0.30978260869565216,36.54891304347826,100.0,False,49.23913043478261,centroid_shift,,,33.84391853140001,132.74367114006668,36
2024-06,retrospective_partial,111,107,43,0.38738738738738737,1.0,25,50326622,4,0.09302325581395349,道後湯之町 / 道後多幸町 / 道後喜多町,33.85416666666667,132.78125,0.04921579232017307,0.9668424410810543,33.83800082872092,132.7608217797442,3.627934475056411,3.8816892002212073,0.3055555555555556,0.6944444444444444,0.0,1.0,14,11,True,2,50325682,3,3,朝生田町一丁目 / 星岡二丁目,33.82083333333334,132.78125,0.8815373834036263,-0.008635447349248412,0.003884292942769374,0.5387090750936356,0,0,17.0,0.008635447349248412,0.003884292942769374,3,0.6153846153846154,0.34210526315789475,0.21052631578947367,0.18421052631578946,0.6410256410256411,0.5512820512820513,0.05128205128205128,0.6153846153846154,0.34210526315789475,0.21052631578947367,0.18421052631578946,0.6410256410256411,43.383940620782724,65.0,False,47.70715249662618,hotspot_emergence_or_surge,50325682,朝生田町一丁目 / 星岡二丁目,33.82083333333334,132.78125,37
2023-09,retrospective_partial,119,104,31,0.2605042016806723,1.0,22,50326622,4,0.12903225806451613,道後湯之町 / 道後湯月町,33.85416666666667,132.78125,0.05723204994797084,0.9662744915866742,33.838589605967734,132.7558847514194,3.790300332874477,4.415653668073441,0.25806451612903225,0.7419354838709677,0.1111111111111111,0.8888888888888888,14,9,True,1,50325692,2,2,小坂四丁目,33.829166666666666,132.78125,0.5038407642321552,-0.0196910269751061,0.01160530784968683,1.253479420776022,0,0,11.5,0.0196910269751061,0.01160530784968683,2,0.7307692307692307,0.18421052631578946,0.35526315789473684,0.2894736842105263,0.358974358974359,0.3076923076923077,0.3974358974358974,0.7307692307692307,0.18421052631578946,0.35526315789473684,0.3974358974358974,0.358974358974359,43.284412955465584,65.0,False,47.62753036437247,volume_spike,,,33.838589605967734,132.7558847514194,38
2025-04,exact_monthly,78,71,15,0.19230769230769232,0.75,12,50325663,2,0.13333333333333333,来住町,33.80416666666666,132.79375,0.09333333333333334,0.9782223928152853,33.836595725,132.76403522206667,3.4671058589373116,4.422951525397035,0.21428571428571427,0.7857142857142857,0.25,0.75,6,16,True,1,50326630,1,1,山越三丁目,33.8625,132.75625,0.6559318738658527,0.04257887517146778,-0.004978496165474189,0.30724833358360426,0,0,10.0,0.04257887517146778,0.004978496165474189,1,0.43478260869565216,0.34782608695652173,0.4782608695652174,0.5652173913043478,0.17391304347826086,0.30434782608695654,0.32608695652173914,0.43478260869565216,0.2608695652173913,0.3586956521739131,0.42391304347826086,0.2282608695652174,34.34782608695652,100.0,False,47.47826086956522,volume_spike,,,33.836595725,132.76403522206667,39
2023-07,retrospective_partial,50,45,18,0.36,0.9,12,50325693,3,0.16666666666666666,松末一丁目 / 束本二丁目 / 束本一丁目,33.829166666666666,132.79375,0.10493827160493827,0.9538124722248905,33.856565670500004,132.75598906150003,5.195342741321734,5.187884225168273,0.2413793103448276,0.7586206896551724,0.42857142857142855,0.5714285714285714,5,17,False,0,50327560,2,2,中島大浦,33.97083333333333,132.63125,3.287166799145836,0.05603088346758135,-0.022909190538870527,2.522320632989945,0,0,11.5,0.05603088346758135,0.022909190538870527,2,0.16666666666666666,0.9736842105263158,0.39473684210526316,0.631578947368421,0.358974358974359,0.3076923076923077,0.6666666666666666,0.16666666666666666,0.8763157894736843,0.35526315789473684,0.6,0.3230769230769231,42.71727395411606,65.0,False,47.17381916329285,centroid_shift,,,33.856565670500004,132.75598906150003,40
2025-09,exact_monthly,98,92,23,0.23469387755102042,1.0,17,50325579,2,0.08695652173913043,保免西三丁目 / 市坪西町,33.8125,132.74375,0.06616257088846882,0.9790481237495696,33.84937638491304,132.76232025752174,5.007885400317422,4.894425512948281,0.2903225806451613,0.7096774193548387,0.25,0.75,8,14,True,1,50327651,1,1,柳原,33.962500000000006,132.76874999999998,0.560550931547322,0.0049380810925504295,0.02906672429119206,1.06343174020228,0,0,11.5,0.0049380810925504295,0.02906672429119206,1,0.5217391304347826,0.2608695652173913,0.17391304347826086,0.13043478260869565,0.17391304347826086,0.43478260869565216,0.08695652173913043,0.5217391304347826,0.2608695652173913,0.17391304347826086,0.13043478260869565,0.43478260869565216,33.04347826086956,100.0,False,46.434782608695656,volume_spike,,,33.84937638491304,132.76232025752174,41
2025-03,exact_monthly,114,103,27,0.23684210526315788,1.0,22,50325671,2,0.07407407407407407,居相四丁目 / 居相五丁目,33.8125,132.76874999999998,0.05075445816186556,0.9832008889807595,33.84229250085185,132.7658785225185,3.1598575253537073,3.7013626220011275,0.30303030303030304,0.696969696969697,0.25,0.75,12,11,True,0,50326620,2,2,中央一丁目 / 山越六丁目,33.85416666666667,132.75625,0.29647777255989727,-0.020179797893497768,0.040987068587843845,-0.35278428532750716,0,0,11.0,0.020179797893497768,0.040987068587843845,2,0.5652173913043478,0.08695652173913043,0.13043478260869565,0.2608695652173913,0.41304347826086957,0.391304347826087,0.043478260869565216,0.5652173913043478,0.08695652173913043,0.13043478260869565,0.2608695652173913,0.41304347826086957,32.93478260869565,100.0,False,46.347826086956516,volume_spike,,,33.84229250085185,132.7658785225185,42
2026-04,exact_monthly,61,52,14,0.22950819672131148,0.7,10,50325579,3,0.21428571428571427,保免中二丁目 / 市坪西町 / 保免中三丁目,33.8125,132.74375,0.12244897959183673,0.9578791966200297,33.84259646950001,132.76287988814286,3.4723350878083017,3.7434133022721308,0.2413793103448276,0.7586206896551724,0.25,0.75,3,19,False,-2,50327631,1,1,河野中須賀,33.94583333333334,132.76874999999998,0.8491354562014632,0.0697630291786136,0.006174650983544305,-1.2785572234742486,0,0,10.0,0.0697630291786136,0.006174650983544305,1,0.2391304347826087,0.391304347826087,0.34782608695652173,0.9130434782608695,0.17391304347826086,0.30434782608695654,0.782608695652174,0.2391304347826087,0.27391304347826084,0.2434782608695652,0.6391304347826087,0.21304347826086956,31.84782608695652,100.0,False,45.47826086956522,concentration_change,50327631,河野中須賀,33.94583333333334,132.76874999999998,43
2026-06,exact_monthly,61,56,12,0.19672131147540983,0.6,11,50325692,2,0.16666666666666666,中村三丁目 / 中村四丁目,33.829166666666666,132.78125,0.09722222222222224,0.9881090915741206,33.840157356,132.76387736108333,3.6977491716059885,4.083511008180807,0.058823529411764705,0.9411764705882353,0.0,1.0,10,6,True,2,50325692,2,2,中村三丁目 / 中村四丁目,33.829166666666666,132.78125,0.6458880419113266,-0.04563492063492061,-0.011890908425879254,0.5953132591194485,0,0,7.0,0.04563492063492061,0.011890908425879254,2,0.2391304347826087,0.30434782608695654,0.9565217391304348,0.6086956521739131,0.41304347826086957,0.13043478260869565,0.5652173913043478,0.2391304347826087,0.1826086956521739,0.5739130434782609,0.3652173913043478,0.24782608695652172,30.826086956521742,100.0,False,44.660869565217396,spatial_reconfiguration,,,33.840157356,132.76387736108333,44
2023-04,retrospective_partial,61,57,12,0.19672131147540983,0.6,9,50325670,3,0.25,古川西一丁目 / 古川北一丁目,33.8125,132.75625,0.13888888888888887,0.9533522741071692,33.82763486625,132.76045492566666,2.581305963954361,2.656772902432275,0.21739130434782608,0.782608695652174,0.1111111111111111,0.8888888888888888,4,14,True,1,50325579,2,2,保免西二丁目 / 余戸東一丁目,33.8125,132.74375,4.092027079200712,0.0734905535737878,-0.00952527010718418,-2.9179831806909524,0,0,11.5,0.0734905535737878,0.00952527010718418,2,0.28205128205128205,1.0,0.4473684210526316,0.8157894736842105,0.358974358974359,0.3076923076923077,0.9615384615384616,0.28205128205128205,0.6,0.26842105263157895,0.5769230769230769,0.21538461538461537,37.000674763832656,65.0,False,42.60053981106613,centroid_shift,,,33.82763486625,132.76045492566666,45
2024-04,retrospective_partial,49,46,13,0.2653061224489796,0.65,9,50326622,3,0.23076923076923078,道後湯之町 / 祝谷三丁目,33.85416666666667,132.78125,0.13609467455621305,0.9549080284177106,33.84823478246154,132.7594652610769,2.6716684792001355,3.732140610260164,0.10714285714285714,0.8928571428571429,0.1111111111111111,0.8888888888888888,6,19,True,-2,50326630,2,2,姫原三丁目 / 問屋町,33.8625,132.75625,0.946096586581891,0.06649324683461877,0.026836874690635115,-0.8858343438572338,0,0,13.0,0.06649324683461877,0.026836874690635115,2,0.11538461538461539,0.3684210526315789,0.9210526315789473,0.7105263157894737,0.358974358974359,0.48717948717948717,0.9230769230769231,0.11538461538461539,0.2394736842105263,0.5986842105263158,0.6000000000000001,0.31666666666666665,35.37365047233469,65.0,False,41.29892037786775,concentration_change,50326630,姫原三丁目 / 問屋町,33.8625,132.75625,46
2025-10,exact_monthly,58,53,11,0.1896551724137931,0.55,9,50326537,2,0.18181818181818182,神田町 / 元町,33.8625,132.71875,0.12396694214876033,0.9766146686727132,33.85891142463636,132.76123766863637,4.311602001442852,4.547138598586113,0.13043478260869565,0.8695652173913043,0.1111111111111111,0.8888888888888888,6,14,True,0,50327642,1,1,河野別府,33.954166666666666,132.78125,1.0649520623758817,0.05780437126029152,-0.002433455076856439,-0.69628339887457,0,0,8.0,0.05780437126029152,0.002433455076856439,1,0.17391304347826086,0.4782608695652174,0.8260869565217391,0.782608695652174,0.17391304347826086,0.17391304347826086,0.6739130434782609,0.17391304347826086,0.2630434782608696,0.45434782608695656,0.4304347826086957,0.09565217391304348,26.108695652173918,100.0,False,40.88695652173914,spatial_reconfiguration,,,33.85891142463636,132.76123766863637,47
2021-10,retrospective_partial,50,49,14,0.28,0.7,12,50326537,2,0.14285714285714285,住吉二丁目 / 三津三丁目,33.8625,132.71875,0.09183673469387757,0.9823368126263243,33.84952999807143,132.76256493914283,3.8303698637819497,4.538293246607095,0.13333333333333333,0.8666666666666667,0.1111111111111111,0.8888888888888888,8,18,True,2,50326537,2,2,住吉二丁目 / 三津三丁目,33.8625,132.71875,1.0325153232658497,0.020036526577332292,0.04145088133363484,-0.9724273725817283,0,0,13.0,0.020036526577332292,0.04145088133363484,2,0.16666666666666666,0.39473684210526316,0.8157894736842105,0.34210526315789475,0.358974358974359,0.48717948717948717,0.5256410256410257,0.16666666666666666,0.2763157894736842,0.5710526315789474,0.3679487179487179,0.341025641025641,32.761808367071524,65.0,False,39.20944669365722,spatial_reconfiguration,,,33.84952999807143,132.76256493914283,48
2023-12,retrospective_partial,92,87,23,0.25,1.0,19,50326537,3,0.13043478260869565,住吉一丁目 / 住吉二丁目,33.8625,132.71875,0.06238185255198487,0.9752790414250258,33.836007736478265,132.76696007900003,3.4414741453404587,4.269443540609072,0.3125,0.6875,0.25,0.75,9,13,True,-2,50326604,1,1,東野四丁目,33.837500000000006,132.80625,1.3345701215737986,-0.021115846330329376,0.06967230762205079,-0.12630712493326213,0,0,9.5,0.021115846330329376,0.06967230762205079,1,0.41025641025641024,0.5263157894736842,0.15789473684210525,0.3684210526315789,0.11538461538461539,0.07692307692307693,0.4358974358974359,0.41025641025641024,0.5263157894736842,0.15789473684210525,0.4358974358974359,0.11538461538461539,32.1221322537112,65.0,False,38.69770580296896,centroid_shift,,,33.836007736478265,132.76696007900003,49
2024-10,exact_monthly,57,55,11,0.19298245614035087,0.55,10,50326537,2,0.18181818181818182,中須賀三丁目 / 住吉二丁目,33.8625,132.71875,0.10743801652892562,0.9866599586738648,33.84947534381818,132.75519977509092,3.496631456774722,3.803906056949436,0.20689655172413793,0.7931034482758621,0.25,0.75,4,19,True,-1,50327631,1,1,河野中須賀,33.94583333333334,132.76874999999998,1.2052526156627876,-0.002565543456834435,0.13054093335112837,0.3808100656653095,0,0,6.0,0.002565543456834435,0.13054093335112837,1,0.13043478260869565,0.6086956521739131,0.5652173913043478,0.08695652173913043,0.17391304347826086,0.06521739130434782,0.6739130434782609,0.13043478260869565,0.33478260869565224,0.3108695652173913,0.3706521739130435,0.09565217391304348,22.75,100.0,False,38.2,concentration_change,50327631,河野中須賀,33.94583333333334,132.76874999999998,50
2023-10,retrospective_partial,75,73,14,0.18666666666666668,0.7,11,50325681,3,0.21428571428571427,朝生田町三丁目 / 朝生田町一丁目,33.82083333333334,132.76874999999998,0.11224489795918367,0.96110093337444,33.83186224514286,132.76451440935713,2.594617784859952,3.1980645591226486,0.2692307692307692,0.7307692307692308,0.1111111111111111,0.8888888888888888,4,15,True,1,50326620,1,1,六軒家町,33.85416666666667,132.75625,1.0931097693074805,0.05501284801121283,-0.005173558212234197,-1.195682548014525,0,0,9.5,0.05501284801121283,0.005173558212234197,1,0.3333333333333333,0.4473684210526316,0.23684210526315788,0.6052631578947368,0.11538461538461539,0.07692307692307693,0.8717948717948718,0.3333333333333333,0.3131578947368421,0.16578947368421051,0.6102564102564102,0.08076923076923077,29.741902834008094,65.0,False,36.79352226720648,concentration_change,50326620,六軒家町,33.85416666666667,132.75625,51
2023-01,retrospective_partial,51,47,11,0.21568627450980393,0.55,9,50325670,2,0.18181818181818182,古川西一丁目,33.8125,132.75625,0.12396694214876033,0.9766146686727132,33.85042227918182,132.75707336054543,4.376947108135048,4.533567020884513,0.13793103448275862,0.8620689655172413,0.25,0.75,5,20,True,0,50326538,2,2,古三津三丁目 / 会津町,33.8625,132.73125,1.499494929974196,0.06725616710150135,0.027341592658009728,1.0867595822337153,0,0,10.0,0.06725616710150135,0.027341592658009728,2,0.20512820512820512,0.6052631578947368,0.7763157894736842,0.7368421052631579,0.358974358974359,0.1794871794871795,0.717948717948718,0.20512820512820512,0.3328947368421053,0.42697368421052634,0.4052631578947368,0.19743589743589746,29.567392037786778,65.0,False,36.653913630229425,spatial_reconfiguration,,,33.85042227918182,132.75707336054543,52
2025-01,exact_monthly,54,49,9,0.16666666666666666,0.45,8,50326622,2,0.2222222222222222,道後湯之町,33.85416666666667,132.78125,0.13580246913580246,0.9825675930733636,33.84443525955555,132.76266514933332,3.0147004691961974,3.1813645405572024,0.07142857142857142,0.9285714285714286,0.1111111111111111,0.8888888888888888,6,20,False,-6,50326621,1,1,道後樋又,33.85416666666667,132.76874999999998,0.3493925044507205,0.05131493450976374,0.07431241577508207,0.07630506758346689,0,0,10.0,0.05131493450976374,0.07431241577508207,1,0.08695652173913043,0.17391304347826086,0.9130434782608695,0.6956521739130435,0.17391304347826086,0.30434782608695654,0.8260869565217391,0.08695652173913043,0.0782608695652174,0.41086956521739126,0.3717391304347826,0.13695652173913045,20.369565217391305,100.0,False,36.29565217391304,spatial_reconfiguration,,,33.84443525955555,132.76266514933332,53
2026-05,exact_monthly,70,67,7,0.1,0.35,7,50325671,1,0.14285714285714285,居相四丁目,33.8125,132.76874999999998,0.14285714285714285,0.9999999999999999,33.83631401814286,132.769120835,3.10243591248654,2.8312745869818796,0.13333333333333333,0.8666666666666667,0.0,1.0,5,8,True,1,50326588,1,1,和気町二丁目,33.90416666666667,132.73125,0.9056792097211638,0.020408163265306117,0.04212080337997015,-0.36989917532176175,0,0,6.0,0.020408163265306117,0.04212080337997015,1,0.34782608695652173,0.43478260869565216,0.782608695652174,0.30434782608695654,0.17391304347826086,0.06521739130434782,0.45652173913043476,0.34782608695652173,0.15217391304347824,0.27391304347826084,0.15978260869565217,0.0608695652173913,19.804347826086953,100.0,False,35.84347826086956,volume_spike,,,33.83631401814286,132.769120835,54
2021-07,retrospective_partial,43,41,11,0.2558139534883721,0.55,9,50326537,3,0.2727272727272727,住吉二丁目,33.8625,132.71875,0.14049586776859505,0.9549655329584326,33.84527794018181,132.74322470518183,2.871488833970304,3.3610225881060174,0.18181818181818182,0.8181818181818181,0.1111111111111111,0.8888888888888888,3,24,True,0,50326620,1,1,六軒家町,33.85416666666667,132.75625,1.922292276690939,0.09160697887970615,0.010264214884295741,-0.39979891865820827,0,0,10.0,0.09160697887970615,0.010264214884295741,1,0.07692307692307693,0.7894736842105263,0.5657894736842105,0.9473684210526315,0.11538461538461539,0.1794871794871795,1.0,0.07692307692307693,0.4342105263157895,0.3111842105263158,0.55,0.09871794871794873,26.57194669365722,65.0,False,34.25755735492578,concentration_change,50326620,六軒家町,33.85416666666667,132.75625,55
2022-01,retrospective_partial,39,36,15,0.38461538461538464,0.75,12,50325577,2,0.13333333333333333,余戸南六丁目 / 余戸西四丁目,33.8125,132.71875,0.09333333333333334,0.9782223928152853,33.83768526446667,132.74825807406668,3.0473557142439756,3.8002733517377574,0.32142857142857145,0.6785714285714286,0.0,1.0,3,16,True,2,50325577,2,2,余戸南六丁目 / 余戸西四丁目,33.8125,132.71875,1.9728060037445516,0.03870921218676763,0.025676174806887775,-0.03113583812492493,0,0,10.0,0.03870921218676763,0.025676174806887775,2,0.05128205128205128,0.8421052631578947,0.10526315789473684,0.5,0.358974358974359,0.1794871794871795,0.47435897435897434,0.05128205128205128,0.631578947368421,0.07894736842105263,0.375,0.2692307692307692,26.170715249662617,65.0,False,33.936572199730094,centroid_shift,,,33.83768526446667,132.74825807406668,56
2026-01,exact_monthly,45,40,5,0.1111111111111111,0.25,4,50326537,2,0.4,住吉二丁目 / 住吉一丁目,33.8625,132.71875,0.28,0.9609640474436812,33.8338607346,132.7402659382,3.1534314014750726,3.998804296173939,0.05,0.95,0.0,1.0,3,16,True,2,50326537,2,2,住吉二丁目 / 住吉一丁目,33.8625,132.71875,2.8141587287322287,0.20011834319526628,0.013398080500638732,0.8366114350840452,0,0,13.0,0.20011834319526628,0.013398080500638732,2,0.043478260869565216,1.0,1.0,1.0,0.41304347826086957,0.4782608695652174,1.0,0.043478260869565216,0.25,0.25,0.25,0.11956521739130435,16.57608695652174,100.0,False,33.26086956521739,centroid_shift,,,33.8338607346,132.7402659382,57
2024-07,retrospective_partial,64,62,10,0.15625,0.5,8,50325681,2,0.2,朝生田町二丁目,33.82083333333334,132.76874999999998,0.14,0.9739760316291209,33.838854081200004,132.760421344,2.8519080157089816,3.0389584570141284,0.13793103448275862,0.8620689655172413,0.1111111111111111,0.8888888888888888,4,21,True,0,50326623,1,1,道後湯月町,33.85416666666667,132.79375,0.10183106878832698,0.09078420767982695,0.007133590548066615,-0.7760264593474293,0,0,9.5,0.09078420767982695,0.007133590548066615,1,0.3076923076923077,0.02631578947368421,0.7763157894736842,0.9210526315789473,0.11538461538461539,0.07692307692307693,0.782051282051282,0.3076923076923077,0.013157894736842105,0.3881578947368421,0.4605263157894737,0.057692307692307696,24.364878542510123,65.0,False,32.4919028340081,concentration_change,50326623,道後湯月町,33.85416666666667,132.79375,58
2022-10,retrospective_partial,57,57,17,0.2982456140350877,0.85,14,50325693,2,0.11764705882352941,桑原四丁目 / 畑寺二丁目,33.829166666666666,132.79375,0.07958477508650517,0.9808703788407277,33.84181582970589,132.76627230300002,2.8061182736854082,3.159282820358635,0.25925925925925924,0.7407407407407407,0.25,0.75,7,13,True,2,50325693,2,2,桑原四丁目 / 畑寺二丁目,33.829166666666666,132.79375,0.44655021600464,0.013258244474260272,0.02353434260251175,-0.31851295968486726,0,0,10.0,0.013258244474260272,0.02353434260251175,2,0.23076923076923078,0.13157894736842105,0.3026315789473684,0.21052631578947367,0.358974358974359,0.1794871794871795,0.24358974358974358,0.23076923076923078,0.11184210526315788,0.25723684210526315,0.20705128205128204,0.3051282051282051,23.074645748987855,65.0,False,31.459716599190283,hotspot_emergence_or_surge,50325693,桑原四丁目 / 畑寺二丁目,33.829166666666666,132.79375,59
2022-07,retrospective_partial,59,55,9,0.15254237288135594,0.45,8,50326622,2,0.2222222222222222,道後鷺谷町 / 道後湯之町,33.85416666666667,132.78125,0.13580246913580246,0.9825675930733636,33.84638378155556,132.76437542588891,3.0092165599246226,3.4627964438292667,0.2,0.8,0.1111111111111111,0.8888888888888888,3,17,True,-1,50326620,1,1,山越六丁目,33.85416666666667,132.75625,1.0883938440716703,0.07524883591780938,0.02815241147700276,-0.07720601441680008,0,0,10.0,0.07524883591780938,0.02815241147700276,1,0.2564102564102564,0.42105263157894735,0.5263157894736842,0.8421052631578947,0.11538461538461539,0.1794871794871795,0.8974358974358975,0.2564102564102564,0.18947368421052632,0.23684210526315788,0.40384615384615385,0.08076923076923077,22.90114709851552,65.0,False,31.320917678812418,concentration_change,50326620,山越六丁目,33.85416666666667,132.75625,60
2022-04,retrospective_partial,49,48,10,0.20408163265306123,0.5,9,50326537,2,0.2,三杉町 / 須賀町,33.8625,132.71875,0.12000000000000002,0.9848586617875466,33.852625413,132.7618434918,5.015025635830352,4.906781577637071,0.12,0.88,0.1111111111111111,0.8888888888888888,6,16,True,0,50327691,1,1,大浦,33.99583333333334,132.76874999999998,0.757246794915785,0.035576694411415005,0.054451312520315875,1.336137148107135,0,0,8.0,0.035576694411415005,0.054451312520315875,1,0.11538461538461539,0.3157894736842105,0.8552631578947368,0.47368421052631576,0.11538461538461539,0.02564102564102564,0.782051282051282,0.11538461538461539,0.15789473684210525,0.4276315789473684,0.391025641025641,0.057692307692307696,20.930330634278,65.0,False,29.7442645074224,spatial_reconfiguration,,,33.852625413,132.7618434918,61
2024-01,retrospective_partial,38,35,8,0.21052631578947367,0.4,7,50326622,2,0.25,道後湯之町 / 祝谷五丁目,33.85416666666667,132.78125,0.15625,0.979569764547061,33.836414376,132.7708943245,2.2085421790999864,2.4666673823314276,0.08333333333333333,0.9166666666666666,0.0,1.0,5,17,True,2,50326622,2,2,道後湯之町 / 祝谷五丁目,33.85416666666667,132.78125,0.3661782714515835,0.09386814744801514,0.004290723122035267,-1.2329319662404723,0,0,13.0,0.09386814744801514,0.004290723122035267,2,0.02564102564102564,0.10526315789473684,0.9473684210526315,0.9736842105263158,0.358974358974359,0.48717948717948717,0.9615384615384616,0.02564102564102564,0.042105263157894736,0.37894736842105264,0.38947368421052636,0.19487179487179487,19.618083670715254,65.0,False,28.694466936572205,concentration_change,50326622,道後湯之町 / 祝谷五丁目,33.85416666666667,132.78125,62
